id,name,category,subcategory,neighborhood,average_price_level,average_rating,latitude,longitude,photo_url
1,Bode do Nô Boa Viagem - Restaurante,gastronomia,restaurant,Boa Viagem,2,4.6,-8.124535,-34.904410899999995,https://places.googleapis.com/v1/places/ChIJbwXvbbMfqwcRYAnbBxpNVyI/photos/AaVGc3ld54JJmdA8ZzbqXurPnvmf8D1m_449pDoDixSYIxb8vL_g4GocDLlpr1UiOKCIj_TkMvU3Gip41rIAsnbQYlGWMJuuRLTVMv-WVCZVJahF1lhgh_k3ZZ6gdQFCP1208yp7bB_J_Cmp4Vxc7eXfG4qj2spG3t16LcoufGBjKUu-YQExk5uQGrpw4FqNKO5tzqMtr4HdJ0_uV6lhpNNiImgkKX4b2Xr_VLd339HF6Ahyvt_Pj6a7p-Kb4b6cYyr5VHJUo3kcjCsZ_gziIfkvsOiwP03Mwwpr5UDCA5qv3ZJsLfSIMO67oi8LdOkMxDnjGuUqctXNUVqRvSewFVceiAjYfy-PX9XUu0noWvAUugOJqmVQZfKkDbUbwwT8lFJK000KvPjy1g7Yi_-RSXYiJ-oQidGGmqkGBdvDE3oXemBIfQQ/media?maxWidthPx=480&key=AIzaSyAc-ZJG2uARUs32SfidagTCbx4NBiRLFNU
2,Beach Class Convention by MAI,gastronomia,hotel,Boa Viagem,2,4.5,-8.1131244,-34.898963699999996,https://places.googleapis.com/v1/places/ChIJT4sYB6kfqwcREEOEGrnzWgs/photos/AaVGc3mC6W1TKm2YNx2bgai-hUDgLL3JLcLiRsdBDfGqf2c_KprpWaQJEELyWxLJ65MVHx6-EY68kCf5ukJ6j-dSTnP5GNWe7dDFoOEM4u82YUQs796vXCdigAx-ixImdDn5ftws_cRPeO5UvZigiClxmVRdWaStJDb-RZYdYppw0hOs-5ukqOQfRtFgjmvd6g_1ema36yi-Vb0e4MIz6KdTcYMJ0vZGdXT1Diy8nivXuA2erbzvdxT8MsFNakySZ5IHJ0NxxL2S0dMh1A4YfPI27uTMfbaeH8SpNRWbrgYaatg5A-08jazF9T5syLmGclQlbYUCmF9NPFZxJvNvDd1HCf-BPnPSBaM7zXnRDdB5ToImz2vXU2NZdQmpsaMNfv7MyZBeXCx8u_VQEWFCFI7ztJLVDCepGr3t5FuwrkYWIDh39VGK/media?maxWidthPx=480&key=AIzaSyAc-ZJG2uARUs32SfidagTCbx4NBiRLFNU
3,Bar do Cuscuz,gastronomia,restaurant,Boa Viagem,2,4.7,-8.1189584,-34.9014259,https://places.googleapis.com/v1/places/ChIJ20pasMcfqwcRVFcXrDOP9dg/photos/AaVGc3mLSHN2Zd21SPiD-6fm2SXe7CzcAVi07qmJJioXgkgf97aBniyWj74VCnT9fl-W9CEpNKr0v1dxa1GKM3ZJdNkTl7_pFFjUNpxIaXfUmEjAToycZlNTaP3ezH9uDU9U2Gg7YWEcCfrzQ5dSG5TQN8IKRFXXNh-f0jWUdQXMUc0iwUAxp_HsFIRxu0ul9K-HrQq2bxIEaUW9ECd9TZIvzsTqlihu_UukOKV6N02lbAyEpXNl9f8_jXbLaOmeFQtOUvbzS6EU_Ba11er-MUI2j5f9RO0cSrcXKgLN6ijHIYuKVHe8yoj_BcAQW_epoJQa67OZXCsukJVSm-vtZydNjA-astVvgH_3eh0YORyNowOmaGVREyHzrspGQu8dmP-TqZGR-pDNrkKdbBabUI5fnwuzNXkhlR9iuamOmMCBjeGuVM7S/media?maxWidthPx=480&key=AIzaSyAc-ZJG2uARUs32SfidagTCbx4NBiRLFNU
4,Restaurante Parraxaxá Boa Viagem,gastronomia,restaurant,Boa Viagem,2,4.6,-8.127996600000001,-34.9021569,https://places.googleapis.com/v1/places/ChIJFVKK7RIfqwcRwxXtJoRDhsI/photos/AaVGc3l1ZAvx0E3-IL1gf2ZyQrZsVYyrvq1biTSZfCsCD2pZVvp7KootyVMYxOZXlaDavyeAv9PJR-Dydq3x4mfAlkEKmDYznPK1JVBDwJUsigbwCX8vB3KgrnhUxea30dqmH0XGiYSRVUxKa6ewBdbhP3CXRx9L361AThbXsApx7wFru_Mt59sO4PEuw8XPmfdUPrP5Rc-AnrX70yHNcgd9MLSnfCvYSWfBPoF-XhW94WiNxwdn_UqsGc9abXM1KeqlWitV5quy17CVMZzL766CdM7XITefifD5AeUWjR2-Z2EbeA5l_AYYJ80PZK2GJMLzVXmgXFiO49LQ1zhC9XTgiNVQ2N-9ex8MvqwXA4AMPPF-LXlYmmZiBhjqmiW9r6vjpxkm4vi4hQVOJWtFBJVn0tCiFahF6EHR8VF5QFAOstOHmQ/media?maxWidthPx=480&key=AIzaSyAc-ZJG2uARUs32SfidagTCbx4NBiRLFNU
5,Coco Bambu Shopping Recife,gastronomia,seafood_restaurant,Boa Viagem,3,4.8,-8.1194359,-34.902791,https://places.googleapis.com/v1/places/ChIJuYuRia0fqwcRwMSXnvojpsQ/photos/AaVGc3lwjrdGas70lyn84zzA4oXc1viUzzIwwomffaJ-nsTA0VfWBUqtEIWPPG4YpNnKK2DslKc27VMOINkHdIcpA6HzypeVwN6r5F4UekGhVrkV_d1MPTW0aDnQB7Vd4StasYhroe9I_Iwj4xgSKYtKaYD52GFKC1uk8FM_36kB9WW2PLtXpMXMSJ5OX2TWmx-4q6bLmM8EqgdOCn76BVGJKmRcUZfRmnJMxwAu_5Wvvw1QSuoGXJtIhP_8GtOxditmJaHSMJSVDSGe_rMqymU3IFJYS08-xHFeUOQjeF_oMus-8eJ60nMhAOu9KTt6TbniPLgynGr765KOBXtWBSix7pPfODLk1Imu0siEG2R5dUgwgayvLL1yLQ1OUJ2Ipv1a8acti47PtFuoia6qpFaLgh6TE1rVt7HfzqCi1VuivwsjSA/media?maxWidthPx=480&key=AIzaSyAc-ZJG2uARUs32SfidagTCbx4NBiRLFNU
6,McDonald's,gastronomia,fast_food_restaurant,Boa Viagem,2,4.4,-8.1278542,-34.9010848,https://places.googleapis.com/v1/places/ChIJ539oWDQfqwcRyQeSA6FIWmw/photos/AaVGc3lsVVl6Q85fev1uQLZ2B6ggvw1FoANGA-GTTGzPCoe_DLrUVcl3z21EN7-M0EKHkwwgbIzosPca3qyVqFLtF8p1RG2kHwAxdgeeyywRIvKN0zkWWb2ipW4KddV8cXPReT8ejeNLZCZetRakZKLhJoT1ZKWn28N5530Y_ImvNezhszU90yzTanmjXjMfRZ3OzX8LnNsbFlGoAb9haLqwqRXNFX1qJOAUBS4bUKtleaj7xKzx-1NvaM6fenytDFinSOPhUoEmmR2VCxcYEthJaRmv6-JOwjDAMcBXMMdBqBdIk7YfFqXkmQW31qx3JGpxFAhAPjghZ-9QZyOj4ld9UYmixzNAzOgKH_kGVi5T5B79A6xYIzogLe6RnMHKcoiRcdAqIgPDFCddXwzfUkUr4dTsvft_2kebRa6IlOvz7Cfstg/media?maxWidthPx=480&key=AIzaSyAc-ZJG2uARUs32SfidagTCbx4NBiRLFNU
7,Ponteio Churrascaria,gastronomia,barbecue_restaurant,Boa Viagem,2,4.6,-8.1301618,-34.902904,https://places.googleapis.com/v1/places/ChIJVVVVVQYfqwcRhYNrpl8MH4M/photos/AaVGc3lSpHYPm3_eQ8K-WVZRVqK-xjRQA2A-u4veUciHVJJ6BOqhjA0z4jGt5HwoVOB4cRxZ5zub21bUJauJGGKpVvPNPHtoJdWx1D0Xx9WNUt4W8skp0iAuvWMyXUaIee1_0yurrLkrytOvcsH2ZOPdbdXlVYe7PIcsN9zS70nWurhIYq9P5LvhoZgYrSFUUNGfjd4pxRzBqS6WuklkzVmRt-sJLwcT9MFjS_RkfdT6rrBwmIfpjGHPtbmFY5K71aZHfth-EYTAtPigxntc08zwppDojd3jqm7Ic6XPCgfh9U1e0oRyYwT7WsMwuKmaD2rE-H99GUwfGOS7pzZZ-4EUcZg3CSSD7g2PPsAY42Pk4UuLniGs7pcdCats6Ohugbskuumo5RczFBVqwoRHlrzLLy5g9qb0bTjIzolCfePvD6sRaJ_c/media?maxWidthPx=480&key=AIzaSyAc-ZJG2uARUs32SfidagTCbx4NBiRLFNU
8,Entre Amigos O Bode,gastronomia,restaurant,Boa Viagem,3,4.6,-8.128961,-34.9030906,https://places.googleapis.com/v1/places/ChIJWzkCccofqwcRQ-XOL1g4g3k/photos/AaVGc3nRZzMOsvtqjYS_DX5iZKPARBJcNe0C8dCfXpGhTQ6TYl7id0hCT4axVNi5eJo42s4nUndqiZ3eo3u2-eErbuZVnqS7X4IReMkou0n3tRRxWMkfwXRC8iPnlpyfP21TUA8VW1JAMJiZQZk_VHdD1NBekdBDOJbtWteaILrt8LqAWJglTfJQE9xSRgipylK862Y2ExJPJN31CqRMGp_P_Gsd7ZD_pRzH1Z3KOZq24vDGNTQoIMJVwl6PLwJqQvkG_EKluUWGDSWllhUHmuWuH3IYum0EFI-XIIxgUY_MiG6s2hJ0yWMZ2ATi0UH6rtA5gfeShqkw_jC9nd6BXK0m6iPXRF2ZGTGQIg5ygxzeV2mqMcA5EV5HGgo5Ztwo3c9DzbeuNKiTCVhNAGdzHGSTCFjHWjT9p2jy6eZONjSvk_6ps9KaZpqxjUSkljPtm18R/media?maxWidthPx=480&key=AIzaSyAc-ZJG2uARUs32SfidagTCbx4NBiRLFNU
9,Bugan Hotel Recife by Atlantica,gastronomia,hotel,Boa Viagem,2,4.6,-8.1290891,-34.9011506,https://places.googleapis.com/v1/places/ChIJGYKnB8ofqwcRBjx1xTNnFkI/photos/AaVGc3kmo42sARtKU1Or2RZBPBhrlYyC6AQPAViwrdEwa7rVqYxoNZBQksxmODIwsotOD7faZcTwwivec3-ErWiMaJgFIxIFNJdFu_0D8N68rM6re-5lOem6d1EXFYhMCFDzt6WFHLbYWE0Xn1WrXQi35KF5lx_lEHKbRJ8s3IQ4-tfaqTmSYJiSyT3sxBzVpq5vx1UKNfGZ89hFtYhmgBk9jRTOK7XLNv98w22UMPhkK49O8Jm4jVp9k6KGJ1-5DX5lz02WSb83YYchyj2DC9LSCLFsoBWoW27QfoRubHHRZ1upX2nG06soW60si2mlBzTBW98ogCHcld7cZFPlvNml-3HNr7_HLf350PveMdYz-fRLitQjK3lD0fePy8jr2jNLp65-bJdtux42mmT5sK1SP8UbLUVoxShQ8XusSey8QTcSiZfx/media?maxWidthPx=480&key=AIzaSyAc-ZJG2uARUs32SfidagTCbx4NBiRLFNU
10,Capitão Gancho Pizzaria,gastronomia,pizza_restaurant,Boa Viagem,2,4.7,-8.1289745,-34.9023713,https://places.googleapis.com/v1/places/ChIJXwN12wofqwcRCcZ9Lekf5A4/photos/AaVGc3lfAXHMUTSBhGgOBNv9ywdqtSJeznvvi9I4y6ZMqgg_dBi_Vvm6LsEmK1amCsWH2HomfFNeBWqGwiZNMZQfvbfqwMxraQx9bqwX0zfUg49JbU068xuK_NrwfKSq1gKB9-pBWdRF0r-4N6J2_KqUr67iS759HmqYTECEG-b0elRgg1yjaONZdHJUTQGztM0cYSIlce_hx-ggG4n7gq0r_NAAAVTXsLn4J9b0PRS3Zi9eZfEbYQRlaqem40fC6T5Um_V38z6Ka7iFNVjZk5NUgvz49ZJqEZtrdFGlplu1NNHtu1nZKcGpECoqISorCy3iB1IlrjeAJc5hWuJK9FbWIxnIRwyUI8f_SNGZm7S-fwD4yaRFo2UiMlnF0_lINmFQBbI5hRMgUw3Cnq2wmiaiVtyamzn4ZnnhSI_WTTdL9-pEaQ/media?maxWidthPx=480&key=AIzaSyAc-ZJG2uARUs32SfidagTCbx4NBiRLFNU
11,Chica Pitanga,gastronomia,brazilian_restaurant,Boa Viagem,3,4.6,-8.1308052,-34.900638199999996,https://places.googleapis.com/v1/places/ChIJPfyRhckfqwcROXSb1yV3ANw/photos/AaVGc3mIesHJo9JbriyIOaW2w1eT8nKwI5zqqU-GbgEo27jO7pV_s0etup8lcY1zPdeKKkRB5YuW5HSHOXS1fC2DxdnKQSqU_-12g6sz-IQugofYPQHHE72i9TdqFy1zSocyRJS4gK2LQ9KT681kYCl_mDo3CREFj5IRU9kXyYI36MMjdqpCOT8iwXmFYpRRKkxm-i-YOahtEaSecQ74qSuhQ5UIKgqFS3_jTBK9d-KAa1hhtLGnJaQ08DwFN3nKrpf8wwMxTOgz6eTDbKIETzZkWkjFmwyw2HhIcTPNyM_Drel-UnhHn0YX1djQL5vPDvGvSdciTTGf_Q1-t6foO1j9FFZENd9mrmOdY0zU8TfE1DG6h2k4uClXt7QB3TUtC7LmGqTvub5Sr-GwftJOAR-MCwYGF9ygn_2JxNL8b0a9DV8mrSPMRvUDF1I1pdnEXGDd/media?maxWidthPx=480&key=AIzaSyAc-ZJG2uARUs32SfidagTCbx4NBiRLFNU
12,BeerDock Boa Viagem,gastronomia,bar,Boa Viagem,3,4.5,-8.1111516,-34.8941103,https://places.googleapis.com/v1/places/ChIJq6oOpqgfqwcR4R1nMwJtGj0/photos/AaVGc3k-mfrHoqZ8hFyhOc3zBOtNJhLgnUFigV6-t6omVw8JZEcnSTS9Tqt5HxcWT-UuqKx57UkpULnMvUaMEQbR4cz1zEbTUNJImzH0SbyDGmQYOCblxqYXLaka3rDMYmZ3-sce3FlENmyt7-IiEbEvtZPfeJLMjEM99NEgCg3zBzgvGCv-_943WzoL0Ug6oyp6hWN3r_9EV1sEfPKe3M2xaat4C1JfMXsC7DsP9mIpicHMPgn72CPUglswkA2ea5mhdVBVU9DJgvQJg13c8jlcAsPi7_Jims2Ctl8kwuUsBkAAHAIdld4A-68tY_AQNGfihqEr1OYiHuHB6G2POOv4hwtDmqzpyc0IRfwgK1K4ZHLox8b3_PcTFXkCctbrUzI8J2AYUqoX08DFGQ-77KJVeGjMM3R_0rySHjd1EyQYqw-E58QP71-Vxl_RBqHtZgCj/media?maxWidthPx=480&key=AIzaSyAc-ZJG2uARUs32SfidagTCbx4NBiRLFNU
13,Laça Burguer Boa Viagem,gastronomia,hamburger_restaurant,Boa Viagem,2,4.4,-8.121013,-34.8990025,https://places.googleapis.com/v1/places/ChIJK0Wat7EfqwcReCdG4Kq1M7w/photos/AaVGc3m7TMSDGgvX1AJgZoEUwIxFzb09HQ-ddJV-32P9Jv2jpFTPhFL04E-Ty11GwvXbExngUpQ6hmXlUp4GS-gqTln4COzZ99Honn--VylKX4Ljz_O8piOHXtmnvRFSACXbcJfjdjf4Eg1mJVnY_tgv-SJxkEVikQaOA7ei-M1mWOuCnZnnbol0NmhrsczcIhuhRxuvMzL-adiKuTG2nWr-LNtPbode5b_SEozf6k5Xuk4sgyOUJSMwpCZ1S8_AqxJ_6BH_AaOChJ-_D4mlK-Sl8QvBl2I8T9E5361Dgwyk496pfi66cKVgviKMd6dvhHQfThBLqV5SENXQvfQTZXq57Oua-B3X2wZydtHDazOpn5ClQuu7zl6XoE9NR0jU1msaqrBc_JaWibrRQtbktWeCPMb4xL5WhYW9y-Ha0y7CwTD3Z0JTr26qBrkfS0r7OftZ/media?maxWidthPx=480&key=AIzaSyAc-ZJG2uARUs32SfidagTCbx4NBiRLFNU
14,Vasto Restaurante Recife,gastronomia,restaurant,Boa Viagem,2,4.9,-8.1194572,-34.9027078,https://places.googleapis.com/v1/places/ChIJ15vpZlsfqwcRcmYy6qo3L_E/photos/AaVGc3mZ5B_GP1hL_TcvsLKNx8uyzwx9ZCN0OqmapUgAkjOaMY4qRWC9WgFn0PTzPOB6S_ipPPPernaj-lYlUe2KIgf2igGT1w8HS9_Zp4jb6EjfHe3tFTNCwacKcCaT8aefXliuo8t_RkBs52P9nGMZ40tYreIycUIKtqDJPJ6iW4m3Yzu1iG4C1rJBkWggRx-VIO2_qxHyuGnFUh9RvAQcVEiF2QJaahx1pmkW6Np2sJmAAjNr1IS3Mq4_qUx4itcUCu0JO5Dd0AcgMhE0Zk_vv5lI-c6hwoPZU0K0p1rmMwgFNCgMwtl0LzzcqImzKSwowIuZyN1vg6bIjpXC7SPQRhNKoVBo5nCmmxPYGBRWimcrtJ2R5mWisj-AZn8X789w6dCSb8JzQVXX-BdRRQYWlhavhxKh4-dWN2KKqeidOvA9HKAL/media?maxWidthPx=480&key=AIzaSyAc-ZJG2uARUs32SfidagTCbx4NBiRLFNU
15,Rodizius Steak House | Galetus Restaurante & Bar | Unidade Boa Viagem,gastronomia,restaurant,Boa Viagem,2,4.3,-8.1241836,-34.899001399999996,https://places.googleapis.com/v1/places/ChIJ__-PMbEfqwcRCdzWyYAL5M0/photos/AaVGc3nsIzQl7NzRQ5xx2KrdKgOGSlDVuLDjsuO824uGYwTcO_lm8B2z5WXwm_pliCwzeCMxcZ_DZknY2spyA5SreY-R9_A9iGhUgEsQbTQAnPoN6TDrXiFpeK_BVeKILZu6bRfmitvswBNoeSUSkDd3bs8fxzBHeJc4gfSd5xvUE02hYx2eFSCAOstohDg8sDEV9-y2zLYMcolt0-uh7f6MeU205NAyum4UwPTAZORMAB42Nm0pA6tgcZ60PkwABBPeYVQVliO1Qf9duDlBHYM-SRLExaQUKBV7MgcnYWiLHOckbEsTKW9GxXr82fpC-TGuakV1qIDxiI3dvhNAn3XicV4V3WPZw9TfL6JzNe7UsEgeQQoB1oGedJHjMAPAlIH3unUlkrIRcYONy8k_dTLU4Oe41Uo9d2XX20ZG4HCmEYSV-Q/media?maxWidthPx=480&key=AIzaSyAc-ZJG2uARUs32SfidagTCbx4NBiRLFNU
16,Restaurante Famiglia Giuliano,gastronomia,italian_restaurant,Boa Viagem,3,4.7,-8.1230519,-34.8998044,https://places.googleapis.com/v1/places/ChIJP8TPC7EfqwcRma9WwfOLNkU/photos/AaVGc3kQe_YS4-2zqdXEGIFpqbmdlWSfo8K1UNm_Lf14WKwSW6JLQRD9BhC_D__kIqjg3BT3-irXFubN1okUSLbJHo0t0U2rNEXl42vUVNjz-Nko69uM8aIzPaaSNFrq4HShxdqp_uWowqAJKLbd1z34Jin6ZNFVXnvTqFfUKuU02QD1Olrl38lpzFVB4koA-dTH9iur86oIz6TH4vtNQdr07N7aa1GNz_IPRYGU0vIsDLjPARe3homHXC4ncDI-lJE2gHbXqmR-Wmq2JFQnZVuyZJoh_jYDbOWTkS5VgtAwTcYSFHG_EmFg1wABGVUYNa5Gd830CEZzkSgDz11yEfr2cKnM4FO8JpP6UClZjWj4CwpBcnpO7wEJnpOqBuZzVXRPAxMooIJBNACmXDvDqbdsejU-7PCb7TFmpqZe7fWApGuHlA4kpwgllzpom7WIb-qc/media?maxWidthPx=480&key=AIzaSyAc-ZJG2uARUs32SfidagTCbx4NBiRLFNU
17,Ilha dos Navegantes,gastronomia,seafood_restaurant,Boa Viagem,3,4.5,-8.1168415,-34.893678099999995,https://places.googleapis.com/v1/places/ChIJAczxeKYfqwcRzRfunVaHp0c/photos/AaVGc3lGcQFgMnHCmkgnmmVnxqiSt0vZC_VJ8R7-Ive1etR1tqU2SeuRKzz2AX5WbLxd8LwT2xd3VsuY4OyNJUO3mrIuO7YHtKTkt4A4UDUVK1GeJL61CBpmpbhZ9QcALY4B1w00UklkPbXJuujJcNKT1MbvItizX1Q9sr5Z2miSSLP50rsMurbREgxrx3yW3hrxhCYOBdhL1x48wiAfgqM4Kr1rw3BLDaoB8cHRRBKoury9oDJlEm5DlWe-SO00r3kmzJGzEl-RwH7cBmYouTLpWVKBWTfrLIa6phYO0rshPHK207uD1XqCy8GjFezeqdznwh35X58UuDhZJoaNG_t4ODlZSeEP_0jj_hC5d0MtDnQPkhC2F35PgG7RqRCBCfhJIe9xMeSwDPj8SeeVW4fsmsjYFW1we_WocXOz7Bwe1dSyNHXdP6uAS4bIOTXNj4pA/media?maxWidthPx=480&key=AIzaSyAc-ZJG2uARUs32SfidagTCbx4NBiRLFNU
18,Manos Restaurante e Bar,gastronomia,brazilian_restaurant,Boa Viagem,2,4.5,-8.126821699999999,-34.9021453,https://places.googleapis.com/v1/places/ChIJl4hPyLUfqwcR-jP5m9C-CYE/photos/AaVGc3mFw6XXAIUjLmm6jIeNugPMMU9ymMqwFLRlr1IDZVXXfazLY4dghF7gy5xGg_ldrz5uW2GmMTuqPoiSvG9t-0NI1jkJgOODp27EDX9AMjr2lLU_-uuISocfQHJ1EUhqvnLULz3fLcHVgTxLfI_cRI4wnAM2BvBGeRfjvO0w2j0eCGNalJEbCAwCjAyy3NI4GkQCX7NVAysQB2uxPYn948BfpbTK7-5nFB_g1nbHgZUvJEwyhjfuinZoN5RgSuEjMyOWbnPDgMFyEYTBwXwe_e7_kZOIQhtBV94L46_9w-qohbF-uC6MOlY6jYtdxJu07LchlOURcY4cAP--6PMig7i2XtTF6HPzj9cZ1gd9YdIw4eXWJicaQv48EtmVLPx17JSD5DdQWf3wrHTdqyjn6kPR_wj-mpYC_s1QbZTZ5U9RrUNk/media?maxWidthPx=480&key=AIzaSyAc-ZJG2uARUs32SfidagTCbx4NBiRLFNU
19,Bercy Boa Viagem,gastronomia,dessert_shop,Boa Viagem,2,4.6,-8.1104361,-34.8936418,https://places.googleapis.com/v1/places/ChIJlw2nPAgfqwcRZnjjD5FypRk/photos/AaVGc3mP4xom8B1oPuN8no8BvkjV3IjTbXt5w5NrVQV7U5AbRTzIAfBW1vL-U-fgKh5VvsXxGTPVzY5vT6eOXj7CtgFLIfjKSrLjEULD-SlXXoHLdSUIX0lAq3F2Rb0-BCBIAhtJ_gWGUjp9MIMir37eyTmrZ2OAMs6bl8O2T9z7uXo6RYWk1xavmn8gPeHNULoCL06ZyT5ve69jgzhVGFJ-rPeoprxy9xIX5m9t_BkOTGmaEHpc52M9y9cRA6chht3a6ZCMJY4MKey-5TuKSbeDmW4CNSfA0BGLly-IhxJUmjNuXq9xm-z7MfzniADG1wOrfX3pGi2vwbBk8ttCK0i4JhBQIU5aFIyyzLRwwrexT9E6vHL3KiSQ9C0CNzKRUwRAOkfJ2ru39y0uFbSTpeDKe_Q90w1dQ05FXFNBCHdQCLhHeg/media?maxWidthPx=480&key=AIzaSyAc-ZJG2uARUs32SfidagTCbx4NBiRLFNU
20,Casa do Pará,gastronomia,acai_shop,Boa Viagem,2,4.6,-8.1284431,-34.9005958,https://places.googleapis.com/v1/places/ChIJh6i2qRw-BQURXdAMiMI-ZAc/photos/AaVGc3mnkacn5r7MZYqyYeZ9l3BlYbc63IQphp0QiXGBVMjqFlFlXqzasszB7lcqT4KxR-3UM2LGft41cKCZ7ct0DFETRgKWj_PDWgqT0hHxp9fR-99_NCcIHqh5sfRtcXx8hwDvQ9dmgE_WAVHL5eDI4ezUDElIUvlJWMImYbw1Y7xXJZqVwIsUswWB-TLAP5QQE1BtBTKaP4AAFazLjLPxQUxpeFyYJzysgGyvJeKvpT3g21vhEpdIEW0LjRwrPvrA8r_rHQq_Dl6SoeWFWrHEQdHt8Yq7PDddPtonRbnpCNXeXB6h9LzlgJRyp_Tiw9rakUoHOd2GbYEZbcsWBJZdGEupeoh3rGcOfqI0ZMo4KhT-4fLNiczNsjluyFEAnv3-PwgnpLSW2uySAqXxKcJAfYtN74HSMrnMr9U5g1udbT46babb/media?maxWidthPx=480&key=AIzaSyAc-ZJG2uARUs32SfidagTCbx4NBiRLFNU
21,Shopping Recife,lazer,shopping_mall,Boa Viagem,2,4.7,-8.1190456,-34.9046689,https://places.googleapis.com/v1/places/ChIJy9ZoeUIfqwcRSaF2T_l9eDQ/photos/AaVGc3nIh9kRMT6HheUSuVQqqhpFrS3uQPeAEN654Uk5c9s0WEcJ2lbELqWXvh2p4vdDvrFcpD5ZWyI6_Aa44wPWSh6BdPziKQaz367gX7kLiGR_Ayz9mKeGywsd-wX6b1M2nCCktlrH3OANpk9vI2d9Nt5OAF_JyEXZRhtLG10Fgh2dicV2erlCZghYX-_PMg36p44H9KLdwXQ7wtg6JO1_2_0LYsGOwIYBMuFjdBHJ4tc9eDoz_zuBa5FvpN2YJKF4uAv20DZ6dQ38BHhB7I3K_wrxw2WT0ontTGTFC-nDABLq3tVLDRNSR45JVchguCaQRukpoXxX9WwraRco_Vsfsmz8IUev-fL7UolWDWJTXPrF2HE1fpeM4at7qiyAuIJuUcof8cSbYZvssIatqBC1Ppr7pqdNV-G_UMohGgnkQY_Y_ukW/media?maxWidthPx=480&key=AIzaSyAc-ZJG2uARUs32SfidagTCbx4NBiRLFNU
22,Orla de Boa Viagem,lazer,park,Boa Viagem,2,4.6,-8.125283,-34.897151799999996,https://places.googleapis.com/v1/places/ChIJ6do5APcfqwcRWrklpPv2DVA/photos/AaVGc3kLC3IPOjxcamz-pBxWbgSWgY9kUWfMxHqB2l5MeX-7IdU4qTxdCqbRLnvxU9jE4cnZIloavNeKFAHB3U2ddq0JVW9nQYQhdK7NtY7tnPOThkw_ht2-wNM8jTJK9Gzdujw7o3NfQirsZEMurtTMcjHC4bw0W7ENDKdZl1t-C5Hf0U0M70j3zwklQCO2jFD5D3zPeSdCvfDxwYL9wZFdyu0OKzgszs7YGMSFRnfnnTI8ozO9hvKr4nqzNlNnJ7WPB0OkR6exOTJl0ZroItWu5GHZiA2zsPiR473Wnt_a9R-GrvA4tg3Ti85BgCKCAsUFwhL7qG5RhD2tSt32g1jSZvzIy_tjWoR7P5AGLiShzzN-gJBkMr8jVxcHMqN6wvTdlokRYFYAtMvPxZ_zq4skSsxsQc_CGQg_1hZvmEoue1e5Aw/media?maxWidthPx=480&key=AIzaSyAc-ZJG2uARUs32SfidagTCbx4NBiRLFNU
23,Galeria Santo Antônio,lazer,shopping_mall,Boa Viagem,2,4.5,-8.117595,-34.9011539,https://places.googleapis.com/v1/places/ChIJX1gTYqgfqwcR4ygK_K_rs8M/photos/AaVGc3nBNvlFE7ArxxWuODOqF3kbIBbilmafuc1Oqhmvy2QGUmZ0ZxrowzLrexqbtLpb8K9Lvdm3h4LbwNKctPJsvCreJ3PXGpCeCGCtGugl5AEHfmIlO1ju8F5CThI6joBXR4WAkGq2MbsyatBrjNLtkt-DHg2T9K6kBJAIsOxV2q9D95aGjn3Pwt5YWcAbGj14i2H47CIzWZiCnPehUo2ry3MA55-d_q8tQTYcY4Z3Hx4lMa9qZgscDdoIeQq_h8Kh1F713-fPoZENeSmayTo9htgQHalsllGMIw_AVzc37t69EN_8-WoJbMRCRYEF5M9OFWRLGfREvXlW55szX6vS4269AFQGppSzzI7-7_9IkO85Z23-KXij1RFnIvikbtjwhJntl4LAdg_iy9OhasLxLDmRQe3r0PVZE6UWcAR4xtgSjw/media?maxWidthPx=480&key=AIzaSyAc-ZJG2uARUs32SfidagTCbx4NBiRLFNU
24,Praia Sul Shopping,lazer,shopping_mall,Boa Viagem,2,4.2,-8.1299006,-34.9018388,https://places.googleapis.com/v1/places/ChIJtYGbIMofqwcRKSYvCO1FOI8/photos/AaVGc3lnYjbiOkQ0Mq1W2sIJL7jbdrW8xHqqT9Ux_QUezvXSWR75zsQI9msoF2BUv6nB2Kw3gM-VgeQpDiyP4iQl3yyPZqf7EI4F09qSSGOs1xuVRgfAsK7rDvO0znsJh_06D6eTbm0otfjA-eU4OnOGU4AmEuDWaJjUaHXzgjLdDqncNvE_OPr3uEMloLp7ycbU2_uY3zedHMw0W0mjdkns5tHC3hf2fqV4kRQQSz-Kg3zdgKJX2t4-8G1W-23kDhKYTmSajiC91E1MN2hEvZYHIgd4Z8pj4xQvwfjqTqnEIiE7UQ0Trvrrp5v0ZhAXzgf600HJD9EIB2LcVG1Sq8dcJuPK1p6_FmTUqE-7LJ34Ut5HKRUwZmkYIyFWR9pqfkUQWkpTtnP8WeAnvASFHMt_GIeORTfjgluRN7LpDC4J2qykPEYi/media?maxWidthPx=480&key=AIzaSyAc-ZJG2uARUs32SfidagTCbx4NBiRLFNU
25,Fazendo a Festa Buffet Infantil,lazer,lazer,Boa Viagem,2,4.7,-8.123431199999999,-34.9069824,https://places.googleapis.com/v1/places/ChIJF2gjqUweqwcRQO6_5rgc1Gs/photos/AaVGc3mkyT25F26jYid2_Z-Qq7I_PsZ-SKgLS3pQJ9jgWv5aw6jO9LzDf97NhogknMTE8HvxH-OuDipuSbysUN8D-jCfYS-pcmFCuhjgV3nSVyv9gWUfT3Z7vn2CFSP2CKXJFUsHPxN8XM1yxawT4KSL53DfEC52dz0ix5XNlAcyaE11TyzmzuROXH9zk208eup2niObWZel0aKinX7HcUilbpElPJYxuGeJEYK1VY5rMm3lQc9lyyCjc7QjUyElMtWFtsfletSAEHH3nv7hEAPVLxHA4Qh3S6x-OYOUVX9CrHEP6IMKxesm3-GaQQBcfPWGmQNaXEv4mQCEkBG5d5KmL2avfBJosw-o3OslM6locokH49TmYTZusV6clREckEK2ZgOY3_R8yVDCEf4vkcE_EhA8SukEvQZy1u6UG7X4JAJrdg/media?maxWidthPx=480&key=AIzaSyAc-ZJG2uARUs32SfidagTCbx4NBiRLFNU
26,Barbearia Empório da Barba,lazer,barber_shop,Boa Viagem,2,4.8,-8.1192803,-34.8968988,https://places.googleapis.com/v1/places/ChIJv3JL6K8fqwcRKtAeeNaWNXY/photos/AaVGc3lmDVKcU9-6ssoYD9PI736sr4EqzDo4deW1NVrtTspZs5-g513bO761J7SNGfmAIXpp6hp8xW-zimrGIeFt4bKkqlTCSbcEGrFr6GRvzD4h1eXAy1KIS4j9wI7HmYSr9SW66mjCLS94TILGK8y1U8iYj2WbkN1WcvSXz7ajPfSaTFuiEGS-UFSGgwkrjdP41OeH470lQ49d8V3A2aKrxwReFnaB8uhwaoTO6kA54vV6i2-EVq6e6L8Wed8hybqZRaYTRmpyvEjiwdx6XVzeqF3zTiE8a_xCsbvLi1MsbrKktSxBRKHT_yG0wDP3tEdVE6QPezngA2bpROu4fgVoAG4ooPd8ZF3CuYhD395MIBzXCI78ud-TGIlqdk9foSt_cz2VN2vCoikEqP98ZlDtNkaHbUENlz9kjIsVUYCshfk62A/media?maxWidthPx=480&key=AIzaSyAc-ZJG2uARUs32SfidagTCbx4NBiRLFNU
27,Casa Dos Frios,lazer,shopping_mall,Boa Viagem,2,4.2,-8.118945499999999,-34.9048274,https://places.googleapis.com/v1/places/ChIJYfXb5s8fqwcRYCn0rc4ntJc/photos/AaVGc3nN6moQkMM2wqCAggZLVRbvBrFiVOtPi4BLYVbnttJ1DcLwkhXTfdIB9ZT2MiBWTv-YStoNAWlvU9Dbel1CLdy0tsvap4DkyDnG7ohqEGUz_poOHMLJTkt1j6OtLO04cPmkyx-WzZjs2M8D29dSAPEhuWGI4oIqnSvB7HYq5B7N591-VLjI7_Q24i5VU8kuYKFk9fsVrEaf0QQXBjBm__XDzjXU0SBnewYaow55GwpCITedBld48-FySmuglQCPvjr0VyymyyYEL14dzJgVJEnPTJE6Hbv8wv0wrk2CzuD_ZvgnWJD5dZ9nR2AXR5lEvuLhIEcWEco-tgaA_UeAlL1o7JgK1hM48qxQRXwhN0FDoM94MMBOvxeFwdYbiLsBGl6D-Ht1vxOTkXmZQlcAaCvS2uAfuLrgyzI67jlPaBKga7I6p2lWn-acbzjzjOjV/media?maxWidthPx=480&key=AIzaSyAc-ZJG2uARUs32SfidagTCbx4NBiRLFNU
28,Plaza Shopping Center,lazer,shopping_mall,Boa Viagem,2,4.7,-8.118114799999999,-34.8956255,https://places.googleapis.com/v1/places/ChIJZ5k0h68fqwcRAgBKfuFR86A/photos/AaVGc3l5yNbyKXwp4MRv2tlyLp_TYTPjvDjpfIh69LCT2Vh54zUEGBBrKnWGnxXCRfEGJ24irQt0MLsHg-s32U5dJMAhtn_jG8VBY1p2q9Z2rqyhTVmBfTJy9dhycGa4U8OyyMKeqarDME26XHGfPySPjgxcYIfXAMtBF6iizqbsQG8JrSOO9i1pVYQbuK-17-cEg4Wb7hZueot6cO0JBsW7GS5KCKlyq3vpev70vs5KuNntxbYAPwLG1OdS1UsVJrvdnXAtPAywRfS6kRfBy2QhQQtdsj7qLtYjHVWfeRDwxK6iGoG7TbCa0Li1mZLhbeM7LLIHNfwup_XPsGmXaqAKVxn5ucDLD4bYVnOs0HK0NK7-lgrhRt9G8b44Cq_78anrsX6hlQ6nrRzyfG6n1RCTtp2Y4GqlRlkiGtAP4phJKUjSZQ/media?maxWidthPx=480&key=AIzaSyAc-ZJG2uARUs32SfidagTCbx4NBiRLFNU
29,Game Station - Shopping Recife,lazer,shopping_mall,Boa Viagem,2,4.4,-8.118637399999999,-34.9048936,https://places.googleapis.com/v1/places/ChIJNeYc0h4fqwcR4F0JqfKlFeI/photos/AaVGc3nyLYj4KKJNvxZnWO2WDLDklISb9gGqWBnv13yAS439hJRtQFNT3K03aLOxxBiqDqYrc3RLmpioroXxNHAitP2wuh8jj_ex0s4mMVh-fqvlnnNhzdZIcYUHZuP4td1hNrVv1nVgRIpe0LXP8gjTRa2rmEt7-lTO_CxBDRfa2TgTLA2JqywGYFWFsVbmmBfwVJ1x4eKijg96hP6u-LSCeelIpejo0WLRxfPLAnPqzUUogcsUhHnHam1cSM1KKoHwD0omuDFbt1EhkHfghKL7gFTpM-OtQ1GZYkFnM4_y66AW3ZLWH1aRkLsW8qjwoGxR5GDZiBPDR4eymar5IFqVX7_VXRkr28zxsD-KyLTcKUi-bxUZf3Q_P00HfySbj21PGZI0d8h7OYjKdFxn_Y4TVNktWF3zF18sRY_BYsByS0BI4W4/media?maxWidthPx=480&key=AIzaSyAc-ZJG2uARUs32SfidagTCbx4NBiRLFNU
30,Correios Shopping Recife,lazer,shopping_mall,Boa Viagem,2,3.2,-8.1196404,-34.903070299999996,https://places.googleapis.com/v1/places/ChIJTclmE2cfqwcROsLIdsdJwdE/photos/AaVGc3n7aIyS4Tf2aVheTCk4jXCHku-ciQ8iIkhkqblKjPXRUuANh_cd7R6hQsRbmSOjfgULHtW6hF9nMv_vqBEX0yQWyyx5QDKt0p0Dw9ti7eK0NpknqR1CwkpkUO3hTWplkdpquaFOnlNMymQQn1L4jB57mX3yrka48-0slaAoc0LKE6T6YAAFVg_nLrJalZ5s4NLoC3BrcWkGiP5IUZSVIUoT8imEt4Sv1KfbwcTs_tRL25X1OHuUmn_VTtZzYmS2MxQb9gZKPPOcq9LrK0Xz2sXDBiZDTEkZasZK9iOHAUCd7B6UJzjbZzud_8raFHR38smg4N4Dreo0exOm3SdQtdTZmE5XHA57jQkCS-y6B5kiAEDlf3Eub0YhCKv_Uz-goCuFxO85K5tRvRO5Tcm9a1lcWTfYc5cj6Cz0naEhIwHOSdap/media?maxWidthPx=480&key=AIzaSyAc-ZJG2uARUs32SfidagTCbx4NBiRLFNU
31,Edifício Castello Monte Reale 646,lazer,park,Boa Viagem,2,4.2,-8.1234716,-34.901854799999995,https://places.googleapis.com/v1/places/ChIJvU485bMfqwcRSIpM2MhXCMw/photos/AaVGc3mk9h3S0Je2VrBk-6NoBoG2gVxk40_4d9Guq24WXZw_8tJKET4M7Pk6wO36P-R8DyyjqyuV1K-KNXFb8xorLoVCGqGuoKFb7g-6t0xBtGaGRWIMELqJ60AwHNVXaXqbbKZAC5kKah6pqtW98Kuy8FBZLN-7p-ew2DxbY1ynput7DEjRDSu4D_16srUvMbB3o6htX1oCwWCh-hfLYMSkXimWyy9nehtOJBvYxwwm1FodtghMY9YaNKFNtsOGDI363o3vIDjs4bZ5tC4iRpQZRaPXhV-GLrpSoTMp_F0kC2R9NbHEoPedlo1oHCAGCH2fY7F8WmD0DPNDJxOo5_iMaNLUP3rsFcg2lvLrtM2UQC8lipmI6CiK9JwNvKwJSmmg4NrEclV6VecOZxQBmhBP6b2C2wbXcV8Nb0orI_lndOXiig/media?maxWidthPx=480&key=AIzaSyAc-ZJG2uARUs32SfidagTCbx4NBiRLFNU
32,Galeria San Rafael Center,lazer,shopping_mall,Boa Viagem,2,4.5,-8.1260542,-34.898477799999995,https://places.googleapis.com/v1/places/ChIJAQCw47YfqwcRYZgt2x4mx5I/photos/AaVGc3nduAC4Kqe5DENtfgkBWcRo5V_-zFv2xOC14eg1HutBMMtWFOrSNZ1m1vKGpdGdVeg1R1VNQ7ybRNpc9MAZM9X2vu_9DpxRTPpcShpUY0qnME2rOV6JRPanUK51wU8fZ0RkYmiVB335bXjguJkSOPTPFtQ1hvtvajDE5wW8R-UQLGDa2V2zxQ4TZGbQ4ehpZXYFmcygZZd2klxAKWoElBirXrOuUoWo5iCO-8OdTn-mZhQDZMxCowH78ebYtIEIY8T-W4nYEiWNJjNAJp_QLnUrj73IsqaXlHljqh78P0ojhrPXVlgppaG2RLPhQi8tKPoURJVPxzALc4xP0HvtGJsdSeu2fyRvnE7oqmyJdHLmb-tt2k8570IKC9Q6Qvjs2l6AkFLBM2Ue__-2eeFt45a_PtatBeMnhZLcI7raczAF2g/media?maxWidthPx=480&key=AIzaSyAc-ZJG2uARUs32SfidagTCbx4NBiRLFNU
33,Outback,lazer,shopping_mall,Boa Viagem,2,4.7,-8.1182819,-34.905147,https://places.googleapis.com/v1/places/ChIJ-fjlodIfqwcRJ14s_1gtLoI/photos/AaVGc3n96MM_Lmgu2_Mk8Ia4PcHJjCAFsxcRzUF9IhTtMQdxToHz74_7hDnMv0QgtMfAGlbHHgvGFTy0g2mTwdCxiZciionnTwsxNzlBsDEEGUq10s28t7aCpF1ASToZF250CJ4SXFOhlYWXFpogi-e4Stnreh0CvwUj67US3Hs8gF8bRjM1JZUFaNFfIQBbccYz9HyDWuKWI36mh_uqdWu0bJ9Iv_y-DJCys3Uo-KNnzJdQZuPBASaej5TNuiFtj0C_yRsmlmx2i-5hwdfxMY3ejywbakipt2Yd0oqef0bOYndTlxxM7Kft42Bny_U7MuUUBqcvY8xeg6Cjdr1AeWrZ18GSt2kcmad_91RUg_6ngxzR4eDeDhk3FgT3nUtyfJFHQkQ8oXeiX4bCZZboIyWBNHL3m8f5-8xgixXRpprAeIPLGw/media?maxWidthPx=480&key=AIzaSyAc-ZJG2uARUs32SfidagTCbx4NBiRLFNU
34,Galeria d’Almeida Center,lazer,shopping_mall,Boa Viagem,2,4.7,-8.1268653,-34.9045571,https://places.googleapis.com/v1/places/ChIJ8-tKnt4fqwcRpbz7XYTCwuk/photos/AaVGc3n00PlC887P50x8gCOf-n8TNny65Wr4WD3Nqg_GIWeh4E5MLCAOHx_mT5q0endG5R7OI62SdG0u-DhbqC6jYa6iafcxnc9QV4UH5AVZ377nPmIWazdl6ONtjRCVtJYQzDGC6TKhHz7LGw9CCUMF6AbOyNOnXepLW6XgWALT1NJ_k0iczRMAVv7braWVCeXu_ENCs63uD1iE-04SnsyGIZs6aROGJ7ZCzCGkvIHMGDsCH_QfT0rPwoeNkbjCEQnPjoCiaQTHyeAQ2KHn-NnlxIm_Cn-0RWVVPoLroGAMuLCmdFUstcTa3sx5w2r9gyPXynRCbHt-bd7o3BfrwmGJR8_Nb0dJBDufRW1U-8t1qjShVypH9blkSd1X0V6XncG5aaqvW1POBWOtxSAZydjo6WVclpr8qX-NKM_1EKLqCq_WQQ/media?maxWidthPx=480&key=AIzaSyAc-ZJG2uARUs32SfidagTCbx4NBiRLFNU
35,San Paolo,lazer,shopping_mall,Boa Viagem,2,4.5,-8.119563,-34.9036687,https://places.googleapis.com/v1/places/ChIJRRAbYq0fqwcR5M4tuuM0muI/photos/AaVGc3nzOVwX_u1fBXw8UHS-PNIkIuGyh_i_EQHzB6GkhCgF1y2c5_elL8A6kAUD2xM5RVP-5D8LPkx5yhGchd6d3pw-rs2-UPVGwVYpUJTjmvCgQHnTMpAsFmHTGTPmQHDtsSPBLC5x79qHUaawbFVD5Qw2PWJsJOiuUblpP7A3SXIdpNOsyACXlD4lKEnXJaZDT6rLJdgx5WvMVyJF_8MO8gafhogxyMlGtuLmoa0iNJyYfJhA_5nw-e7SBcByg3TKUcpg83QnrexruLB8Z23yOJCkeV6K2-aHbbQh_Tud6r_bPTBWjSOrAHhjFrJcdscLPlL5AF8CEF0h2Ev9_rz6qyV1J0LwpldnuRcpUICltHQmwtnmv3NIYbcGayYGAoYMY_h8ZOj9_NJx1g0YkC-Lex62e7Z2zVDEHHlOozPXyzJmHcE/media?maxWidthPx=480&key=AIzaSyAc-ZJG2uARUs32SfidagTCbx4NBiRLFNU
36,Galeria Guararapes,lazer,shopping_mall,Boa Viagem,2,4.6,-8.1157266,-34.8940675,
37,Park selectve,lazer,park,Boa Viagem,2,4.4,-8.1160936,-34.9101668,https://places.googleapis.com/v1/places/ChIJ14wXGrcfqwcRO_CdGDRHwn0/photos/AaVGc3kgNH2R00bLnvWdhjC_c4IEUq7KhXCPTvB27pXHg4s50AGxYKsfNEuwX5vkUXmSqxQtRBSNpwDQ6ja75R_I1riVsqAv6To5JBkb4h8cN3hA-UdFXw_ql1vqnit3xcLtE_nJYnHPjYnGy-yzYHMC2spYKuOFGKasoVrIY8ozM1qicsZAu5RAY2WR3VOCoQ0DFn-u2iePRYHT8ERRlIlWCZFxtmSsxT8fVBbHBe9nn_S03HRh2fh9cs_8eaqsr4-7ulF_YHHx7ITyfq73EQfaFw8iC1odRVJFD40jNfjiMPRWwY3WgfVoh1Vn0j6KC1H1B1vyTK40UbbKy6FR-Wj_fG69s6tzufInrQHopwQ79wx6c4N-MY9V0llfZ8r3HrCwfffeUK9uvhz5sx-p8eQXObFyOfvle8aF2TGWOLdBBFq7kb-cLahq2SQJKUnpzrh2/media?maxWidthPx=480&key=AIzaSyAc-ZJG2uARUs32SfidagTCbx4NBiRLFNU
38,Parcão Shopping Recife,lazer,dog_park,Boa Viagem,2,4.6,-8.1187959,-34.9071111,https://places.googleapis.com/v1/places/ChIJcy6ytS4fqwcR3e5LoLqNAl4/photos/AaVGc3lt2oL_IWtv-W880Amn1KwvJV12tZTM_3oR5vFaPqyKIvX1GTv7VOxmMCVDHPiSFbbsc73j14l80OGBTt682XyigaH8118UHTc4KaefLfnYy_QdRPVdNYnyFUWYmiXVFQzhY6fdq7WDGCjkSzWjgGDYoK_CF7NNGnu6dA6ljaWJz4wSHzv6Gq3g2VhawEm2AVItNrwQy0UY3ZD9LE4XtnBiCWeZSOjMUGDuNbPJzAnlqx18PD90Y5c_YAGQA9CX1LeiXFdHXqLfmaAxRJ32GR36gj_w1CX562N7hHulZ1LxieTIijmeQdsfW7yew0vdkYoXUZI2w2MnKF2IZ4op7ju3mmt44rNWqEcNBv1NnjKvc0H-UyRFx5T-RT_JTRdmR3dtTTvvHnDDO3XSTMYPvJQ-Ldzkok_-2aEhrcASR0P1lwBG/media?maxWidthPx=480&key=AIzaSyAc-ZJG2uARUs32SfidagTCbx4NBiRLFNU
39,Parque das Esculturas,lazer,park,Boa Viagem,2,4.8,-8.118262699999999,-34.9061021,https://places.googleapis.com/v1/places/ChIJO5WoyNofqwcRxKVWu5IuZYs/photos/AaVGc3kH9IpHYaHJWskgKW1CKqkN17-agedVc_pKishWiEFve7qVoqSifLQIOnsYLlfEQ790U1O_OUSJcEuHTv8UR7SXlxzwzNFf5u2MAVdNpj2nZFOOIHQcNrVhrAgi2RV8Erj1LxWIipekO2xbyQDCIHR8RYiM6bqaqCTqozseXk1YaYLLuaTHuyln0-CxAaGpk4EMigWEUplcQ8FG-bBR8nNCYbH1F9rinMIq77Ay4tLOhmtxgW55XQ5__ko0TMK3oXwfDdv66Yn92d0Yvj6T8sA__oq_gZTSWrMGnSMYFsTEXOnSzeohCCySNMczEdosG-jKFq9hCf-F4CpjZvXXxxoa8j_R5zT9je1CZiD9hEQ5QNn7dmAhnWPnEC08XZWdCCkHX-FeBKrzViBQbH_8GJrBYsXs30VOV6DeZe8MwTWA9Q/media?maxWidthPx=480&key=AIzaSyAc-ZJG2uARUs32SfidagTCbx4NBiRLFNU
40,Praça Imperial Suítes,lazer,park,Boa Viagem,2,4.8,-8.1177472,-34.9020671,https://places.googleapis.com/v1/places/ChIJ8TdTz60fqwcRCzRNoGmnls4/photos/AaVGc3lLgUw_dLqyuBANGJJucEvx1_kTV6ijHPBQNmd3OOmRS3j1Rp9GHeulyuL0DM6ZSUTruMkree0Khuf10klGwk8oTJ8IXSdBXSdOYRkYnRE2N2kTL-W1T0bSpHB65fd4WKu12YW_RBUhvhDzOPdi901lQjdww47zCu51sK8ae4NpODMHkxphnNzIYQL_S4hOnwQh5ArmJGaZjYQYbSpHwQod01JnLYmgY9w-eLqjpwIVLqNGCL_RHN52k0kMN-sYX9ZfKxLCLOC3Am4I4cDGMC1ipJXDjUKwP24ocDzPOXD6DQjDw8mxYQ2TuugUOtR-87hD7dIEyRPDPTFMo_SlQiKYc75AOlSObHAVzj7JYVSmYv1ABcbCLmTL4kgQ6phNxOkCru60LUBp19lolwhQd9BJLGiCOJMyrNg-OerODnJSzBCl/media?maxWidthPx=480&key=AIzaSyAc-ZJG2uARUs32SfidagTCbx4NBiRLFNU
41,Boa Viagem Square,cultura,plaza,Boa Viagem,2,4.5,-8.1321534,-34.900203,https://places.googleapis.com/v1/places/ChIJlTXqY8kfqwcRD-si4uv7Sc4/photos/AaVGc3kpP9UoOnXH8UkKk0qVpj-wq2RLMtLxl1IM7l4iSEwKP-7Xjhl0gxwy7X60WpLjuHgPFPsuFdBt5kRLjLaof2re1j6CGtkV-EHOAeibAbON6hBXiIL2e8nurq9rYdgKrMXp9B6YJ9Xqu7EB4JNbeNRBhVHV5Hdtkj10w8Pr4X1WCt5e_u6GerjkktayTD7Bv8dNGl0PSzid6omPrvJtvx3SsvXZVczDZN27vzmxDwbMW2q34E9osmPfum4E7NaiJ-BS4Zcz5TnCrDG7XR2gZwWWbkC8BTPY9Hn0MhRgoo8RFdtpwrL8SjGbUJvVg2U04tcLc3AmvlhXY-kd5u6DiGKfOSkVY-sHYQ_Qf34MpMpA-vCJgrUhCHDwvvoTMTuAGPANvAgKLOPvVhRK-6WMC0kTrck-sNS8-FRwd-kh70sZjl09/media?maxWidthPx=480&key=AIzaSyAc-ZJG2uARUs32SfidagTCbx4NBiRLFNU
42,POSTO 7 - Boa Viagem,cultura,tourist_attraction,Boa Viagem,2,4.6,-8.1217364,-34.8955426,https://places.googleapis.com/v1/places/ChIJ5VpGcQAfqwcRbJsjl2485sY/photos/AaVGc3lQSMDMr-hm18Irxj41l0BX7HhcPrb8suguWeisEYeeI8enEWrddAYE69YeYr9CONiFaxlHaYxXCJvcaodcIH45SAFd5fq63wovwah155sLsiDwZvPh-hggl6C_D2T1aNvAfh_rKJhgZMGJ5K6LIbSi_AW7Qu3avu7EHbSTU4XD9IEdddOusWwX_g_ftKcnwsM6bu_OAiom_daNpdGCSs6jYF45LOfAKVEQifgL25YKF5K_21cdEI0wuKPQd2J8u__sdgaZPs_0tQLXp8LMO6GJR40tJnnfpChGfjaAu9xyR2Xcti5LIuXTN_lhCtyll2tpzTcwb61fOAFMmAdZy22M6JZmWckZrR0QtRvqf8lDGCe4uJeP0zMKbr-9vG-9k95c4X8Xm6Wif361-dvmPHpsjaLnujmKaiRWYOT8ydDQfTFEPR2ikitaKzMVl7N5/media?maxWidthPx=480&key=AIzaSyAc-ZJG2uARUs32SfidagTCbx4NBiRLFNU
43,Praia de Boa Viagem,cultura,tourist_attraction,Boa Viagem,2,4.7,-8.1322026,-34.8996515,https://places.googleapis.com/v1/places/ChIJRwjfUAwfqwcRhReMW1W_a9c/photos/AaVGc3nSuXyu0CIjRo1yXQSw_YbfneG0KTeSGvvqvn35FSG9rK6uBsp8lH1EEw0QAydNSJeCPr5fpXEq1qoFYKcViE1Ux-kbSo3RxYENDa6rHDop0dzGXm77Aeed3oF2dN-k8wifxmx-Em9wBNcE5bPO93HZ4O19089OoL5C88V8trZ-shA_wWbWsPLldISX9auOtNKCMJCCUPE8I5X5lZ7xepIkxl8f5TaBte9N6tEIeTmfswH9cPwg20lGjztKhv0YW54TLTLPaCW8xHAZfdn0QEwcO20f7MTe2zvd2Mp1pTNS_OEpwY_J3NPjLqzANKezaJK1o9hZzosFNX5qFBsZu-jndJYiNLwM5gzwe5FdrvbO1a_iF1ennIFOKgnI_feqbdW1XilYM_U2EukaShAm5Oe-9DylPAxCqipW46VXJxsDNsTK/media?maxWidthPx=480&key=AIzaSyAc-ZJG2uARUs32SfidagTCbx4NBiRLFNU
44,Galeria Marco Zero,cultura,art_gallery,Boa Viagem,2,4.8,-8.1185726,-34.8970062,https://places.googleapis.com/v1/places/ChIJe6M4wxsfqwcRcLpXVgYFXWU/photos/AaVGc3klzqodlzoxzk3D0SATIOoa1vnzza7wLgVzRMfOOuQWsnjfRMNtSn6jLYk2UFzaaOsIWJc3IgEOrTH31niiDZC7z0eWK394lH0kSZZY5kKuEevJranO0fEyVtGMDdjPNGu49wsvrqZW78XBbZbwUUNMlbngdNnkziJ_fJP-djUvC26IO8ps6VwKQs-dqlkuIqGupvyleTr7N1RBmyLTn_DBvEWxIZcWzbJm9QUZmcYcgh7LtRECDzuQXlkWtuazijlZGT8tEIAHeqAx3nnGsJexHZ6DtALfdn3eY4L2yenhhfNUM6qS5OD7WDK7OPouDEfEPqA1nV1cQsTZeS3bj5GmTeBrdqOV2kdJjL-WEPVYvhHwFH33pKVW6o8ZE3m2BQdltpleyqGAaFf1PvoF2AmOYByoIs1LZa5-Ul__qCc/media?maxWidthPx=480&key=AIzaSyAc-ZJG2uARUs32SfidagTCbx4NBiRLFNU
45,Praia de Boa Viagem,cultura,tourist_attraction,Boa Viagem,2,4.7,-8.1135506,-34.890334700000004,https://places.googleapis.com/v1/places/ChIJW6Xw6ccfqwcR_xYX1ejB5MI/photos/AaVGc3kZ8oselNUreVGH0jcxSSXIaFAUuV4PTHmHy5IoOwVCWBn2LVUNocq8nSOgr9eOVeO5CjR-owm_TPgOHCS5_wnb858KenduCEHYmgq7svAXGvnbMGBRA1xVrGcT9LIZaSAsReHwAD0SZg_Nv5vzrcaxTn9eEts9qNv7lVFuHecAK9oUHw3i-pS_Tsd2a38xR58MykvAFiERGlwgoaaMQim1jUcwEGNIA6z5XyooiWxHEL_ddGk4KA0_xg8nUvLnNF5NjuzZrqvx6m1bKk2y2nrj9CtIGNYoslCMwL9tSuTzWFba4h7-Ub7OaRkXQ7HkciFgD5d2qt-kUkhfWMxiT-obtIe_XJHTbi86QnGruDXwM3bWVCpKLPwgsP7jAidcBFOl6nBvs0IUglF0macwzFHlWeT1BNytJ8L7qcNNTt4/media?maxWidthPx=480&key=AIzaSyAc-ZJG2uARUs32SfidagTCbx4NBiRLFNU
46,Amparo 60 Galeria de Arte,cultura,art_gallery,Boa Viagem,2,4.5,-8.1115133,-34.893991199999995,https://places.googleapis.com/v1/places/ChIJhdFYfD8fqwcR96z2l8iA7Bg/photos/AaVGc3lbWrUGIiNILFIyH9BRwO6_zON03YZ7loG6tfsFUx8cKmGyzKaXt6NN6JbP9_p6wYIOGCiFaXBKyhSZiYulEh7vn883Z_jxNW15hdJKGXTkjcP2A2kbKpa8CkAKcEaAkK68oLkmlqwSTmntaHP3qblVTPadbgUaNMGUBhGpx6LkwRR98JbRdDzXFuu0V5-bsy8VaVD5tqM4wjMxJvTZjiQyxKer_6uL_ciPP7Y3QlQGV01OWZalQfpjQfpoR6GBMSfdeOefD4E1K6ucAc6U2bMsH5-RdcrmnoyH31DVthaK1QKw-rHSQhoMYlqmP9cg941IpoSOkW63zRj6W4X_d8vmM0dAHlGuvcgX7EbFcCDcd5ZgWqdqWV6GSly_b-KkyiaYR0cNT1BQIC5nCnF6M4tyXoOyoNmyAY0lJWsYMJ7HBQ/media?maxWidthPx=480&key=AIzaSyAc-ZJG2uARUs32SfidagTCbx4NBiRLFNU
47,Moldura Minuto Shopping Recife,cultura,store,Boa Viagem,2,4.8,-8.1185121,-34.9048806,https://places.googleapis.com/v1/places/ChIJi6CbSucfqwcRPDiaAdYHWJc/photos/AaVGc3mILUlvIrJbWkc3qBBRvkEk8sEkCBftSTzkX_dYWtWWfSRroP90gtJvzQf-X7JOjwyvY5170eW0U0oKN1qwDOUpk9B4Ox7V4T51WXG4lqfNz0tP_dvKH35bAizSpQWsWJ9BRdyg333wLXsSzVZgstLURrSx2oGo0iWtG1EkfJGyCArGSUruJ99oIDz_6r2PsD9Hbz1FztLMX-yXTVNLK-WaSUB10VfYiXgXVMGiKbsndhnh5l35YNArWndPOz_N4a1DhrjukyOestZptKFXks3xhD6OnH4A9CiIsM9Xkz8uplZZBeeXKn94MKzVTmrlGa1vCSEE3VFz9W81N3k3ubMsq4g2OQhA91ywwl3GAV54folk7Si8OZPvIv9HoAU7H_3MTGu4PcjnXBegIqkRFpbkXi1jtkdft9Ze1bUOCcrUKWnddl9QPtFKu-KKQe0v/media?maxWidthPx=480&key=AIzaSyAc-ZJG2uARUs32SfidagTCbx4NBiRLFNU
48,Barraca Mano Valter e Sandra,cultura,tourist_attraction,Boa Viagem,2,4.6,-8.1223827,-34.895654199999996,
49,Five Viagens,cultura,tourist_attraction,Boa Viagem,2,4.7,-8.125841300000001,-34.9026655,
50,Número Galeria,cultura,art_gallery,Boa Viagem,2,4.0,-8.1115133,-34.893991199999995,https://places.googleapis.com/v1/places/ChIJaaxxcc0fqwcRTNGh-G79ecc/photos/AaVGc3lXi2eLxxZjldExpAieL5hkny6FcpJLH9_vMJH9tnC7-EH_7PrS2lER6booVPKsGXWvTC8gorT5x_DArHyCJsSfXWTKbA1gYWbwnu9M2WZvfRRco6Vs2khca61OxSC26-WZf9wD2tzObv5KOt9RGspqz2KjPZd3KH-VfkBuQjMPh270B0L4Co0LWEEd9U3apd_Cd-4nQa9Kw4Strce4CK8ZnjyKhYBWGd_pzl0hauC3CnJYxg5viP975m7KaLeH31MupiL1qid4LiFlas4qMqrXmozxLc4q53vAftHjzUwwXVCHzHm-amg9PgDZgISO2-fjXwlmFmSdj-1MXry5ibbe80x_Q-7_6mDPsiiTtYfmSYmpoC4RXDqbMZKdZaZNNb4YuMTaPXe5iPO1quKnKOj_DERvyktiUYE1_vWfTmKSX_4p/media?maxWidthPx=480&key=AIzaSyAc-ZJG2uARUs32SfidagTCbx4NBiRLFNU
51,Praia da Boa Viagem,cultura,tourist_attraction,Boa Viagem,2,5.0,-8.1277172,-34.898265099999996,
52,Thina Cunha Ateliê,cultura,art_gallery,Boa Viagem,2,4.6,-8.1118218,-34.9074901,https://places.googleapis.com/v1/places/ChIJFz30JlUeqwcRAzk0BvoYv5w/photos/AaVGc3kGY3oSWeMVQn2Jl9kiMEYgzuGVDKk4lonHQ_sIkzqJ_99TGd5vMqECw-Tgxt68vO9tHW3r9O3ExZEj8TfEBQIrZ-H0d0gZQxhIGFtbcytBWG3JbtagV6jeF7gOs8_sApWRZ589OXGOuTrXucNUIJLVZK84ukewrwJiZ8TDQSaM8sofHomv2-Vmi7G6QTTBzjOsdg9PW7RZuPovE7K4I-YjLgS8hyTp8oa9vTMTzjMqBS4ROohykivHibxAqAcn95DyE-FC_3TRGs_EB6c3S-HlTE6c-4uADeNuRKrHChRVPa0hA5GWjdYrVIMdE-OxDeXk-YLUmW5rn-r42GO0zd0CwFjgJdvQj6GAb5lbg335EQgyS0Y8KWmIL3yxwlQJe1_gYyhWG2sxbM8jDXkFtGELogM_6g2hFVhFNrIil22je_ba/media?maxWidthPx=480&key=AIzaSyAc-ZJG2uARUs32SfidagTCbx4NBiRLFNU
53,art.pe,cultura,art_gallery,Boa Viagem,2,4.7,-8.1165297,-34.8977062,
54,"Bruno Lima Collection: quadros, obra de arte, impressão, molduras, fine art, fotografia",cultura,art_gallery,Boa Viagem,2,5.0,-8.114764,-34.8962837,https://places.googleapis.com/v1/places/ChIJ0Rpgqf0fqwcRomGu8PgHIL8/photos/AaVGc3nDGjXFswxYV7bnwkY93IlwhE_ugrfnXes-2tvzMEWaT9wQRGzbmp5ro6JpckwG50xC9wbj6lAmyarilP9TQrNZ13xrU6RXV1w83-6YCTAeMJUPyO0BT7TVdkLaOzgBoxITqi-HUmqaBOzXlcw43CwFQtZ8hYOiHxWWrgwhq_PiKtLSWc67j8qfLQwoBuNlgzfVHVRu12pEZ4_8YkkWX2QW3GVFHG0tb-OxvaYOdnWZFXVyH3UJPJE3AX6_m3SATPrj6EFNvis568zzd_miKCsAwSj3imt5M5RQNxspMxB8_XDiBhQQ_TRn4G8uQvf6iWTmT5CvCscK2dDZ_W3rx4ppESE9oosDUb3yhkaK-3ojbzUcv9zpKnY8WowM7NVxF4nVKIPW0F4cbbNC5BIAPhWa2GN1bR7BmF5PRbn_VX2SFA/media?maxWidthPx=480&key=AIzaSyAc-ZJG2uARUs32SfidagTCbx4NBiRLFNU
55,Mural Artístico de Grafite,cultura,tourist_attraction,Boa Viagem,2,4.7,-8.1293876,-34.903184599999996,https://places.googleapis.com/v1/places/ChIJ6zkSTAAfqwcRNPZHfNT81P4/photos/AaVGc3kJzCbbdtOqeaOVB7kMOss_nE1InHnGuVzt0GWIq-UhJD9-chl8FDCXQUur6dwo39pvKVlpLMhH1Q3J6Flwe0HvUeDTmB8JuSBRqNrZT9LB01LiSfhoqhAjmzoFU-5JbkSto5Ugumvd0vxc__DAzKSpBI5FyDBt07AG4dCJD7MjOUx6I5zLDgJEZNT56FqC-0VDSHmW8b_FQn_Cq_epmxNJo7y5jwhhIlu6bEuntI3asBP_VCuJnSNWh4hxOToB4JFDMfA19KVrEw5Q7qU9iMN7ZlsbKisohduTriIKkKB3jNIjjTLkP4B4BihW_aWtgwjkdpmrtuDHgXf4aM-2rBsx51OWOJI2YLbbO7LZIcXIXOmciEplkdie5sf2nXUhNlykWnb2ixACo3lhd9yEtELMPQmtoFxHFCFAo6lyy9F5t_g3/media?maxWidthPx=480&key=AIzaSyAc-ZJG2uARUs32SfidagTCbx4NBiRLFNU
56,Painel Batalha dos Guararapes(1962),cultura,tourist_attraction,Boa Viagem,2,1.0,-8.1142567,-34.898134999999996,https://places.googleapis.com/v1/places/ChIJtT1zwmMZqwcRL1yPeqtB2VE/photos/AaVGc3nlfaWRISbNtcNrrZfYJLpmssUsmGDhpBOD7YazLx5lYQ5Js4KK8WUxcsnvFzr0HV_JG2g9-oWKNVXwAPl0wMa5Lj-xm1L0rqsPHVW_qKcjAVCFRoXsmRQA3EFY5iyeUZj8OSArsY8egZ-0z-PfK3JXgNej_8cEU33id9FCtIizcvk8cWtbzJ_kxosdj-UqO9ssaNFq1NCnDgNMVmiDcrenktoOTh3KtmozzBMfSf2Bt8nFzu9VL-gqKMhF0rB6ZkcEaNaN89liv1ok8cW5KBZCFA-GdwJZDCegY9lycJHO3-AO5W6c5LWiGkmY-iuWQ4O9GlXgxA2-gkLlFiPiIXgL6Q9uAFu714sl-LQrSWKCFdKZdq6vLpuUEzPshPzTSLVgCYHTuXKhIGfthHjBWvzUYEPB5bB2qLTnNS_yHLJgxkCI/media?maxWidthPx=480&key=AIzaSyAc-ZJG2uARUs32SfidagTCbx4NBiRLFNU
57,Painel Artístico,cultura,tourist_attraction,Boa Viagem,2,4.7,-8.1208107,-34.907277,https://places.googleapis.com/v1/places/ChIJiUX2EwAfqwcRuQ0R40jizyA/photos/AaVGc3m4TvXlECgXC1bDdWDrCm925j9WeF_FTlFEebO2YERoMoOWs-W16PYIx16x7wqeTOffu6OPTE3J4AwUG63EWWGAc4hZzwtH91fbNtCc17U4b8fyxfXClukhZd77G7yvjbKD-sLKlcAvEMiKR7KHrpOHeGwynTqMQK5G4GD1x46pYtppQdr_9J0MCd8xUztIDZzDILJ3rn8l-tV5P20B57njMq6IWj714JjFMaCqYhIKT1vU6ofRPOMCGsvF7Dv0n-gRKPyQ-NPGMzDkEqdKjjd9D8II-5fJ5KgABqgGx81FYhJ3cKdnNegINixLO7A0ZR4JCmsIbKU7V2tKI8YT8pfptK5C808Xg063NzohBGjXdT7LBgKyNxLBHmyhgl8oXFqyUjkWlYDFlNZevPa0kSUOaWKyqLLeTd7XwV_KnVtfag/media?maxWidthPx=480&key=AIzaSyAc-ZJG2uARUs32SfidagTCbx4NBiRLFNU
58,Mural Artístico,cultura,museum,Boa Viagem,2,4.7,-8.1209027,-34.9060552,https://places.googleapis.com/v1/places/ChIJ184iFAAfqwcRfLL3zSDbb1w/photos/AaVGc3mSUkRE7viKW93rqNL9WNZa7iHRasOcox778tjrwcIHCqZ6uLc8Qn03l8qapK2BZiK8DAwbFqlf2JluQ6bPECmjx_pxhOYeooh4TXgzdNN6oUnIa5_OVp9qo2vETKXY7_YVWSdL9zTNn-MoUu6pBlqHH0S2a-w2XqRnJ_RDcVVgNYoJemF93efHPPQcE-OxHylzCm3ImJZcxJVjk8NBslim3wV68tFa6UGx6ZPh1V6LvossXczIxaBDWSR6mti2qt1KJ1TItA9b85MqA3C5bB1WYEw-S4BwtP1ZApkREqniqAEqS4SHbYngKSDrWCUKd8RqZwpOSlHTxkPKbLa7bPGSx1_FVER9_D_vZUw25ucf7UMOXpvOjwgF2Rk4z9a23WgxXpYY85YqH8QjWT2_jhnuof6sZqRyZmvo41ZfYWlCsw/media?maxWidthPx=480&key=AIzaSyAc-ZJG2uARUs32SfidagTCbx4NBiRLFNU
59,Mural Artístico • Me Conta a Tua História,cultura,tourist_attraction,Boa Viagem,2,4.7,-8.120906999999999,-34.906494099999996,
60,Art&molduras,cultura,art_gallery,Boa Viagem,2,4.7,-8.115296899999999,-34.902242,https://places.googleapis.com/v1/places/ChIJmehgdAAfqwcRqCr115CAEqQ/photos/AaVGc3l19hwYow4_9Blv3Q9TC4wUjroyfOzlEkleMMgysqBEjW4f4SOaoZi0C6T-2pQ8HqhWPmzbWNwpsAamlHmW7BKP_574EgGijDsv178dAGsXEE6QybztiYcNKCP7-4R__wjY9-QpfiUXKEuacTvwZXQ_cUeilgW6ANK0g4s1SVLjfcLsMNSpcQVw5Ct4IPlFi5ajLpxbjuqHiv4wR4mT9ro06p-lMh78ZRXwpcpE4zU5kgT50lBWh7pSkxd1ByH3gW1HgGybd-s27e6DtdbOHu_RnLK4xiDmyJXATDeWuUX8WjdO9ULM5-szJMi0HW02ivaGdvelkF1ix-SSBn7UjaH2sxTmY80vI8bTcvElyks6QHKKifCLUkyaBIyU_Z1WjwpCVBWBK-XMhgWcxU7VCrEVF709RHTGRy2IGCNbAtn8cwvnnoFPT8BFY3fUQuNB/media?maxWidthPx=480&key=AIzaSyAc-ZJG2uARUs32SfidagTCbx4NBiRLFNU
61,Bar do Zaqueu,gastronomia,restaurant,Casa Forte,2,4.6,-8.011376199999999,-34.9067702,https://places.googleapis.com/v1/places/ChIJwZSiJc0ZqwcR8wz6vmZvzNI/photos/AaVGc3lHYGdlexa8DLxrGIeAau5ngHtSEUg0jFNQJ5yc6DJhZucZKCtF-ObW2PYmsGVEK63003IMQ5msqVESbvHO1L6_BNgj5fPZcpwzT0LG5qhJGV-wMLJHTm2XkHaO0O4vh6ZA5uJ1KIDTPlVdzkWtOvty-1JUUsnmErTAeFbtliHj3Z0-4Su2WaTKC9qZjeYfuS4l_sK80nH56icXs8dZ7C6stHNWyIumOH3miMcKvR8qTvsSB6YuPwxKHsEPawwdBLU3JMOcaqE1lGXHJr1GYOmf2RQgPr7pYIskXuO5uC_ZCej1akMxQLF00DKax2kkEI9ZUaDDF9pxPNuZkwfrv-CyFRjBUG44azwaN57r-3cPDc5QH64anp21xuqUH2wLTE-FMLSPJlSitm5-w6uf4iohhm8opd1_vi53BZ8FqOKY_g/media?maxWidthPx=480&key=AIzaSyAc-ZJG2uARUs32SfidagTCbx4NBiRLFNU
62,Espaço Multicultural Cantinho do Axé,gastronomia,cocktail_bar,Casa Forte,2,4.5,-8.009862100000001,-34.9160146,https://places.googleapis.com/v1/places/ChIJC4rWPowZqwcRfFvS5kJiYgI/photos/AaVGc3lWxKYiGA0RgXUDwfHHd2q15zeNZCoonsTPwndCiPUV2qol0ipMlwgpthBedSOZA-eAo6sP7yyZ8dfU9jqUW4GEWYXU91U4x1dPZDgrSZKuXuB2vylZW7UGWqIOMIsAQn7S0yqGDfBXjwfLg7H0xhkClyS5SAYtHxLUfDKOg-dXGNm1tYg-KI2j1OMlNwxPLsKf2GhbZaNzAXZg1FpZpbMAcR5bR-FLHVy4jUyk24hCfn_I5Vs8tzwDIOGfvf6K0-tXXz1baRglrVt7xc6Yk7LLO6B1qxTqxRVtsOe_5nQbIkc3S46RWGj1AMjkzHa1_qSUnBOG-7P20TrGLj0Z1VfFQfXOcLv7_7ahbfj5xCMmtYPJtSRwVe5CCSdVQZEF3_pkujzONevavaQnraM2fPCQsn-jJWuTv8eLfp1zn4Nv-A/media?maxWidthPx=480&key=AIzaSyAc-ZJG2uARUs32SfidagTCbx4NBiRLFNU
63,Balcón Petiscaria,gastronomia,bar,Casa Forte,2,4.4,-8.027944399999999,-34.9064889,https://places.googleapis.com/v1/places/ChIJk4tXgbkZqwcRMV8kOXDoUXw/photos/AaVGc3nBAdW6AEy67uWmu2XXluLaoawejSsvTt-1Wej8f0pJfrl5Y2MkexDE0qIkonZRAiVMPOj5_FGUnFQoPewcA1soNVCh7OvocWvM6xNfJfzaL7umgwtSUlrJvKxM_BtuRNZy0J4e40Th9dWEAA720cNCjLXL2rCe0KSeb1fw7CO2mYa9koog_DuSyRex2k2oMT06NrjSB_vW-4fxZwzZkBliC1l528o9xnbxqDg2eyb6V3EOk2i4jNr60nex-8lgMqEJokS_T7Kugf9Xr13ZRT9E8xXQPsbOiah5c1sSj5FcLcj9Or5ovn94-sG59VP1TPAe47r-O1eUya3ErKZ-zify3HKVanTdnnnypJPova0w5s6ACfyTdGafQ_Jz9ysLhvSt_EW8UBIPIReyUgLxnqPSg_4fv9Kmhyw5qlq_0gqTsQ/media?maxWidthPx=480&key=AIzaSyAc-ZJG2uARUs32SfidagTCbx4NBiRLFNU
64,O Rei da Picanha,gastronomia,barbecue_restaurant,Casa Forte,2,4.3,-8.024103199999999,-34.9112718,https://places.googleapis.com/v1/places/ChIJdWbASLIZqwcRBy-9k5vhtSQ/photos/AaVGc3lin9DqIUyqMJwxLA_ZX04g-dlCOxoCG_Vfo5YMnrb2uWT87iK0JuswbPFT3fGqVHYhpu1Q2-cX4ts2HoA5fVjMJkToK5W-maKFWrzpQVpB8VdwhPIUHuJtJgzUEIh4mwIc0u7gpaYJR5tWSR0Pr89joDr78qCjL-WqsguNOKtWv4h4UueiNol7ClDrV9FsO3NtGbSe5GpPAUyM_ap4oDlDG6MhBi-SorybhA7HyRL39n79pAA823Xn5bZID-Jg2rva0V9Xtc5LHpSI9dzSKrXIVJPQGm-t0Eq3N9BHKY1PzLOE3JTVOFsHtrmke3dOtdENhvzOAdUKVRRQDDhL5WqTAL9PdTU4s2VsTglHy1LAe02d1KZDxk7lNtA8QUQkQ3HPH87pxPdpvqNS247PVrPd6U3_schvT5oN03iTtba2HWnJWajfGtMluFrEP-ig/media?maxWidthPx=480&key=AIzaSyAc-ZJG2uARUs32SfidagTCbx4NBiRLFNU
65,Insano's Hamburgueria - Av. Norte,gastronomia,hamburger_restaurant,Casa Forte,2,4.4,-8.0207129,-34.9240954,https://places.googleapis.com/v1/places/ChIJ187USpAZqwcRAv_Q2Rt9suk/photos/AaVGc3m_CTfvnjQU0QLbVFoGLgkvaq7BmsCZ5VrmYYQl_04izhPYrVXuC8nVjSfU1-f-rS-_CYrFiwsQPgfpaaEsKxdlWF-61NXOde1JFL1IQXBg7AEE-SBVndy09HXx7We82WDFtjUenOGGZ-KAjtKRInz-I6zd2AT0pTGU9gv6VMsM5Gz7kSRAwMgCqHFi3341mw1uPc3TN2_ag5exi99aRHEFfDFUUAlUdXAvj2DZ0jiKWrEjNHSekkxEuOW-mdoRRmuq8koj7isCHfcphiNnVd2msHB7vKgKl6D77CHg2SZjQgG5mc-YLG3oz9rGdGf5wypfdWH-x3Tuk2-mo_Tmg7jh8MfAIcvYCvckPBKDeODD3ociLhlYfDFD-A2E-sAUwb6ZkzvqbryzsGAiiRKTeWTnPMt9oBBsxQ_Gk1ZS8fX8DQ/media?maxWidthPx=480&key=AIzaSyAc-ZJG2uARUs32SfidagTCbx4NBiRLFNU
66,Delícias do Trigo Delicatessen (Padaria),gastronomia,bakery,Casa Forte,2,4.8,-8.0276631,-34.912628,https://places.googleapis.com/v1/places/ChIJn4QhJ4EZqwcRLOj_xyH6pyE/photos/AaVGc3lBmVjkiVT3o1eyy5F0Et0xZ4ygvoUVrIWIp_o-7jVdEDW3Loo74P4AEAGMqK9sqdq8FkbBukXvr-zF70BpSJT2KgTryfzUh8uXx543htkqLBmhVk2-1fHLz6bHQuBjUxBGPRzDbjUsYvydTHPTTBvT4AnzZ19hcM6el-rz1a57BPT3gBa1-YSmdBxUz8L9MIkM19SYA1Q3zn0wK_owUzLLEmM0FFPOXfivjrLgV4Sa1KkWkSvTtXV_6pncNYnEiOgeZH5la4ZNIZHvfFnr54lD-sAJLhbdiD_ed1gupDdVTjHeU4sijbNQ-5InUPzEKx6OZEe60yISpQTfJ7mioejOpF9IIkKYETg0rNFXyo8Wc598ZjpBzqcvDH6NrDHj7zx_MwPmvy2LslxTf-pUgGiDI4R2WW0VT36np-t4hq9yfFd2/media?maxWidthPx=480&key=AIzaSyAc-ZJG2uARUs32SfidagTCbx4NBiRLFNU
67,Candellabro Pizzaria,gastronomia,pizza_restaurant,Casa Forte,2,4.4,-8.0279285,-34.9119477,https://places.googleapis.com/v1/places/ChIJkd20160ZqwcRm7k78uM1tcw/photos/AaVGc3lVrd-TRBx-p1zMQ_k0dq1huXzxN1qtj4ruSngRjmLvkGD51YSQarHJju_X7LZMNXsX6PcPEEfHTIspHg1WimAEKwNdSCDBwqhsdUJ85kAs50EFfrLJ-IFurCI3iYZDSaqE7JRr-hrArzkNAE5HOaM9Nocb2m5h1vGHdwI8_40nz97Eu-wopVEDqm5dtC7KcnihlPHvg9Fs6dvRKI__zGaZCcsNdk7OqIIRit3OJtiLLLGqk6wRzCy4DWvze59-PIE1NM9ePCzvUwY8gUvgWlEbpjiuyczAeGWEEFbb3IRygk10O5l1oTfguuq1iX1HNkRfrsOhHs6EZH8a4r9k0kBN2h6s-cQHSz4meW_-XeA5IFUJtEAnU4lpi7dkxKE8EgBhVf_z33ehcGSnOnFJ0HfgTwUOuy2pqDPN0kn_XKIZJg/media?maxWidthPx=480&key=AIzaSyAc-ZJG2uARUs32SfidagTCbx4NBiRLFNU
68,Mercearia Pará,gastronomia,brazilian_restaurant,Casa Forte,2,4.7,-8.0286413,-34.913500299999995,https://places.googleapis.com/v1/places/ChIJ47zoR0QZqwcR55MEml-x5us/photos/AaVGc3l2qRAFV3EFNbsXdhCJYTKnP_R1t4mhXZHpAtJeNudvHr5ILf8axtzA-LXz9EgA6YsKvD1NcTEw3REyDXLSk1caS6yYDE3LhFUm3_Cml-hJHc5z-I3DtD12KAIQv8tQJQaL8TIAJ9793UUaXhDnlFNtcyndbZJx91qOBZntnTEbADMGYJ9EoP1tS16lf3o1avsPR0ViXYBwiACwzEQNJch_S2oAxzaOPn-CFjkDgC3gAj3DD0VJkMixbRK-u8m2aTsSvY_QuM_Xmue3FPUxaMRwFAXBUdwRXp34b_8NV6ypHXGxDSPQEBDL3evcWF50y11jeuZKLSrCK3vOc0dLrGPVuFPWkFhlwJJ8-UrbXNzUs80tWtiSh7z1ruBuQilmLdiDZNALogLrVfYEwLBW-8q4Z_LluBnA-Cx0KLCjEsaBMw/media?maxWidthPx=480&key=AIzaSyAc-ZJG2uARUs32SfidagTCbx4NBiRLFNU
69,O Chalé Bar Karaokê,gastronomia,bar,Casa Forte,2,4.4,-8.0231019,-34.914020199999996,https://places.googleapis.com/v1/places/ChIJJVHbD7EZqwcRTsZZ9Xor1E4/photos/AaVGc3lbOEiLL_7LLfQ0uJn5y6T4sLuCk6F2V7AC01XPqIrBqkdG1fK8N3KLawZ9og7bw3L3yZ3Vi9gOmFbp2oAIjinx1gRAOdiG-Myl8Kp2w-_aCoYfvcjEh63T1kwaRpJdtXY2WnQKUYPtHs5ZjsuXITvSBZR_Ryw7orSN8_L81vBahtSHdfjX6UwVY8e8ti7F1uLNhttORvOFxDwfA7jOG-bfuIh1w4rNtdbHcoIEm0AOajGr_DoI51XeSMQP_-XIptrzc1be3lvVD_sW5BHwv46A8PwxO0VutarHkDbyHaT7zSyevffZis_HcFv3P-KLssYbpOkLMTiOwr0SYbsyHgRZywVF6NOHQFVIfDEQy2cGBHPOhuxJEpB1yTBrCGr36wsUjBU0CzsQKbpf4vdfcvf-_-Wef82XVz3Hw2FXgXvfEs7M/media?maxWidthPx=480&key=AIzaSyAc-ZJG2uARUs32SfidagTCbx4NBiRLFNU
70,Kinay Temakeria - Casa Amarela,gastronomia,japanese_restaurant,Casa Forte,2,4.6,-8.0297968,-34.9155351,https://places.googleapis.com/v1/places/ChIJk9RuMK8ZqwcRGr-X7V0fB-w/photos/AaVGc3nAG9Kz-tGI5yaGRXyGokLafNiAU7yLjLgZok6_6UP3iNVbfabpKIMgbfEJpqcaNgZnv57YQlAwD5J3MNgDrMmd2PSATIDBdrtAroFscBzkv2deQZeB55QhyvNCFkKZy_h4huqinkqBxKbmjFJjBuOsoz4XnA8UxjAahC0Y3wWRlkyZZep98jJPZnKoFmNebU6vGv2cCJVCLqBp8BgHakeoF5kKl1aG3ZjOAUN6DZ4rQejdveNC8xW6bbN3D6bFqGgKVQSM2Tlbe_4DIYre4sklDZhDXwrXu-CjBYWq4Jo0HGqzHKo0GFj7lMlKTnBcCFAWnUxU-Dov82EWm3pGlCnJLjgdo6m3f6JHLb0c8fn4O-DcJHHsJ4Y4m83yg6T0RzgVuBYAvJx4TTx65kTIvtSLjTjtRdmaK22eRNVrGNFIfjIX/media?maxWidthPx=480&key=AIzaSyAc-ZJG2uARUs32SfidagTCbx4NBiRLFNU
71,Posto Petrobras,gastronomia,gas_station,Casa Forte,2,4.3,-8.021147599999999,-34.9210527,https://places.googleapis.com/v1/places/ChIJbZF52bsZqwcRf-z4KZKChO4/photos/AaVGc3n6sTJXdiPn7DUXd12KZYTjc2H8SuCOpFSsfE4yOr0CYLN3sEiz5K9gmvIdttnnr2bY7ck5pe_RU7Taq1nT_hE70ir0F8hdr__l0Op9IZ1kAXPREfeyMzZT3VQUAXK9pm5TXOGj13HzSy3Fxcnq9LgkhidJPAg0cphhuDW862rmv-OVtzuw9mnUibtULUGnHz7LJ1nTqOmMDYLOh_NVx6gpqtE21ixXIkgr5iA_WLC63TY1fdTqwrs-40zUKa96wOHY2UqDOesKKrjeupJhQ-fprAA0tdWSKHdpVOwBHEp3rqzXuZTriTrMZzLFxtWBMgGMu2iw9AkfXeFLOorAW8REFVfNnhWNRv3Usp_LsVFwrIfWigcoJ_d5cEQXq_RdeHQ_Im-UbQHuuid0fZ05QaI9G_H4GglZSMo7vSl4Ptxb-w/media?maxWidthPx=480&key=AIzaSyAc-ZJG2uARUs32SfidagTCbx4NBiRLFNU
72,Subway,gastronomia,fast_food_restaurant,Casa Forte,2,4.5,-8.0282044,-34.916654699999995,https://places.googleapis.com/v1/places/ChIJyVgAd68ZqwcRF6RReBbSh3o/photos/AaVGc3nLRIyL2IShbK1Nwwh9B1p-olOYFoDfMdgBgj63cdN-G0oIekY_5C7Ytx_V7j6gZRp07C2KbqETVD71I54ga1e97txCUzpsvnzlcLqQb7PRiqfzgMQGFVny-xPLzuzto1E0r1nfNWoxLsN82S7WTj4oXIRij2htXbxSubKDHUVL4LP97zi6jWMcQLlCWLvF9Zj-xcokphq-pi_fdNDSpWkBHVCpowSnSdSw2e4Ivw5G8EhxjNgDwY1OXEDpMb-en2daShmIUo9hmUyJ906bU4sgl8SIB9ABIYglvKqk_rglZcLkQTViMS--rDI9e4vG8bilERc-E00XpARq985ry7m4eSXE1hIqWDqjkEzYPNzmne4ToFCCsgLWY_Nb5y0_OmHDxtWSB7BJ-OjtN_JpmhBcy_gC7muDSk7g2NuhDOkwp2C7/media?maxWidthPx=480&key=AIzaSyAc-ZJG2uARUs32SfidagTCbx4NBiRLFNU
73,Bregoso Burguer,gastronomia,hamburger_restaurant,Casa Forte,2,4.4,-8.0201458,-34.926215299999996,https://places.googleapis.com/v1/places/ChIJA7AuzoMZqwcRlM4PGaBmK4g/photos/AaVGc3nRUxX0qbTW_TvIvLaHMcrRx0AhdQsnjx8XL6obogPX7a8kOqiJsFgMIuiRPcXndLXM-KnH_DMJZALSRCF9vlWpxVQpz7cLDlmEdUgJXRTHtuhlVw292r4L2J_NFfrYDmN-nv-GCFdifKLtcNvfXU4qp4IVWZk9kkmrr8u3nHTvrTavxa8V-SEPoe4xPobBeqcZ_V2fsNo_O28OppIDc-F2JmPEp0A2FedzQFnyz6gG46eniU_kuXgP4AIqb5m02kobJTV844ESIfSxeNdar-r8Q0Vi5BCTP6yKNAdpvC7WAbKC5R-1CGshBk0UHcvJKWa0-dwcJyVS0-RD3fKcrVC0SEAk8iSbsGIA8U60pnESVNRx7hu2GFl8abbMTrON4ZgsfDcIn785hpOTrLikIzBoqgOIwpRltEwXULCqh7jEkQ/media?maxWidthPx=480&key=AIzaSyAc-ZJG2uARUs32SfidagTCbx4NBiRLFNU
74,Bela Vista Padaria e Pastelaria,gastronomia,bakery,Casa Forte,2,4.4,-8.025542999999999,-34.9116906,https://places.googleapis.com/v1/places/ChIJe1JBG7IZqwcRXXBBfoKHZ6U/photos/AaVGc3lhYXdnsILc1RS9VRSk2u2MLAGYlJClaxOP5NRArywtcnxpRy_zL9iDodsgCiBF-Dc0to50FYpB2u68ueNBj5IHhgsS8tnaK31QZv81qzfJ_J5pRVQScPG_RDeobh6RVgC2U3y5TUKHFA-B6JN3YiSRkcZJqpzoEq4hfJr4Gxy5S---xyi6E04ygMWi9C_TuLTgK_E5azqhJLjttt7oWdfK_XFlV5r__fY_Y1YJ8FvpCIXrENl2pNeKcOSuMT84c0I-LK2OEUS13dJQ4f3PEcB6lUI5llUxv0kOgvfYmctRTrKri2iRcO1M27ynIkiM7XYVir9g7ejx_M5T04dFXI0BwaO3vUo9c9Crk9CaDdmZvShFUQPyNdD6MPBDorkQdr37PbOumdVHS-EUDMtoMvGidw5882BwCOTeLDxyI6I/media?maxWidthPx=480&key=AIzaSyAc-ZJG2uARUs32SfidagTCbx4NBiRLFNU
75,Pizzaria & restaurante Passira em casa Amarela,gastronomia,pizza_restaurant,Casa Forte,2,4.2,-8.0208766,-34.9219424,https://places.googleapis.com/v1/places/ChIJGY_N5rsZqwcRZRA3IQ3gtgs/photos/AaVGc3kdYTi4jQAjJvgzY3s-3jWn8JTYioY_t_MdUValztYNnPByZivxC-0D91SYE3dgU1McZ3WatK1pBWqU88Knl1rFLB4CgcE2C4f6x9WZnBJNEvJIeNrmIktJuKyaAE3dJnyS0lPKZE11TuxE8jsfoqkULSfDQzIljwz4iHxx68zL8b8uwOAOvcBp2Ca8yJcH6gz4r9txPnurzua92kbTsSuaUdjzNbVh-meQrhMJFv_iYwkx8edOAIujW2k2GBnNoeNHI2bCl-wnS2eWErAiYP6DcYOpj_x_6vfg9T-WUbib8lqM104tyvKJto4zRTFxfgHfGTNWtWd4KARFnY9C3YFN4Zqv8A5s6WJIyXUHU5VVtBO-M4Jp9POaoMEUR2hFeg7PBLPi_TSNpT65WfRbpY9o27VCS6V0wrssZ3tTLWOT0Q/media?maxWidthPx=480&key=AIzaSyAc-ZJG2uARUs32SfidagTCbx4NBiRLFNU
76,Cacau Show,gastronomia,chocolate_factory,Casa Forte,2,4.6,-8.026875,-34.9175379,https://places.googleapis.com/v1/places/ChIJ4atAZ3t6mQARUd3eyj_hNSA/photos/AaVGc3ks4GqaLLi9qqrdDNRUYYEOe4CYd1Jwia2Mf5K_DvHAdVEbJVM5kjhmqhfkw9-fJgT1joc63iJYqTn0seoVGmJ02O2IktfwIbcJEmO6k-dUco9TvZ30OuXMjicXojj0c5sErnJaYtcIh7xBQZNx09XrIs_PrBKrPIQ23EEveDz2do9xWDaAh6iZu6G3vHj3xcOKdcEU8ceP-2H_2nHSRXx7tW7DoTh0PRVSSEyc_Ijx3MdH1LIw9mhpzD0ycA6PD9AX204Qgvv_2BrJoFlDUfg4ZYMlp9B8DLcr3zJj8bVzHHRYCY8o-u_4KoDq45V11CAHxdT2MKgPJChlJhJhOWo0wmDMPGNgmkGttt6A_5p3YCtvyHlxdnhO0w0z6-Fx1-XvxB0F_XAyXykuAiTkV0mA_r51bCFPw1CDfWmY1yZ1WA/media?maxWidthPx=480&key=AIzaSyAc-ZJG2uARUs32SfidagTCbx4NBiRLFNU
77,Beirutt Prime,gastronomia,fast_food_restaurant,Casa Forte,2,4.3,-8.020677,-34.924270899999996,https://places.googleapis.com/v1/places/ChIJpU2-h0EZqwcR3wpe2q_QSDA/photos/AaVGc3mqrywj0vaFBtTVcWzSTru3dXIYwU_o65GunyhNpV4xrsGheJc5JhQaiTqdj2t70KGS-2pZYjwtSnmRACb_VmJJW6TrBWvaZ31ojj76ZnHTZbocuGibE7F8N3cxVkpwo6uHCe9DQvnpIgDDKILjBZvb2m01jvAWZ9xrHb0h7HWsrPbCSTft3aT6TqGmD9kdftJF4zhA_G7Zq3CE-WRe0Ld0I1MXQHdZlaSwaS8gEM3R1u4Rf-6RkWAYye-NSDRNDqD9hUnqa9cTB-s4_gznCrpiRFulljiF1qPx7uKa1myLcyrY45XSYMVrI7VQu4Q_HmO990G4-YHG591pAnojh9UW1eK0synHo-Pwh01VwXTS9DYKbq5MCj8A-Rr65i-zBErQ7n_RSN9hAtnzd8AT43_VjW7qKHpTJjfHEo23-xccdFD_pQrRLqM30NITIw/media?maxWidthPx=480&key=AIzaSyAc-ZJG2uARUs32SfidagTCbx4NBiRLFNU
78,Asinha do Tonho,gastronomia,restaurant,Casa Forte,2,4.4,-8.0133561,-34.9201486,https://places.googleapis.com/v1/places/ChIJrQlud90ZqwcRGgSDRgGboz0/photos/AaVGc3mwZr_U_QRGhn9GhcJNCfvTblgi4eROzz5ZiYHW4xByTS2w5D2bCG-Q5V0G-Ud4ocoh9pNo6HJVGuhkPk_iKfoLqZxGjFQnyqOqpxATkyUiSaFrtrG4QJm21C8d_sHDg7lRDFzcdN4C3LKT0fpWvBMX6KkD-NDFga-zQjTBY5OIm7IqLoSa7ET74KVo_tNlcVd7vlDY73i_p_o6QTuh9CWuzq12FeJnhZwAGIpkPhBJyXSlZIANPQS0eoO_mL3AZkubjbOfcBxFDXEVb5M17QqyAwgGgpFuHp8YZuObxZtHQg0PSyqbPTAWGVa5ZY6zbYyqtuu_nt3OsC7vbhLKy79evGKitz4VD8lCLZsKNID2TZWCdcUWPfA58cvuCri0NlFVLjWc_oNhuH-7pGU-2sUq89lwyLGzkXnnMwrKtxyvEgTm/media?maxWidthPx=480&key=AIzaSyAc-ZJG2uARUs32SfidagTCbx4NBiRLFNU
79,Zezinbar,gastronomia,bar,Casa Forte,2,4.7,-8.0204395,-34.9199266,https://places.googleapis.com/v1/places/ChIJiWla5h4ZqwcRhQDVdObifq8/photos/AaVGc3muTc2jx-CBcYDBkZwHRSmXfwPg_WY4Txyel4PEMjxePz83sccE6zorfJG2IwvmeHZyWCt5D4H3bcUsVnhmkdcyAkAk5GE_WHOkPOGd5RC93FGu88C2cruqcdOKUDBqKbwp5mN2xF6JOrfLv_8YDtPRCEwkE30gZacAtL8dZgHUtm3cHmSnj4RSsQZfQvbpkOPKekiPUvGsudjYWXYsV5ODxJXitjEygJys7IqD_gt6kvjRrp0udpqBoPmgiagSTVDt_COfkBGNfZxRa8EA1sAXdDwyqp7u_uDkEqFxv7KnlzgsYI3Jl7F679OZ8pwQj8El_DWv1k0BEeB6Uw5fAORRvGCBg98L9w3a02uIDl-57HvOW_pB4aJxQYZNAL3ghrVxqbSsiryFhP8Ao7o6__AOBuJAj8zfaL5g8hH6uVTG8H1UN7zmEsgufZfkRNAw/media?maxWidthPx=480&key=AIzaSyAc-ZJG2uARUs32SfidagTCbx4NBiRLFNU
80,O Rei do Jabá,gastronomia,restaurant,Casa Forte,1,4.1,-8.0259995,-34.904173,https://places.googleapis.com/v1/places/ChIJw-j2c00YqwcRZKluDB0OJDM/photos/AaVGc3kv5fD1cXRUvWXFiF9X503eSz0EaD5xzrjZ32-hAt_k12a3extkeSlU0kg_u9P23jbQikBwtXw6-zFBnrtmrLNX7GLFGizEJj7clJJfz7DAiBkeCp3TaFtZHLV2r11WImjJmXYB6dZF9YQvAkUkvEQvQQxfH_6QF_aRiPSoI_q9qmJ5wJsdyjAEPSr_mNN7aonc0H29zer2grdDGqG6RakS04xnuol3mXRUhp_wayf9gO6S0hlz6bk8wp-c_nP8_kaJkeCBUrfaFwfV6re6mGIHpDvEn5SUy6zIA6oa0UfAoHvZ0w3hwCjiUyT7oSjbPIUaFzjXLE7soad9M8i104yrriLRv9gcMABhk7ramyKZevpCLLiMpnQG3ibPGcv8Mh6FMf2UUUQ1qy_057-ncdohhQ3WCFP0GE93EEknqqeof4c_/media?maxWidthPx=480&key=AIzaSyAc-ZJG2uARUs32SfidagTCbx4NBiRLFNU
81,Largo Dona Regina Square,lazer,park,Casa Forte,2,4.1,-8.0185709,-34.9261453,https://places.googleapis.com/v1/places/ChIJefycWb4ZqwcRAh08zBRV36s/photos/AaVGc3mHVklaIb_xXyvBMlgGsHsZTiLxrFEa1PS0VcULaULxD4XRvPVLXbAhEAq00hmTGtQmrR6qLcAj2aa7kDLa0xJiwrxwjiXQ4lawaBXnuUdvZZmwt6_Tiu6vPLr1SAbPVpLFkdvUBvI_DwO37DdP0xKfjG6pQnDmeXdLvk8eoHKcRz8s8wzEfE-tzqKN2ngVxHVe5O2ULKiXAUmv9caaTfk7XXYq8wMZyHlUXl_4re_YE6fZFGi28Dv8nZZ_Amlj5CttjPhw-Xsii9cLzJFUtiZTa1C0rUE_gKCx9ZplXjp0KtMZKWe4DaiOVFV-drMca99ciz8loRV36n0v4pq1KDNxJo3vFjKMLPeJinB_btHq_GEeiUaLl-6A7q4-h6MjZeyxu3ZklXCCBb-AHm7fjGedI7DzEzfaDRkRDP9gR40BjIkI/media?maxWidthPx=480&key=AIzaSyAc-ZJG2uARUs32SfidagTCbx4NBiRLFNU
82,Galeria Record,lazer,shopping_mall,Casa Forte,2,4.4,-8.019986,-34.906884,https://places.googleapis.com/v1/places/ChIJ2aj807QZqwcRsOE3OXp9faM/photos/AaVGc3k4rbJqGkzmbh9v9jEIIka-UvCgzhUugcmpePHwbNMFo9T_bzoMJqOoAEwPXtbfBAZXe51-QzV-eUtt3pxC7OoZS-nhDAZ8vnG2VWN5dMepYqbgs6YpqS-daQ9e4iduWzVmJqIYMfUlQQW2HtoOUOMYI-_2KjSMlKrJnusTrLmGx0uwkkp_v0GPTyMdv2gGJ5d6ANfhvLscGVbr5o773l890gDyRoeUeCHQ0ko0_aV0Ce109Oqohca-LphdvOQe5XzQCbmDpQ0Jxug4lSJX-w0cz78WW_eNGMvYy75yxklywkqpuye3owe274PTi_OS9syqMXt2v8QgpgJDxDN7jKO8l_17L1M4KqYejam9qNH8iD1jRMXf7XzOof-8cUyO2mc0D4T2TW0Q6Vx8pQL4nkX13S7P4O_s_FJjsPnVFeoZRQ/media?maxWidthPx=480&key=AIzaSyAc-ZJG2uARUs32SfidagTCbx4NBiRLFNU
83,Mangabeira Futebol Clube,lazer,night_club,Casa Forte,2,4.5,-8.0253562,-34.903570800000004,https://places.googleapis.com/v1/places/ChIJbYZDpk0YqwcR0YEryf9tiRk/photos/AaVGc3nWtH0y83LcjrZvQisGC-uS5OathUeuEzjbLkSVdp1tMi2dln9PUnw-bCtnKBSmSqtkrW5jiSm1YJueSNb1QorSXZ_Jdji7WG0kQ3P3y5GPGWOWmcjzX8JyC11rjr0qyGG6OjLVg9GJXCEz278VdR2oTTST9xuDy_aoD2ObQWThRW9q042W6Uac5btu1ueQc4iE_rKmAu2KOjnpkfGjAPEeWEdaZb7Bjzeyl_5NlTIvJ0067mThHZQKhvgzRivG9urlS0EwtYvbSPoiv56-4P1CP-RI32f7ZmnsX_YRwddTJFrNHr9omfxRM_jrkjsb3pasfH5Ic-yHVvHVO18tJFWeGeNmxNBA3CT6H5ifp4-dD9ZT3JdwqOBl0QWjQskKDtKRipaR5cgPqJI_XYnDER1WsAyfW_DRI-pTw4fCdNI/media?maxWidthPx=480&key=AIzaSyAc-ZJG2uARUs32SfidagTCbx4NBiRLFNU
84,Shopping Casa Amarela,lazer,shopping_mall,Casa Forte,2,4.9,-8.0204288,-34.9220369,https://places.googleapis.com/v1/places/ChIJjYswBgAZqwcRpqhwJbGqpDI/photos/AaVGc3lGlyviHAs5lIjAiIQn-1B6xIgUkXW-wDy8rAdspc_MaV-e1sYXV2aMXAwf6V6E6OqYaJriIHwSJINwbyekgsE5fzrzLA6hRyPvoVyz9bcLocu1lhuL7yoj5wbPEPW76OwfwwbtGwS4MdiOk6lLBNQsCR8bmlXEr9g2qTUPl_wB2qU0x_SyvhhnMcc1LioClIyYBEuvPrPr0DkuPPQmwyjUusLWd2OlhCfjRZ2g8UMwxGeVy1m2EfnxmJQjyGlFLYwtpThiU196MNr4p09_PCRtQY2Cs-Q38v1XL95cwoC3RpiH4LgDoqJaAiPW8HbabIdJQaCrWxtLokX3GeeBIDR4dxRwmw8TsvOd7mmo9MMIDtWssctow7B0y7DeNo3dSGW6EN4lMXcemV0b13K79WgKPUFaV8CiH_lw1JxNbpnRGSRoIy4jjMVBblWzfpmz/media?maxWidthPx=480&key=AIzaSyAc-ZJG2uARUs32SfidagTCbx4NBiRLFNU
85,Praça Josenildo Lins,lazer,park,Casa Forte,2,4.7,-8.026745199999999,-34.9093178,https://places.googleapis.com/v1/places/ChIJxc29DfUZqwcR4Vgc5QSry4s/photos/AaVGc3mrcCH2goAIlTHCcfoD1wHHmv4p16tVqFiM_Q_z1DcRuG0wJSx0r9_tssTY22adSX7mCX8UV5ok-PxHNXC55HA2trUpre9ly4RXiGU7aX_fvBiXbn_K_MR-jcRbCr-4Cdev4HcNr3EZlBofmuQ-ceNX-jpGN7iEcbvfBH-zF51VALTsbv-A1UfTmW3Op-9gAw7GqrrYdET9Lpw-B5VZ8_EIkFRyMg72f75bJQPO3BUrYg2nbk3K1DXYNhbKcfmE00DKYObATsgIQvU1tUk1q5KF9ocN8XJt3iF3Ph674BHeWr46TlvsQ-CDZ-NCo9NsctFXWVWFJEz165JhTU9RrgCB-s5nA_V5F0X4I2oBdB2p5FhRcNike2JLwnPT6osHjKqtgOprIQsMtEauW1wsEeqsCRUzrRMLsTtLY4nRgOZXVlYi/media?maxWidthPx=480&key=AIzaSyAc-ZJG2uARUs32SfidagTCbx4NBiRLFNU
86,Galeria Via Apia,lazer,shopping_mall,Casa Forte,2,4.6,-8.0263242,-34.913703399999996,https://places.googleapis.com/v1/places/ChIJZbjlDhAZqwcRXtTBpBdyIk8/photos/AaVGc3nVQto4X8HA0WkJCPxVYzGMOfbrGnkS3fLuKmkeqpJZ7tnUbT2BU_tlDTSHt-nK4etTJsKX20cdEAJmjTDTRnFccM_jnoXx4cbJTJDdeRsLfYREeGIKOR1vxsmayNNtcQ2Swr8Uq1tbonByB3rQSFNorqz57NxQZCfAyZl5FpgRm2PNMx149ACD1qi9m9omnfGnpIxJTOkLmIZJ3Ho4x-gaFZjoi8vlGVFLravXFpSTV0Yph0gyIejma7Hwyt1gRKt65INfoxBSbq5gxXvAfgvxK-0dMwkyeo0RxP4YPnoAm8gR8gU-4UtyhEbP5N2DqsStVQLAmn6aPn9YVBvXyG4c3WCgs0EOyrZr1-TJCX2V7jQx83fHzMwG3a-HEEf8q__-kt7HSfI6yaQVRIhxdhMP36GE1djLGRV-8kUHsRlMVg0W/media?maxWidthPx=480&key=AIzaSyAc-ZJG2uARUs32SfidagTCbx4NBiRLFNU
87,Penedo Futebol Clube,lazer,night_club,Casa Forte,2,4.7,-8.022844899999999,-34.92298,
88,Café do Brega,lazer,night_club,Casa Forte,2,4.4,-8.016402,-34.913649899999996,https://places.googleapis.com/v1/places/ChIJiWFpTZ8ZqwcR6omW3LlVOMY/photos/AaVGc3liDzTA2CDMPLwfcbE1xq_rtYAhkJZ28G4e8qUZZQoOf9N0ypjr2EhGq2T44TQkSdGX51ysG0deSKuLU0HnpixigzYzq8B-wV4Aj8crLK0vIoE79krvLKNM3Rik7rR1xkJlm27OJvI3TPHZ63u9Z6C92FMNBGqjT0RKRFt7QTHI51HlslqH-VUMr6UADQwrkCs_V4p74nIeX9X5cXIV2WmH3_nEgziYc4lZ1TclH10ASiKh8R9eCPSAiWPuYYC9hfLo2MG1myTeTdL5-Q2YqqvmyVnJwFJ_nXUQHmHJ6yNSBSpG--aguOxlot5NWU2vcQfRE1V47s1je6N0TAJTBgCoJsNwNNuugmAXc1aJEix7N3E7Bx6OFbfUjQ-3b2LoAGkZGULTvA5IwxkQWGvFcQZ1DDsbAnv00XexbKVvhAUjsbmrfEBP_nAKdJ77SngV/media?maxWidthPx=480&key=AIzaSyAc-ZJG2uARUs32SfidagTCbx4NBiRLFNU
89,Praça do Trabalho,lazer,park,Casa Forte,2,4.4,-8.0234416,-34.9146691,
90,Galeria Ferraz de Abreu,lazer,shopping_mall,Casa Forte,2,3.6,-8.029111,-34.9171051,https://places.googleapis.com/v1/places/ChIJVVVlZ68ZqwcRV5dcS1yOoPI/photos/AaVGc3k7JxWWm5G2WdH6BxZ5daRHnsk5Oz0yWxbi57ArpCDZd3dk4_sBouqHQu3Sks6WZvrrGVqOdM-JQHFKSYLEwCZkYJmYVPnN0qkNFvm5Aq0lvNPfYrtHs8FTEYiTnVGY1Tf3Xzupk5oKNrDuaxBujUWz4814n7zxccYbQDwNHpvkFeO8eSjXwOdyBC8tKMcoCn3NgQlMavaTMO4NfyJz6KeDHUrwEr9m446uCKUFyKzu75fAJHeXv-mPopN8EDea6xHv8aVKwn9nWN4ciWpbxhKHbY_El6GL4mnTCUkZ5gbTCASHOkQh8_-Lw2XXLWw18SfbXPLtPVmmcmnTg7e8rlNKWAGRQY3FYgHUx-7GIRvXyQbbTndEZWj10O8PQUzdGZVcKfAoqkfekTNN4AAwSLITADzQ8f-a8EF4VX_s7BNFmA/media?maxWidthPx=480&key=AIzaSyAc-ZJG2uARUs32SfidagTCbx4NBiRLFNU
91,PRAÇA DEPUTADO FABIO CORREA,lazer,park,Casa Forte,2,4.4,-8.022397699999999,-34.9062635,
92,"Laje Show, Pagode Dos Marinhos.",lazer,night_club,Casa Forte,2,5.0,-8.0093365,-34.9225126,https://places.googleapis.com/v1/places/ChIJWVQ4TdsZqwcRQ9aX2dVh9RQ/photos/AaVGc3ntQurB6a-PtkvAbmE4gfLSSO3geTuNF3eUueDqS4cVTiGZqcGHHRu9A04UwEHhTeMIU0zMQyThhpv64cpTo9T4QJ4BqW045iJbVccYm13GJLuHcvlMWFVL9G1_ybZQ-Mf7Y30TrroC4HjP5ilibbNw7WU7tl8iyjyHmsSGz_Bn-7x7Mxu1mOQpXqkit7rYMYGnIZb0hoBB5JA3s3YOpsHjBPRLtUUXHe7X3oxNNGrAnKpWvPO_M4RXPAyf_jhottbVUcP94HavjdnFpAgYATnWaTdnzDOnqtV8IS0IRRvXaWFQ11Qp5IIN9PmLNu6LhyaeV5AgxXwNkzFPexx9Yj8-vU4KGLpmoAmOTrR2az1cGRkZ__kxVM6g0XwKWVZlm_WKdU8JlxBVOP1O8Zq5DkS8TNDNZPz1IMHrLxwrKUrqQqo/media?maxWidthPx=480&key=AIzaSyAc-ZJG2uARUs32SfidagTCbx4NBiRLFNU
93,Horta Comunitária de Casa Amarela,lazer,park,Casa Forte,2,4.3,-8.0273349,-34.9083009,https://places.googleapis.com/v1/places/ChIJ03xnaq0ZqwcReoo5tEsLsqw/photos/AaVGc3n9Bb0B5ScCUAGv-II15ONpGHHLmecH5NWQ9BSQV9PfsY9tqZxt2YVsT3hFb-FRaVGm2ZF2ygOAdMujgslV53dSEjeR1xeJZuWx4GlpnASOdRlhDRKNjfNWMYgB0UZRxXKHqmLcQOn6_g8hyuXfetnGvvLmXOiZwMXQvaI67twEdrfG-ubZXFvfBN6D3kIbINaVdbD1pYkHZ7fUhemnq57Qd4B75xcEYsoWpfps9myzD4YW6pqrpoY_YCOEfiGy6haApR30CG0_yta3Yvg8DrkmrzVrxOB_FKOrq2Fcp-1jg9PVjOD_bMpbK7kjjR4DnWnBDOikG2K0ETcxrAuYUuaj7lUlEAYCkdv6zdAsH4HoFVlZhsKenmQE1-ZANVH9xzOlzBph2CHXYs2-96bXtBzYNieBlVNAEOEiezqpz2Q/media?maxWidthPx=480&key=AIzaSyAc-ZJG2uARUs32SfidagTCbx4NBiRLFNU
94,Andrielly Mota Nails Designer,lazer,nail_salon,Casa Forte,2,4.9,-8.0124447,-34.910039999999995,https://places.googleapis.com/v1/places/ChIJU9bpqkkZqwcRWpTCDkl8Ufc/photos/AaVGc3mAFvsu7a5s3rQgc9Kf0OmJPHtRrtuM2W4V3HGkQXXq-BgGYfTgD2mD1j_WneuXcfMwThIu0SXpaH4ylYQLH4ExXutCR_V5JqgV5luoaDPp7h8drbhd6NpNNK21YoLGSh8ErPth9LarcARPRVwNEyed6-C629SDRLsn2TehMu_vUUQVRrnne2prSJsfLG5UnjURsxvj6nLzl3jZnAYdCItcScNRoywCzQJVivoS4xfvID-jDfhyotL6zoLi9C-VOwx6g8Okuo1IyspVfuIGMexV7Ia0dBnc0IvETeJgV83d5Q09cZH5UUIOwPItsqeQppdVkY_gmkLGSILtgRBpbou9Y2ZaL3UJfIrEEKQHa9Ru2yTx80F1Rs7fPJJLchs3rSqxkGXvN2cGko0-gqwljpkY1iM9tNDM4eRaeL9NTG0n4Gsu/media?maxWidthPx=480&key=AIzaSyAc-ZJG2uARUs32SfidagTCbx4NBiRLFNU
95,Studiocecabarros,lazer,lounge_bar,Casa Forte,2,4.4,-8.0146721,-34.921798599999995,https://places.googleapis.com/v1/places/ChIJmdPgvWcZqwcRWKXpyvxVsG4/photos/AaVGc3m_FWRFnRTrRrZVGn1ISOstwZrNF7wAvJnV4OBtIaHZr5IUxzpWKFMZPUvXfDeckMaYppOCJbtkkq909bkQibBtBQ3OxRaPmZGFmOXOIGiBUcc6Dje1ViHIUeCjQrboPZJQC2YHZdJOQyrfk4-eC6Z80lCVvEW3nMM6XO72mjdHARdiFeCksIXPgQBGeaFymg71Dtoo2DVf6RQx0EBi5dwtvQJYj37GBqjGD9HzRu_uOFbZQochAvgHzFVtSwUUHVGw1gJwC-5bG33DBCST8SIgMqeLIoFUSmJ8uDTtoHXKsjZ17ys1g1o1uLdK5shNWXj1P9ScnaiQRyneMXrHfuZvCY7jYgiy7HF7AQJw4SjZSmXwO8HcNpzN4NLkgFKhF6NnU0lit6orOXK8EC7mcoJRcRh3K5TkWUtJ1NeLXmxRmw/media?maxWidthPx=480&key=AIzaSyAc-ZJG2uARUs32SfidagTCbx4NBiRLFNU
96,Largo Dom Luiz,lazer,park,Casa Forte,2,4.4,-8.0209061,-34.9173656,
97,Galeria Silva & Araujo,lazer,shopping_mall,Casa Forte,2,5.0,-8.0195026,-34.90761750000001,https://places.googleapis.com/v1/places/ChIJ1Qz5ZAAZqwcRTh0cgV6f3MM/photos/AaVGc3mxVWVW70xsb6p-InCQ4lZhYqMQUuhxqaoEpzDAGXibXQuPmfWDzz_rhc0mzYo_uVg5IxTT_7bb0mnR1OGA2u1_NH26EEdIeJ9Z7mdnAbQ85V7DwBuawQfqgF-2GzG9fWEGmjlqSHcRhAXWplW8f2WP7dCONsgTVEWkR6MjsXCZ-IWdepIinGGdG8HHfL_MjbXn4wO-oifPiIaptEtsx-6GUu0gxvBIrEKxrsRmLZe6C2GGlIYhqxUog2i6DYoaQw4jumCHws791aTzvAhY3p6YvtNJ2MEkEgnKqZIu8Eh28CQUsPvdNkEdC1RT69PGeQw5N546JPilVIjxg8Kn8THs3aOIlPCPtK1mTc9phjEO8ozdyc-6M-zRzOocUON76zMDtKU42gEjk-n7neRvb0Hh_IrlhCavktgELh4ocYb05D1v5bTsKoR2-lZGe867/media?maxWidthPx=480&key=AIzaSyAc-ZJG2uARUs32SfidagTCbx4NBiRLFNU
98,Praça do cajueiro,lazer,park,Casa Forte,2,4.4,-8.0167734,-34.922764,
99,Studio Brenda Suellen,lazer,lounge_bar,Casa Forte,2,4.4,-8.010149199999999,-34.9245392,https://places.googleapis.com/v1/places/ChIJc4U3tnIZqwcRDnRoHN9yLhk/photos/AaVGc3l3AfOoi5T4bVZiMbp3_8-LuRPSOhQNhMGnFz9_-pXp8SJ1aPTk1_l0m9BHBJTrG3uUyH-JJKOk56GTa7paGDq1d3Q0M7sf31bAmy6cGYUUYgaOAVSfyBsKwshWLks5vBS5rXA4I1OKiDyQ33m-T2VXgPHO0ORsRlvugHQ5B_uS1tP0NvUX74cIQKHnCC1k4a5EY0884y2VzW-xT98cLirC3q7RYnzon4TLbK9LqVoMJcqKC6x5YsDiuGEt58D4w9mLm0QVuWYIa-bnF-0twZX-bZb87YIgbjAWACJ9mxl3591C57TQDQFxKwCu_yplQ_eoYFkUf8NAYu7a4o8lJ8CY6LrNirQApxgWwBTQTyOS-9TeVbZcrNpa3zDBWx-gF6ykn8mFioJnwuP1hbDAk8-GeU-t52faAOPwZNi59tiGYg/media?maxWidthPx=480&key=AIzaSyAc-ZJG2uARUs32SfidagTCbx4NBiRLFNU
100,Studio Vih braids,lazer,lounge_bar,Casa Forte,2,4.4,-8.01856,-34.9115726,https://places.googleapis.com/v1/places/ChIJmWzdacsZqwcRjJV37II0Nm4/photos/AaVGc3ngyCixERrXynm4rDlAvTkmlP6gEouW8XWOkf2atlMr6qEgspV2BEbwAiwPUqAAFMrCC3DdbO26mGvuoW2iSN1dBTJyFMAR6bwXPbBs78X7cpZQFdU_NvxFZsGPA22SpvaO00qq-BrMYz7UX7dE4BUcPQfG6D_8oP42_OCIcKvBxDcrswJO_SebByMJukT4S02Tuc-ak84D0eUNnzvQ-wX18MEff45PxvIh6-MU1vusedvUcL6JJ9AmXqEemCLV-jbUh-OUxVppl6bRxcXZzOknge9RUaMftv-EdtJw6k0A16VGz279ziaiEQOLS0c_ihTTQQKKIwl21iV_48aBCWR5TbOYcFeQtIjDM6Pq8EsONLNRhwxTqOGlm8vwQc26hY4TGzArKOY52knfT9MhZrG1k5ESg3zR4x7U-qzFw4lZlodn/media?maxWidthPx=480&key=AIzaSyAc-ZJG2uARUs32SfidagTCbx4NBiRLFNU
101,Memorial da Democracia de Pernambuco – Fernando de Vasconcellos Coelho,cultura,museum,Casa Forte,2,4.5,-8.028774199999999,-34.9117716,https://places.googleapis.com/v1/places/ChIJQ4rx90cZqwcRvsZxYRi8Fgw/photos/AaVGc3kvbVaveIlxiaz5l-5HVHVmrBWhaO8FgoANpzsodJ1nJiIZ2OgTT9mZBYKhqpu0DtRZ_f5GnQt7luweJM348M2pbxWKxoEvN7cC1fykbyZOxVh485w81JybOCCXpqnDgO_5GbRM_iLPskcwZKjLKXQ9Ju6DhQ66Oqu0LfzsNEISdxP8S5usiUHUNEnC_z_3p0iSTAASJtsIAwgovVBEtGT6I2VxnpGeYXxrAKS8oEBX1A97L9RP9IdWy2cdxnFQIgrD6lIshSijkYRXTKxP_iAoihjU0Wo5ThXV-7ilzNlwpTEFn6tyOrSD0P75qFTntUsOg2h3AGHE1qBeSGO5-faZirf_duPkbyX9PDdbo6XbWfuDNVHUbY1Kpf2cYPAYIp7I8FTJeASGFLaPjo6Z7VcmF-1Q4CpN48j38AlqcdkZ-TZWyq6qkyX78hCTvxYZ/media?maxWidthPx=480&key=AIzaSyAc-ZJG2uARUs32SfidagTCbx4NBiRLFNU
102,Sede do bloco Obirin,cultura,tourist_attraction,Casa Forte,2,5.0,-8.0177724,-34.916719799999996,https://places.googleapis.com/v1/places/ChIJ59-qYwAZqwcRVgAX48w1QAY/photos/AaVGc3nI8T52M5wxqjAV_wybBFbzbblR-dcjhJsVtt7EQSlJLN2N1pmDKdKJ78eURfzm_7JPN-NhqshmPA9hgprvjwQv_aGI7Yu9joJpcsZc8-959civ_yBtCbx6XigBSm21uwrQ1_3-6QldorqCJQSbJntRZ2m5qONRZEKupg1DZGskjTcSBmROoUccHBzOXUtakTeaMFh8sLTqdVI9MlnOD0DK8CsFbalpFlcU8iI4zagBSaEn_vQsKvGzWvzmEQjSwtTVnIQCNRDZ7WN_PSb3gU5_U26u2I-qLyMDs4JDIciB4yd_qgKXGnj03InFX7aNP3llGSYTVSVv2m2JA09si_dZoDseo39DRGH8tAcB3s5Wp_HFASdahyN4N6X4_HnDD-1qQMVk3lVT8KznGgAm7x8yCJmwlqrHYiddw5ulo0sybOVq1SKFUkaFR8LNeA/media?maxWidthPx=480&key=AIzaSyAc-ZJG2uARUs32SfidagTCbx4NBiRLFNU
103,Monumento e Busto Padre Reginaldo,cultura,tourist_attraction,Casa Forte,2,5.0,-8.0195718,-34.9149367,https://places.googleapis.com/v1/places/ChIJm5xObgAZqwcRk-fA-V3rbWM/photos/AaVGc3nxOCpF1fdiPfaTaUNcNo6fqn9RZAIW8egDdqQvycVub6n9IBbNYRBHRrmFPjbUL8m_bfgOJIjJ8s7OHN2UcbNFZAxN0vM88IH2mLgBHDJ3VCrSKAAeMy_zn7GK43ZWMRaAdmhVxBVXbDWusFsb1M34Okh9uvFfJQDsRG1umjjhvCGMkJlbLPqHKdVHJF4KGE2Z6OD4Plj34RpxCo3kIwen9Were6Fr6-tTBBg97l4CNe4jyA_vS138PBrJEbvKJPYsp6Ld_jc-RNoziN_goMmtoH47gg2565a5F8xONx81ibPTppSikc_QcbE2uYAj0M7bi2nyXa9Uv7OYSS0Fc36PSGOTQ6LoGpnftD7K9Y7WhRNzoKh0o1fcQAcZMlI0vyyQKplyn_sknt1kLGDrHo0-DmYjlScKMQy9mUz00X42O9llfK4v7Lhqgg2zrQQI/media?maxWidthPx=480&key=AIzaSyAc-ZJG2uARUs32SfidagTCbx4NBiRLFNU
104,Escadaria com Mosaicos em Cerâmica,cultura,tourist_attraction,Casa Forte,2,5.0,-8.020012399999999,-34.9166865,https://places.googleapis.com/v1/places/ChIJNys4egAZqwcRbI5ARR6k8h0/photos/AaVGc3nZ4aeEFRU1hGjHjDdnC5PT5FqJz18okh_nQ4gUmHcOg7DZNm5gh1zjWEcPwWan9ItBh6803PsKbkD3xP0vptwUP9dY7fOWEP1OTgEhW8UXqKwaTZpt2ELCzdbNJ75VAGB6GkU34puLYbQMobbMsYXqebzKZr9VZOloMsG-OhTid5TMOaE4qOaRx1FNwozClPjhQ2QP4TT4YYpuosxhY_cWey9Tt9IwUIduhcLf3hStA35Bti2EWBUmk3MW1qQv1okFyRY6MV6Q7exyditKLK2ybWZRONRQjlphhU0dS4wwxLsw6eKa6ud37RXSJ8wNW2f4FC-VhFhkJQKX0gmmSSN5JeqextbJAYZcu9vPa_iDt7J4Z_tE4JT64lbJi8SDN4620_Lv6N75uQyGvUPz-x2qH0pg9zFbRXTRQqlAeZnJdwiGrFFIoNTpS9ccCw/media?maxWidthPx=480&key=AIzaSyAc-ZJG2uARUs32SfidagTCbx4NBiRLFNU
105,AlvesMartins Galeria de Arte e Atelier.,cultura,art_gallery,Casa Forte,2,4.7,-8.0267479,-34.9138111,https://places.googleapis.com/v1/places/ChIJ594gNIk4uqoRmMg7cx85fs0/photos/AaVGc3ma3Pae98fNO0IPOi8nnlh3Rmp39eL1IPA98z5c2Ryb5-aKkYoSdq6biIDseE_YMV21O3HYBINZvccdIW0cyahtZNP0Q60XSlOx0oWF7sYb3_lBnkQ2_crH88SVIcaQfWg-WQxIbgZ5YALbwh5ubbQIp5kflCc0wja-hbbP0RiErI_HZb2hVgkdQCRephrRXR5J1YVoF6psgdvdrIqkDu1M3HwqsU-cIHAHt8iFMQKuxgHsq51b4QChtY1LNIn6l-zuHKd4Xtkp6_Akh1Ssk_pQtYmunQ4m0D3r0M9fs9Jfk06J8R8vxW3w5AsSX56BtakGAxzFa1Vt4Icwl5Bsb-V4MtJ3ZBJoeMnIVvDJ6jNtpTI7hV1g9n50UtMYRHdYPER3mOvr5HRiblmpqj6eluPSPelFrfjLrAtT73D2Y0TDGjUQ/media?maxWidthPx=480&key=AIzaSyAc-ZJG2uARUs32SfidagTCbx4NBiRLFNU
106,McDonald's,gastronomia,fast_food_restaurant,Graças,2,4.4,-8.0508937,-34.895565,https://places.googleapis.com/v1/places/ChIJMYfrAIoYqwcRE3Z88xorinE/photos/AaVGc3mNRNc77d75RYBCrAubdTcM4emCiHmQZ8Txi662h3SMY5GyJuiKLnDIcjKn5PRhWaZ6xV51S0RtCuY_K2DpiZvuEBAl76DUJ7lGQSQjs0ta5qGBm-0-KhUCskvfhhygH3O9Zh3gOUXRJ_iHptMSRAyLb57C9VkAbYkE5v9uRJG2Gi-kqszbhFBypJSdPrsGlDVJloEvrClmFjHPdzpdNpZjynpzcnjl135MGdmdu9nGz5gJw7JNJmucz6YE89OKcaB78kn0zcOTm2TTPRU_V4JDxUDPIgOCgZcI1X5lBF9MIlJdHK_ZcH0kV1BrqZzNUgiXjdH3fuTyCW-z1rYdjScekRYy0gzwad2eH1kJSlW67tZ_-TZPyOOIm9riZFb-mGQzrXimn61lRKUXAmWVuZDEaWttSpOT1iW3Ckpz95BXqr8/media?maxWidthPx=480&key=AIzaSyAc-ZJG2uARUs32SfidagTCbx4NBiRLFNU
107,SB Jardins,gastronomia,barbecue_restaurant,Graças,2,4.7,-8.0418786,-34.9035422,https://places.googleapis.com/v1/places/ChIJJbagJAAZqwcRXSvcfAkNEwg/photos/AaVGc3mNHfKtxoPv1fd2bfhCG5Y-40pSz9fH6lLCHGoPUkYd7n6k7MoibAiaLk_yTncitHDiiKW6tPm3ZjIQtb3s3iYsAGzdLYEKWKYTm0dShq2PeTBUiPmNgdUk-iEjXEgxZMZX82HqE80X63v1ChVQNa7qNCakMmaV1aNieEzs_FijxaMUxiH3zuPrU7xU_HY2nnDeWi7RubSctFLvoiGfUThOR5lYKuA2UC8Qplfi05IXOsQuyaogyou4LAFayU6niO9MeqTcI4I9dLsmZB_ASdXG4GmOPwTBEUodOknz1-dYy454bu2RmlSMXKNdY3Xew_dMUIWNpwQjV8t6ZEZeHSa32sxQfYQ1zPpVt27PJ1fvoZRHo0sJ7Gfr3Noys76_vVtAoEC7n0hiwYSNYkEKe5guCmKiVZ_j8tfcJNB2Joq24FFYoWpZJ4VQuJzCYHjt/media?maxWidthPx=480&key=AIzaSyAc-ZJG2uARUs32SfidagTCbx4NBiRLFNU
108,Gildo Lanches,gastronomia,snack_bar,Graças,1,4.7,-8.0576112,-34.8994573,https://places.googleapis.com/v1/places/ChIJM54mq90YqwcRuk5heI68E5A/photos/AaVGc3nxo6DNWozAptGgZnW2WGfQU5v1I4Y0iAHwU0kLyW1r-YlQ35lODCPiELSN7bQpprurohBvFzd7oxvrwQzimCzN0PEVx_fJXIqYz6LyO3AE3EDlGToh1nR4N8cKWnPlKW9KlWWX7re8B701qqioBS0u2qGoeaXeypX1KZFN1YJhBlj4sMj8t0EamT3xFb0V3LRAC4-TDxoO8ekM7OIWsDWHEzmzW4OaHItWZdchiBk6QpaJK6_HJQ6XLeVpraKj82sXUFClwVhXKOOfKo8d4x096hKTZCmgcz246pwPRxCokDzwN-yJvzIm0j8eO6Cb3D3_8R2WCJTET21ENPZ5RlM-bjt6ZGXQJNxalv41zatTKm9yG9XW042UN8EKiRgJ3kT2KTFSOSgwXKF_yxYq13WHlnR_eSyclz3c3XQODFQ/media?maxWidthPx=480&key=AIzaSyAc-ZJG2uARUs32SfidagTCbx4NBiRLFNU
109,Portal da Picanha,gastronomia,barbecue_restaurant,Graças,2,4.5,-8.0353877,-34.899360099999996,https://places.googleapis.com/v1/places/ChIJsxcObFYYqwcR0i8D1wrmdNg/photos/AaVGc3k_p5LbEQkTlhlt8RiL_iaGdsK67QyrCnyxoNqvBkwAjLnnRfz9nV8-7Am09bbiDTxOo9vE9gb0kn4BpgJgcXBqQPdyTypRkhTUMdaeEErObePDELTbU5C9JcMXIpTZsroPG5-snqOI4o7ZTlNNtPO6GM0ESdLNTT6tTbTsnmNV-lN0OX4lbuqCW70Pyi9_INa6qmfN5gFoguoWbEiYDdpu0zhnRj21gyt-oGjAPs5vxrZLASqLJ0v_2LECoOqu2YxeALU1pRvi176bmcR9yP_0NWenLcbq_0Q21tfEwx1LO4euoCSvkRZsbnf9lIBu8LVROtxy0aFUi2GQ9C0RPgMJ7LWWPYDh194cvaEDuSHb_QCJ_FTtut0wnnN3rvEJmW-DYRpyonmv6GWI1z0GYQQ5ywabgJ416hCoxcJx_51qPJCzTkUyop5HdsTmbQ/media?maxWidthPx=480&key=AIzaSyAc-ZJG2uARUs32SfidagTCbx4NBiRLFNU
110,Subway,gastronomia,restaurant,Graças,2,4.4,-8.0577462,-34.899007,https://places.googleapis.com/v1/places/ChIJO1CpTtwYqwcRLn8t5MLVuME/photos/AaVGc3maESe8U5jnHtR17u0lX_XKMdjKcCyLzfwnNjS_ODTdONjbCKpTHSHKDAIx_glTVNlIKwBGYalX24PdY4HzxD4ANxGkmyqluc446v4VqW6a65oTqBRgmiV0fuVZW0EVIUeCbYGjQKDn3CfaUFf0lbpPTsllldNtmT98DjFyejwtvG8H5hAYCbcHE5e4vhceQpvYT70yp7R9YhMBs1wlKmc2t9V9PNZTfS1JF2ZwH0D4f1RLLa0LXTYyvL0vVgRattAmcup6QO6rCkh4e-80JS_PyvwjrY-8m4efVHovF2isTJ1xapfbn19qmJ_KerftH3lDD88roa4aLbla66AV9sXuqBcFLHu_uRorFNdPVp5bxoxAXqyTtIwBfx35Qp3K6JzAs8ylyUoq1TVB-FPFP-4xPEttVg9us22fHJE2GV8M8Uh3iljudGwSAHZCdOuV/media?maxWidthPx=480&key=AIzaSyAc-ZJG2uARUs32SfidagTCbx4NBiRLFNU
111,Coco Bambu Derby,gastronomia,seafood_restaurant,Graças,3,4.9,-8.0592474,-34.8983996,https://places.googleapis.com/v1/places/ChIJG3F4nWMZqwcRys1W0q9St6k/photos/AaVGc3n7wtGbi1PoHqC2KQZXd7LIWWz3Myoff1PFjGS5eBpEQ_CGdV3UymKA8CpYzGZo28Pr-9rpONs1TPeEMN013m-DHPSPWz3qaPzWoefFOHHyjv0GVd8DBY27pEKdD0TgwrlORZFzUyQD_yy9V5MKarvCEomYxQ2Oxz3pcqU6CVFtiywYmpbDSBF9wzOGLYmW06wU0B8uZ4stZ4AR2nBBmt66zGRoBO_kRxy8NMRJgJ5NsDvtEVXyNByXVaYiQdxByG1X1x7CnWguF40BDaqUEGbHqM9CXdKoZqPZhebtGNF9nr67T62b5OPGL8WP8uZIKFPl6yrIfcTPRf1YdBgLSlMNuHfo381z6jQft-z10OkUokgNMFfNsWYudNN0BZ0-gdfId3LUcVIRzrb3PMXgfGrflskQbFlHuz-Zw_cYcmCETg/media?maxWidthPx=480&key=AIzaSyAc-ZJG2uARUs32SfidagTCbx4NBiRLFNU
112,McDonald's,gastronomia,fast_food_restaurant,Graças,2,4.4,-8.056124,-34.8973923,https://places.googleapis.com/v1/places/ChIJAUx4VlAYqwcRA0qM35GD2X0/photos/AaVGc3lV9LzvXE-D6QK2PmpvxH0Ewc9kfI0tUVhH_1p7NO4j3JSHKFNerF6hqU60zBN1KRYIt9eXcW8IWnrfZOqI8AryQTyoqIUqPimJth5cwhl1g0cx3pXoZZSwk8S6ef3sxP8ZnG0JnPSTebI9gBIo7jT_vuTyzvnHj7Q88Aa_CWeAC3bZE971dAa02oOwUniHlZ-DNkM3oKcuTUCWXSSTfXdoN35694pTgZUbjkZf5aII7Zawbm9qiuRSdF-imyPLBS0PGtP5u0fWYXv93vIPVWT8pEqqzI4wllOA0MBeAcz-El1g05HyEO8jD6BdxlDlHqKOPuDd7PYsPiQCqCiV4rHWYV20ekjHb_4rC3MjK911-My2I9c3P1AIvQX71d9e0Z1K94QRCgEVCBkw4mVfuchCggz_rMoDrXWSMxHxolEzHr4c/media?maxWidthPx=480&key=AIzaSyAc-ZJG2uARUs32SfidagTCbx4NBiRLFNU
113,McDonald's,gastronomia,fast_food_restaurant,Graças,2,4.4,-8.0608595,-34.905547399999996,https://places.googleapis.com/v1/places/ChIJe_f5BisZqwcRbiwuaIhyNP4/photos/AaVGc3lXXjj7GaXJ1Mrbl_MwJ214YdljDfzj3WFfYcwi5ca4UhVzk_7JsJ8xUoZjoUooPt6-4Z9gQX3mge_rHJDc5Zapwo4PhMc082yDNFDd2y5fDW_IRf5u6Yn-1ginwn3ruoreAcrSKTwOriWxDiqWMwcphOFC7wNLDUn58-Um-yEswUJGGWtD0vxEVvhR2Ryf2D8w4ciVOslad1j5ppnHOLn1HJZgw7Xf_1cI-DBBYeki4DZQCGOjNzGlFlnfkgCIzirGRR943FbTl7_DfcW9fA-zN96h72GNNOlxRLxSVcU07G7614991tnFrMEVjcgiO4-4RKQNUyFtc6mjcKkCOx1OTW-zwurgE-mgDhf_9GOVD5VLdf0yxhOPvGtPRQj2zUhaa-Q4nz17ugnjwJsr54vGgtWsuJtGHOwPulQr2Fvj4cT1/media?maxWidthPx=480&key=AIzaSyAc-ZJG2uARUs32SfidagTCbx4NBiRLFNU
114,Pizzaria Atlântico Graças,gastronomia,pizza_restaurant,Graças,2,4.5,-8.0475288,-34.899497000000004,https://places.googleapis.com/v1/places/ChIJGeH87OQYqwcRoOXYFp0LrRM/photos/AaVGc3lwXlRtf3tXwf_iFbfsMyO4cpA9ASLNbCU6DeZmyYvwbKM2S1l-Vm1nm5KeRCmep5OeNZ1D4P3WmgCufqRdx8YlhGN0IP2cJv89CfmtTQ3QyNH0nUZLfy4D9fiD1vxhCs9QM5QbBJTFgzENwJ40z4jiCnQ7brZClzYBrepzD8KysQdLFVuSqJNsoF1ChCgGwi4EAmM7bTa8HVTZv1YGNY3q5hjxqkxbDYRbT7CIZqTaQWjwJNOCm9XN74z_VperrE10pFJfaBztjuVeuwvmldN6bLB0LP81jtiUVqlYjiHo5cLiWGBx0nWQ7Q1cWzLV8ZRi-RFBOZPY2aZ3qoIwxd-6LzBnoXY4uuVLfQr_I7HA03dbvUSR-NIXubf9Sjuh_8Y8sel0K-77MR4dQwlGe6G0_mu-H0uRL7M_Ik0bxE_POKXh/media?maxWidthPx=480&key=AIzaSyAc-ZJG2uARUs32SfidagTCbx4NBiRLFNU
115,Entre Amigos O Bode Espinheiro,gastronomia,brazilian_restaurant,Graças,3,4.5,-8.047212199999999,-34.8946914,https://places.googleapis.com/v1/places/ChIJiZ748e8YqwcRBJHAP8RdKEI/photos/AaVGc3mLuuKADgK1A29yWQCrv9IG1CFdnb5d-qiiu-E66anMSd0zc7qNixYAeC65e2187caYMMg96o7KM-2_cyB1NCCGBN7Xcha3bPgJQEF9g-_7M3y7hw2XOJNE86FcpVTOyywQV_kdIrkRB14-4DsMT_flIN6byYXsKAvBK4e4XDOBpphEbKfVFL5PRPOfm0GZ2QVFFm0k53UMqihdP9vt9AMYzKmcTrnLS1OYKGo5VM1hX3lRP7keBBKmafJHDhvfGJ1CisVf-CVriGmA7Kj9V6l5kvDxAKcTE2woZpBk-rel_kjAxLbzJ503hCRYrsRutk-B_96pa4iGKCD-tb9EO3N0CmyJ9AOo95MeAjk4mNnHmDJnFWzvSChvyq0vjykoBDQ8At764xLkytUKBrKrZCr1YbSng7VfPfqrv6kPQ3U/media?maxWidthPx=480&key=AIzaSyAc-ZJG2uARUs32SfidagTCbx4NBiRLFNU
116,Habib's Rosa e Silva,gastronomia,fast_food_restaurant,Graças,2,4.1,-8.0435303,-34.8975937,https://places.googleapis.com/v1/places/ChIJ78qiWfoYqwcRosxltGGobrA/photos/AaVGc3lJ4rv11gQ8U4ySCGlgTZnzoyz7ZGgiTGItS4_H6WLs1aV-CNYzwzpjHB77tWjcJE2BSB7yYiS12PItBvLBIVEGEU3H4D4R03gdj-2TLvhcWRJuwgClbqv804h30uAaktNX6-qAua-Aic1QC44YvofZ5zIYd2s2QpQRtmFbee2IMdaZMq4Get66pxT3hEcrKa-qN-6AFXfCl5KajAPCDMpQg71ULyMTy3LRK7ApRp8nD1A7YgsAxR54ihBhCLUxsI2HgDBl0vntfRcVs0y7MD7qkI_wKfyyv9QBqPJOTDMSiaLClZdus6XuWpK8iY0RQ50wZrpnC12O30_QRvcoSdDI5Z9cLpgS6UYQzaVLzyWp0ZenNd0gI84VvuuhdHYGbcFJ1ULQbOwSPF2aNQdTfv17thp49Q-nZWwCOujTt9dLF44/media?maxWidthPx=480&key=AIzaSyAc-ZJG2uARUs32SfidagTCbx4NBiRLFNU
117,Pizzaria Capitão Gancho,gastronomia,pizza_restaurant,Graças,2,4.9,-8.0366537,-34.90004,https://places.googleapis.com/v1/places/ChIJT2zpLgAZqwcRJyYyJLCOurM/photos/AaVGc3m0bLS57MI-g7cTFbwpH5PoXMVlkyuTirhcrn8SkSmJORkvBdo5RXX7vXE6jvpD4F-LBj2lvSJhz5OwZMS0xGPapvU5HnjWQVG-Vju7o5zS3u-TJhLhPHsLViejV-PVlQWbZpeC6DX1CO1dzGR3CrZhkgxVg-HA1wBq67OX07MNICZhTVEsNcrs-WrJ1o625WyYwAMTA9TMhCfMutklOZKlk2jbP9aYIVKdh06YlER5kfP8J8_lEEwAFfaRqo0butYvGgi3Jso3oo2oL8bHa35sxFS8x2hU070WPZTH33qm1NCxNMa-3P5RkLV3R6m2n4eeXl-6aQ8_6VH6GXhEtgnDIhf6f-UCA4Mg_te5Zk8xCux1kLl87bkv_Q1TMwzSdJmUAJRJZrn1yhbxMzxciIhpmtGxkmvPuffPjabE_BjPdV2Bk1bbATfQnlzd6Q/media?maxWidthPx=480&key=AIzaSyAc-ZJG2uARUs32SfidagTCbx4NBiRLFNU
118,Restaurante Papacapim,gastronomia,pizza_restaurant,Graças,2,4.5,-8.041212999999999,-34.9037702,https://places.googleapis.com/v1/places/ChIJ9ThWQfwYqwcReHGbfc8AZmY/photos/AaVGc3nDk5EOONVwKXsTKX8EFTx-3_ngJ7VQ0ZLO8YHMgpCC89cz-BVuuL3wPliHWJYzvXcP7YzqtLxgK5VcJABoc29OvHSbqHqqQj1uviBGZCPTntNRue469SQ8EYMeq6E7csI2BSPUib0lo_4KkoCmf_WfbDbm81G8LjsXO8hy1dKImiQKBwz2ETtcynIsCzMgfARcD4Faje4cJcYm_lV3lgXusdt3HWqIq0mQ27dRTSyj5PN9t3OoXTqih_UqvNkn04pbetdzObK6UccB82HRp_jggOOpA3StAXzBYeufgowkH0fiRkXTNwK0XW4kaomjO_Zr8mOcuHHOEM2EzjWYtUI98tJQk3mybNC52VkRwVsH8GypQdRlU_JPKw3_zYT7ozqr5KcFrbv55_Pd-r9nsraiZoSi1LAdxZtcAQSAuEHVKw/media?maxWidthPx=480&key=AIzaSyAc-ZJG2uARUs32SfidagTCbx4NBiRLFNU
119,Ta San Yuen,gastronomia,chinese_restaurant,Graças,2,4.7,-8.0412952,-34.8945577,https://places.googleapis.com/v1/places/ChIJ3xGDgfEYqwcR2bYejkUtyoI/photos/AaVGc3m3lVA7XI4kWe6rpJ0EJZ3kCCF5dM8nMzBHjObABHu4zKDsM7B-lKp3h7BidokEKmqxWd6fRfV4nbfbyTpTUVZWKD_IPHBBG-gKRuhQLatrtYreWkaJiaB1OJY4vfY9DKWhOa9rRl0Bhs1mgbOP4Q8Cm-nP5tg7sfsC5UgPkjhj7unIc7oNXcAyrKPiHl4wrLk1tFdMQRfnaKZH5d-hMliw683WcoZLxwVOL4V6kyUuEuiGlGK12cV4zs7yeRADayKJpxc50NewFT1ViZL4I0Cl5y5gSA5VmD3Pfk1w7R9IWr0eXGXcT5kmw_f_QEE_Avdp3zVI8sqAB64c-_5PzdfN6HQXO03B-2PhC9ob-UDHFY0F5Nx36uCaLBzNOszVf9kbWBTZzR5RY3tf399OJCSnIxZH5kC0ImCxTkTUXXKLCg/media?maxWidthPx=480&key=AIzaSyAc-ZJG2uARUs32SfidagTCbx4NBiRLFNU
120,Livraria Jaqueira,gastronomia,book_store,Graças,2,4.5,-8.0372024,-34.902751099999996,https://places.googleapis.com/v1/places/ChIJmRMwUP8YqwcRdIqLyShYDcY/photos/AaVGc3kwVZpMe2tkCSSqMOUOQgQKthnB-AiCHs__owuQXX17dfDmXqu7rHMf0fwYnuIIjnhxtaNQf6op3s-mK5Iyf2dmEK2XOyMH-A44xN_UhqvQ4I2yKot-lEGBuJkwaVKwCNJpstqPPHCCSNDF5se6I54KNTQHIrljl63bvSdwhtQQBQg1afrcSVg7Vtpzfqw8owHxMzm95UFvp7zYEdPDoTnQXVCH9F9hj4H1_xaD0jCG8C6y2g3wcFnUldkPhulZ9Rmy_paBKGqWPSW0LNWhqugc8gZvGZn7H17GECJhHsZALPrE1cOP0M0Nof0XM5fntBc-N0zeif5wm3L9DpPuSF-fgwwauu17Txa2YJUKiggiP6xcwIEmp6LqCrlWmUtBxqvrhfWgpwzyKAD7MUmPOjnERvSl95DSa7RQntIvVEU7Qrs/media?maxWidthPx=480&key=AIzaSyAc-ZJG2uARUs32SfidagTCbx4NBiRLFNU
121,Portal do Derby Restaurante,gastronomia,restaurant,Graças,2,4.3,-8.0545112,-34.901347,https://places.googleapis.com/v1/places/ChIJyzPJu-AYqwcRpemHld6_EgY/photos/AaVGc3mhpm2Ojsl2BxfPv8ek7CHEqYEFApkvOzHvtMB66W_-0vMuO945RhSsyCpv_sJbCLk91itOxgX8WmDpMOuwl3ELmBlrnpAjmsKi88M8g36TTrmeIYZC62GvSwMvshTvCnrmvInhxvfr5dbYJIOXY0cTP7YwmoE-OEPZD010wr8iHPgC5Gh3yTnqVAzF4KngGUo4lboDsDq3znf4EdS664mdQutonoCsk3BSmvqpLGYqxtyyC8vYv1eaX9IFU0x2i8PcuuR1Y3ZFOj530k15FOFyiFFEQsA6jInYNbiMPCnjqqiSa7PtBko2RCHag34pIWahKVLFJ5R6C51vP5SFN5gw3ttisjjFoywZZ5w3NW77T1KTlJL4R_aBMSDtnF6VqJNLWglUGet_3-Ol_Bbl91vKD2C4PxRhXgiPWKYHhmaiUguLBtwGM57iD8SfPQ/media?maxWidthPx=480&key=AIzaSyAc-ZJG2uARUs32SfidagTCbx4NBiRLFNU
122,Brûlée Pâtisserie,gastronomia,pastry_shop,Graças,2,4.8,-8.043512,-34.9026193,https://places.googleapis.com/v1/places/ChIJHZi1BOIZqwcRHIUwC655AK8/photos/AaVGc3nHxhxDUpcq3-tsiCRqIJOwQTMrnDeK1rGxGKg3JhnzJBhqwaDjLKa-r0uKYBYxyL3SKrVyVndVOI2v633TsQJsuPQuvsAzN7B3EbD5xTYogaf9-fxV-QxldbaeHtljFeOw6S6q0Seyw1W5js6pAKpQOWoawD27G2NAU-qgTiS0nfEObXX9WpZ989sZ3FoqSiAmfR7m2lX2zX5YwNS1LJ8H-OHO6zgQw2nWUJ4RDeG37K-rbi5h90-qZpoD3-hZKl2c4V5abKrNPFdc7CkEWHvHwnTz7lpRFdRfY0zDMIYC802LGF-DwitR3vr2o4LujMMcXEsvUFzIJ2gQ3LmRYzIPl3wnVCAqJQ1rbkbt7f7ZoY2F6N3tVtN1K9oXVpLY-Q3VaV5y6UOmoK1GkFhiIDqTkcVHgWPW14UXBrn13HXV1Tk/media?maxWidthPx=480&key=AIzaSyAc-ZJG2uARUs32SfidagTCbx4NBiRLFNU
123,Restaurante Parraxaxá Casa Forte,gastronomia,restaurant,Graças,2,4.6,-8.038168299999999,-34.9118991,https://places.googleapis.com/v1/places/ChIJN4-2LQEZqwcR-n7DiPvfpRk/photos/AaVGc3nWMdDiqgQBgiNaPdSgYuBFFL6kwskC41C-Q2jzBqnwyFoR588P2E4gCKC2Vad6IQ4k-x_AE50-E3KYktDplnYwt9WlhqXI9JRIs7CcQf0Qee4iKNTkermwq0n1QULNrzvz9llE-26rMT0yhkKm-0HTkglRg1pVR9iQ5ybP_Kwv7hAGAZs9hYuhp2q8wZ2eBcgGgj2vUYffukWGa9DFwcOip_IzHATm81Hey_Fcp-nUhQjLufmFaC1YG7obtljUrDjPsvXDfGBoZjy9-5413M9GMW3N6cbsbdVCa_Zm4wnzEXW9-YBH2M8p6bSqjp5Hr3EpG3PfLzYVZkFAC7ZBs6Zizki1P_Jy1p99Elzw7T5uzLqe6uLcMZa3H9BQ_Ws5aDzVtggik4uTSgsAPK_SqVhB4BaEcQYZunMlJTv0ZsPTJjA/media?maxWidthPx=480&key=AIzaSyAc-ZJG2uARUs32SfidagTCbx4NBiRLFNU
124,Guaiamum Gigante,gastronomia,seafood_restaurant,Graças,3,4.5,-8.0361376,-34.9101448,https://places.googleapis.com/v1/places/ChIJ9WqSdaoZqwcRe5RoIJgd9W8/photos/AaVGc3niKyjKODxT-rK5_UTkiUb2evXNohTGjtu_-pjCP58XmJdbWD1UQkaGLEYeyfHquaIySAzDKV1YAcc4QfsT3vHtK4LifOKmqlccBwOqLxfRsZBg_CezgFE3TlgFCc3yVFmoP14I7mELyejGi_OLaQluPxnttTffuOaOX4ZBVck0pLFgWhPcjH8WBvShdXyBQN3O44GeL1hODlnRh9LsrIJoUO7l5ktwRfnU2wLSl38CuE8QVBtaQUbNSuK7rmb81d91DQJFg5m0i-vpxCMEahC31nWgVXwXyiXjB_mNZvMs3bu08VE0GaJZIQ_ZzP7o0h1_J4fNNyVs7Xob8tDHruRdONzwOG39G8rGW3SqK0mPCLmy4QePQY3Os6_Fbvx5Tc8RIPTY0xoFxPh_7TmdLTs9mJ7mRRKsbcLb_g3VAIHijg/media?maxWidthPx=480&key=AIzaSyAc-ZJG2uARUs32SfidagTCbx4NBiRLFNU
125,🍻Meu Amado botequim I Madalena,gastronomia,cocktail_bar,Graças,2,4.4,-8.059343799999999,-34.9064864,https://places.googleapis.com/v1/places/ChIJi-rhSmgZqwcR4kDc53cQZFs/photos/AaVGc3nnsR85xJwKPRa_dN1Vf24AuoFyXp0_3x8cJ1i_fWfbIJfJ8wTMVZCmTsabwmR34u16tBFwrD_Yh_84HnJnG1PXmMgTWRLi7zUsRW0soydc62i2bwEYnHNcJZc8I6uJkb7kxZOkZEcsQHea0uUIaWDAP1G8AEp5kl_Omtng2S5UMapXkXt5qXUgZiwAI5BLmJvIMqZONtsMURxSXH8CbVJQNjlvPw6c4gKwqzSHgtmSLn0sZNWcKrR4qNbW2j3ZVFFo7LeuZxOFCO5-O6b1n_lku3-GbqVQ3meqSXspK5mmncqJDdnq67TyNvK7WLveNpwN3kEKHeuDjwwgSwMWjF9lmLAS7acWzthLMnAv0alWr05AXEMdcxkUSIKm88Cq5hkr35NKjhyI9A7CsiFMGb9FNOctV1b_OmVjEl5Rd8Q1SA/media?maxWidthPx=480&key=AIzaSyAc-ZJG2uARUs32SfidagTCbx4NBiRLFNU
126,Plaza Casa Forte,lazer,shopping_mall,Graças,2,4.6,-8.037087,-34.912994399999995,https://places.googleapis.com/v1/places/ChIJBURn3wAZqwcRzVf9DVvRgHk/photos/AaVGc3lmeV_YSpaMUxk9NmNrXJk1hN3ovP3XvUN6TDk5VAXZl4wMLbikxIpW28JI-KnPmFQXrpk2R2YFTU__fe98RH1jJueidyuGzfRf3cFT6J7Y1Qfw7GPWrTOSR8M5q6pKxXFx3AjVblQwZR9iL_1FPqxgn9gjkhtfkZbJTHZZDCibKlYTaTE4i5fPtHnEyZ9EloTGG34aCLxotQ5f5IuLPS_LlednGXIhfWwWZWyfYwUrnWhakIOLCW51iihEjs-KIrrNRdUsDMnFnvNTqfN3oqR26QO2CpPAkAPR_DxATnucRAqeA2SMsAmWLoW44993Qg0Rqt8V5zL37PXA9gLezZOnTPe4SzubbHF6fFqdCTkU2tM1Yr_gWFZ1ALSkvccX1IfLV7OeGQNqp6i_cdzCrstoX9bdVPDbIQ0MMl6KWEDjKXQD/media?maxWidthPx=480&key=AIzaSyAc-ZJG2uARUs32SfidagTCbx4NBiRLFNU
127,Parque da Jaqueira,lazer,park,Graças,2,4.7,-8.0367962,-34.9046715,https://places.googleapis.com/v1/places/ChIJaa2xhP8YqwcRdAsIkE-dlbo/photos/AaVGc3l8v0qVaq0RfEuDBehNgByUF7qb-omYw1zgOQE7MhELZKZOx0UW0KTKde2GLC1TnEs1Y_lgawocfYqYlwoC4UzJ6WO77148tQ1Noc3Wy10GiWE7Xyx4uQ8HLRTadT8KVsrkaQ_uPOX1GWD0VibWRJRL3SRR9FW0xbe9lDOhcIZpYI6vl-D_7G_mbClQOX1BEzCAofS71ORPuKDNVxaQ8LQ6JPzRg2H4zGv1YRHvmH02X-HYVVMfIOjLROkt_AKb65EAVAmkwNcFIXjfLp4JLcgB5pdnce9FL5xFgbl4KQB9VFeb5TIP7-o_HK8VJ-R3Sbb8lEGOK2PwhXQkUl7NP_FdOyC3FiwJNHg830O3HkHJ_2lHNXCoGhjzJ-tKBx_xNgMQRC5UI6F6lC5fE4u5PMf2QuNJa9uBgV6UHlw2KOOcwQ/media?maxWidthPx=480&key=AIzaSyAc-ZJG2uARUs32SfidagTCbx4NBiRLFNU
128,Graças Park Lucia Moura,lazer,park,Graças,2,4.8,-8.0470158,-34.902826499999996,https://places.googleapis.com/v1/places/ChIJl16ONJYZqwcRNawksYbYzz0/photos/AaVGc3kvOhHCU6E4dQJTLNSRPRXPIu-8yObQO_I0HXg9BC_y82OeB9GQYC6C8zO09zgCx5EXzZKe874rPEKEQ6CDYLI566TfyUXAjzBup7sF20yX5z8ztQ6H2XSe9TPENOICT2fb9EJVFCrA-1r18JmsqWE9WNOm-hOVbvZYJHz3HHmPWm57Fl7LlKxu2QdrGxMQqIyIBJbfUnRUROtoVoM1evrdtkgnzo3pCddk-SuRAHuIbiLEEWJf-Gwt_evNuEYYp-rGXDhWOeAkvU0oj5FPYv2hSrJiVgS49GpNInMER81SzEuOblwbzCHHcH3V1IbiP1pq2YLG24fDTUlJS4LPeqcf4LbX-pFKQJlFwOjikO5iQGDSyiOCRoIYrUqqdSPzgHjiW6atExKLRKbT-g_ydNOZG6Meoof6FGPa4eScGlJwadMX/media?maxWidthPx=480&key=AIzaSyAc-ZJG2uARUs32SfidagTCbx4NBiRLFNU
129,Shopping ETC,lazer,shopping_mall,Graças,2,4.3,-8.0389413,-34.8997768,https://places.googleapis.com/v1/places/ChIJNYfi3_gYqwcRidsMz35BKgg/photos/AaVGc3mKmj0lckyDDyZH7ie7T0fjOBNhJWM73rs5o5FHAtYw58fyQ50b7c3oLSQn0JRb7ks0QqPnHNGJDshXlHbXXjiFyUFBZ6l4DISdMKi5JXDZZ1xBpfJsZYF2ikBW_MZ290_dhkkIhfslCN9-r4tU2Mfk9fFkW9fLCoZV856-Cs1mMIHmTMFXSHGPf2KDt0oHA9O-_61UTTe7dPwSzyz-N_S3GKtPbisxLWja1nohy9vhovfBo7G5EmMAOkP7KZ5ALmQnF_na4XUhZT5_DgZ5bBzCsf-DhA4TyHuUmyc6UE_pLglSd3j3PqATd0vrBCiyCNLKaPZkWS6PWK18avtmjvUOn2Af-kXHf476TWQL0tiSwpPvoyfwbJQLAhV0i-39tj5jD-Wow1PbRFVdG3yoKkUTZF4oLtqtWdpMVq3o4HRooh2UeOm9G0U90yO49uec/media?maxWidthPx=480&key=AIzaSyAc-ZJG2uARUs32SfidagTCbx4NBiRLFNU
130,Parque da Tamarineira,lazer,park,Graças,2,4.8,-8.0336988,-34.9030188,https://places.googleapis.com/v1/places/ChIJR1fkfAAZqwcR5D3hOJOxifY/photos/AaVGc3lFPCzFqR2dpe_fIOl5v0xnEVJXrHxOugkzr8iCciezuvn6_Z8OX3McuTDtq5L-mN8UR4EcABLiYdX76iR3hoc-YXiBoQBm4N9_O6YRvRUHYeSJ49Yp1kawnbNnoJ7Ga3OxA2xma3gNmf9ow3T-aEFyJlufLs3LFGbpiVw2dxPftdGqUcXYaHFV1B_WQaIy5isj9U0zNd5hc1YkIkWXiI1XH--H3C76yYG6wYApkEzhbW3GT1iJ9rHIZSiU9Xr3YtSUu-XZY6JlEGxwEgo6sx3aL_HZ6szOPezC6Okd1crYWWOiH1j_Ynw0DbzvzNWau7WH3jmWMJcWt8MksWbhCPCIXnyiP3rjdJ7KBbGLhWQlY1NlyGJZ3OVLmiH-lRdOs2DCwQQOt2RjddkrVB8aU8He949_b-5pA9dayt0fuSY/media?maxWidthPx=480&key=AIzaSyAc-ZJG2uARUs32SfidagTCbx4NBiRLFNU
131,Plaza Shopping,lazer,shopping_mall,Graças,2,4.6,-8.0372721,-34.912996199999995,https://places.googleapis.com/v1/places/ChIJKyba380ZqwcR6HtAic5Whh4/photos/AaVGc3kNOe7wnCyE9Ec234Ed_o3ssSHYUeVuRpoDViGvCOMse8R1E0CsSX5QKRKgWCdvTGgnKi4m6NMlUJ8TcdiXMIQAAbJ0C7oEOjrv73RbxKnBfE-m-uhJVmvzvL_Thewlkl9NFNm4dbisAfFvvM_cCdZvBynj_yHrhbwk8DzJhfYvKrlEN7nMxcREb51zxFvhJatXu2c2GVnNSYT7XXTYQLTdEyNIlX5LdUVJZKccIOKBnJ6KOEBlLVA-G6L0K3iwM6kCla42eJouEwKH5S7YC1r_UFgsvaDhAyE_Uey5nqkHrbtLtz5oPbNMNND-J5f56fVCLzXZJ29ottZuHM1Li8L_9RYYENokWt8rbyMCnu-fM9Dy_s12czr40CewU2EN5RKr78_NOMOzfHaWBlndwLLuXg8V42ooMEau9jSeSkhv_bs/media?maxWidthPx=480&key=AIzaSyAc-ZJG2uARUs32SfidagTCbx4NBiRLFNU
132,Jardim do Baobá,lazer,park,Graças,2,4.6,-8.041112199999999,-34.9042963,https://places.googleapis.com/v1/places/ChIJ0RMd0f0YqwcRNySRWVVDaZA/photos/AaVGc3nT2Xp94331apHLHy6zR_4D-8y14dkR5w3nCTVnjuJ0AtBY5TCINF7aJWGO3wHmmusU5XIVGP7FzDRofzsAULC3DmE8Gpwgd6alkoUO9EY12JXg__Pg5lNHNSP38XZzt-5Ohsp_NYkki5YgYvmxzcALZgdlh5cHsHOkJ3gjcKsAjZjFsFhYerr4QFk6YUJsCme3hBCddFhQLyrOtOFNJj7vKX2JVXvqvDjztjuTQ2I2_fMxDGSTlBGsVyThoqo5a_Z6jB4ZoiuKM8-wdBm9cEHwlF7J6GIWHyE9tu2BU-Xd1nWFXLzjHUcxjQAN6eOoXnonm1Z5cuWMUmMH1PciVPTy5wnmugDGhyn5pW8_eFSWGTeKMxHFOhc3GNuq6xoW8t7VtwQ3x5-HAw1JMyOur3qMYjK4KyDmbFEcxTbsa5K4bLGi/media?maxWidthPx=480&key=AIzaSyAc-ZJG2uARUs32SfidagTCbx4NBiRLFNU
133,Shopping Parnamirim,lazer,shopping_mall,Graças,2,4.5,-8.0356076,-34.908681699999995,https://places.googleapis.com/v1/places/ChIJM2UHjVUZqwcRKCyckI6yoXk/photos/AaVGc3lkMG7fa16y1uUEqpuI7IjIaFlD7BFwpBIU5fOBuWw5f4WlNZ_4xp7lihrYy1uzcFSmZC5FzS5FAXjPS5bZ0JvUnZSk0e8wwXcK36QyUUdRxByOq0zvwN4EHwmu3sHUFr54wEQ_pZVuRLgTSbZWvqrSUWeps9-8-a9ByZ1LTz8dnfwaYufwYZxwkX6HEo4FZXzTu1qEhQ9ZpkA82eeUxwYA0Zum_ywa3B65mhJVvEFGD_QRzEaaKTT0-YYNqIaumvpRvdob4F9iS3EtLZ_HwCyKzsPomEkV6Z1hHftK2MC0gcBvLNvwfI6lgkWd57H3xLwpiZGNWzlFUR3DcqvNvaf9RARaTDtbJm5hOaBj84a-2yvrdBXzyuw0sCc_qbDJSV4p1Jrq1wxNE0SL_5Do15TbXuc03KIBQyGUHCTO4VA/media?maxWidthPx=480&key=AIzaSyAc-ZJG2uARUs32SfidagTCbx4NBiRLFNU
134,Downtown Pub ZN - Bar de Metal 🤘,lazer,night_club,Graças,2,4.2,-8.040974499999999,-34.8932654,https://places.googleapis.com/v1/places/ChIJfSp4Ci4ZqwcRpj9459AqkKc/photos/AaVGc3mqd-acj3lB5gPzbg-mmGLPU6wzujFyPRLPVWYyz1QgstCadxgky028a-sFxXNG98bQSoEbz4Fvr3-PWm2XW3uaP5AT1AqOjYa3aEbvvv0-Z1ury4A8OnY4ViIy7qAq0DSz0jACpjvN26I33TLtZR9fUjLgcCn2LYk38rCM3uqctf81PG71I6wzDD4TiTXwokFbvfpNCP-sbjWoo80jzNUJngy-MH33LVREvPEvyrL70MciIibGS6q70Ms_sydFRyi6zBOFodCjfzYtyt5LQMZzzgx6arfdS539izY9FEu5Bn5wPJp0E_Mus0MbPKkJrOhI-Jclzav2G5gURVFHwKxoMbhn8fGyJG8glLmJnil_JDDof-o2jS1joKP0i7t_F43QpgxRM1A3QcQReYiTbDFkaC1rOWX0qxIPKPIF3rxqHSJQ/media?maxWidthPx=480&key=AIzaSyAc-ZJG2uARUs32SfidagTCbx4NBiRLFNU
135,Galeria Capunga Center,lazer,shopping_mall,Graças,2,4.5,-8.0531543,-34.903146899999996,https://places.googleapis.com/v1/places/ChIJA1aFTzYZqwcR_CEre1zxoTQ/photos/AaVGc3nTCSWuPgTlQRO7K19dALG2-puY0uO9JUh3CPsnJvULT7SidXZ83JstUiUr59sr576jw1hbSQ42wU_ZziYQz5GVuLJEuc2oa2GO4HYSo3XwJ_-rs78Il6LylYGtvChU2LWm5WUB9eQfWCkonzkf9txOOTYkJL9JirucYlX9BwDhJVvSFv1DpHThRNuWsAFN9chJeszGNM6VGboOqeGtuAnzG5FtIEgq6PKUDnj3zZKAFdwQlV9ahzhsmjGEEgqnQ_mF3t8P7MxZMWB9QTdTSlmJA1121ALvxKuzXgWQdgYp4vfhgjHLqXVJE3oVyCd-4hOCYKxfI-rgQeKfZtRZIbydbPySVugtBFegsGCZdGNuOwvQ359vyOT00pDXraKCCdM-lhYIkDTxqJRKeVgYMYcUnTOe6jtdTsITBC1rj8A/media?maxWidthPx=480&key=AIzaSyAc-ZJG2uARUs32SfidagTCbx4NBiRLFNU
136,Praça do Derby,lazer,park,Graças,2,4.2,-8.0569153,-34.898493099999996,https://places.googleapis.com/v1/places/ChIJszkJOcwZqwcRBepaN9xlpZk/photos/AaVGc3nW0He9b5uAzTXUmyHra32inyzOfLgj3MWSfNVLzgpR0OYjeX2TOGQ7ab9A84jhG7fULhkzTbqQrj7FON5ONZcvaGml0dumKaHIeRqp1Jhrt1Ij6MUhK2N0haDPXZw5eDGKae0b0CBCR2VODw7rpeH26wPKVIYPgVepyCWWS1N-bthUZLonnH3zs3qRswd3TbsO59GGdLloGwr-qmMG9l9C_Tao0EjiWQ8HdQito1avQafoBKrp019-vh6VbJw-9DhXaUts_ScA0Z-lV3xk3AJhOk2hB6lWRR7G801vOUttoLXdG_YBq2zrKQVIMC_zIzKQpriHnCpIfilVlj-2mymppNGvemlIHFeOSBMaH1cBpRfP_2ij-yP9EFPGfUcdElNw_BI3ZUzc59ipihJUEamgFdi-CGohdRG3QKNcw0xrBA/media?maxWidthPx=480&key=AIzaSyAc-ZJG2uARUs32SfidagTCbx4NBiRLFNU
137,Alameda Futuro Shops,lazer,shopping_mall,Graças,2,4.8,-8.0402498,-34.9002414,https://places.googleapis.com/v1/places/ChIJDxtzEAAZqwcRGihT2dBXSXU/photos/AaVGc3lDVZoAXE_rGRjr7pVVXPKNX0xjehEWrF44C7wRVBc2MoK2baf7TnqNBVD0hJVw0MkvnnUkDKKAeANSbmOS_GFzDb-9qzo0R6wHf7IbOAmhYHf7tgCDxNyvX2O8AIdIy-T6i9MoaDaVgWvyhtyTQqPFtTeUbjOBtxUle5QhLVUlfY4qEFF_fKkhKSAjnsGV0dAtFZFNbju1R853TNi4g2mrRkBVOZY81vVgqn5oPu7klDEM5wKrdu9nqPbq3PHv2BQ1nx_HzZo8m_syBLXxPXASveW29jw8gsggOyVCp0CCE_l0fpITXbvbdW2O9NFeDzt1XjK3oeWAYna3e8sW_n2cnNbhpWDxJRf3S8t-D2Cx_BOrevb3XoZA9XkD8Z35cCXWXZW7FT8XcXUfxOTKVrnc4ob72LEKJmUWJutdK6OfiGsrwBh0_0cnFAO8UMnL/media?maxWidthPx=480&key=AIzaSyAc-ZJG2uARUs32SfidagTCbx4NBiRLFNU
138,Praça do Bueirão,lazer,park,Graças,2,4.4,-8.0461683,-34.9133998,https://places.googleapis.com/v1/places/ChIJ_17RYgAZqwcRGdi2CjP3JNM/photos/AaVGc3nofqkfIsIp5twxASXVFSkvTjVvtXxhtSVhoZ_XZAkMN8r5CXLcqVBw_ewpv1ereCM8I8Wz8yg5bShA4g2BlqrJ8oILY8i4U8hyxZ2qighZwv7XfV6qRKvoUnvNMsWUVeKp7mfLuZtz7TXHsy42_N31wDvLUsZBI7dyVibSmDOd-QteTx_RTfzvKrAPgbJzuSpsKGOqgJ63NIh5Hr0xkaDV6LMDh4vWcapCAYLMgOyqe6huGogiAbrMjo__05A-79Tc24RV2nBiOFuh3xEtA-YIBY1a6qESyIc9w64pgDMww3cA7OSos4rXiIgdX5X6r6so34-c6zJx1AEJJBGEiYhfpkxK2iZp-macf_7PFxsTNE0qviDLiJKty9TBnK834Dj5sBjYL3vPIG9wz9KM9HZ5OZ4DtVSgcGJOj-hLJKnJhzGLa5S6Cr4HqTiU0DGB/media?maxWidthPx=480&key=AIzaSyAc-ZJG2uARUs32SfidagTCbx4NBiRLFNU
139,Galeria Conselheiro Portela Center,lazer,shopping_mall,Graças,2,4.4,-8.0421283,-34.8908354,https://places.googleapis.com/v1/places/ChIJfyeVfOsZqwcRwYpD7zhEt6Q/photos/AaVGc3m6byvC227m72Q3gr2qWFFevaCdtit6NxuofE7vFwr7LSmb0Wex2rkOGmhzLth8jG5IZgnxO-bzcgHfwi8MRZHuSDTMkZSkX3h6lfRl-yc1ch0l92xWDgYlDCn4ewB4riGXnNcG99Yci5ZVTN-iUvTGTGyXhgUMLWYjMMh4PHbG8mr5MwM86lRrc-6_IfM3rjTfy8P0utDFIdT_A3lW8Oyov8wsJTZDW9odT6yFzCpwikcXZ2uTNLbhpr7ricZ1lowyUjKzHqLzRG9_vJclcaVAvrvRvzy2j3J8GiZr64pY2X9EQvzHLyU3ugUhIt-8eiTc5sHCgeTkLvM6wnL3QL4HVLXycvfMRQHrE5MXY--GjPLorNgaFMROKrCBr_VM1B1UCzR3KEUmShHBf6vzo3tRgjGyqu7qbW2_eoVH2q6wPS8/media?maxWidthPx=480&key=AIzaSyAc-ZJG2uARUs32SfidagTCbx4NBiRLFNU
140,Galeria Jaqueira Park Center,lazer,shopping_mall,Graças,2,4.5,-8.0376731,-34.9028382,https://places.googleapis.com/v1/places/ChIJewboEf8YqwcRucQ6v24L7Jg/photos/AaVGc3lPdWMsG1IApht-tMHJZSBcToDKNfoPCLD3Ua6avQAfkracimkBfF-6ekFCS5Kgc3PiRKIWtndmhIAAiOFGSnrbNoOhLW4odpMyiZvLGyaLQsvm6E76XyeTb8S3J1fUTZ7c1xmSjmQLSFiSau4KUGNpjpC-sWlbDxBVwqFFSICEmj8-pNEVgGjqYIdcGhdglojK8vLdWSKr-sLNqObGmWSUDv0SOVJB44ezm1vkZuc9EABFGloy54JAuUa0xS3uGZkHHempbigLDo1aBhZqpcGf_IuQHDN7ATaBonu1EaBbxfZbhPGEzOjpV5O6SQZhVZIGgUFUa7UlGFqrp9x95TZ9ZKYrX4TftC8EVx3tEcpjRkGZjn8Tkqu0a4gEzS2U5I-Get4VCa_snuAhgjVG13am1EdgORvYhHzV1ABWaL2_QPaJ/media?maxWidthPx=480&key=AIzaSyAc-ZJG2uARUs32SfidagTCbx4NBiRLFNU
141,Espinheiro Shopping,lazer,shopping_mall,Graças,2,4.1,-8.0454657,-34.8962296,https://places.googleapis.com/v1/places/ChIJe0ibuvoYqwcRbx1-iZLCKR0/photos/AaVGc3n8LLzfVJEef6HbXqFjuVdvPtcc3glJw-mThk33sVqQ4FUnreKQzxVFsmRs_aNju62JQ3ZCvSorYLmz06Tx5O18YM2SoeheWwO1ds-P6chY_GiuCylMvQVBL8XtJJANX1O_F8jY90TBKmU9tylG8Xjq7VvnHeZ3ZQjqeyhZfrvxlHyziaxA54kvuAQT9iQ_QRgEGTMju8IgjqndXSLkjMft1to3S_r4UHafBNaGCWlG9Zsnlnwo-DvMp5bbGO_B3dfWYMLvXy5ptuncz66STI9dCwD41rNdoaSyRzhLXpw_3kDtOq0PBvwUvLV_iRRcuhhzHZsvHceGPUQcH8QMAUs3gPVECWW5GPm6hFm1Ct2KBCGQYPceMzPM3sdI8BNZIGvGpW5lGRYYcpWlYej89ISV6w9IHYQkfIpE0c-4fNpJOQ/media?maxWidthPx=480&key=AIzaSyAc-ZJG2uARUs32SfidagTCbx4NBiRLFNU
142,Parque das Graças,lazer,park,Graças,2,4.7,-8.048091099999999,-34.9031427,https://places.googleapis.com/v1/places/ChIJoYNNIVEZqwcRmAbKFZ3FxrU/photos/AaVGc3mKwrJmiE-QTf3Oy83h6Qs4-PimwyugV7toZHDPgjxxkE830aar19lm-gr8n6xobyoZlCqUnYE5uvgFTuy6WPsUu07yukCYl0jvgquePRZK9ZRGCMRAB8H0qDjJ3HqaO7BuzAr8GI7F3JxXvQHUZS35VVIgubRf4-2nLRSqjMht_FlJzb-P6BU6rVLeoe2qfzNJI2NNnHnVKepqt5-rEUNV36luQ2f0QFS5MjVux2RZXNgwR9LO6bHJiUZpAdsEcfiH86Lmz_mIVwxNB-C1qiG__Qk_XXZ8VawgOx6ld4nWtGhWcGYoNwDugFhL52otn6Go3Ukxww2nO0j4xN981lBo9boaMksGsWOQhlmUN9OWaUnIGkz4OEEn-KjJ2dDHTeNdDzcE71wvnX4lv0qs2C8shELNRjmxsL4NnAVHnzv-vQ/media?maxWidthPx=480&key=AIzaSyAc-ZJG2uARUs32SfidagTCbx4NBiRLFNU
143,Praça Fleming,lazer,park,Graças,2,4.6,-8.0348315,-34.9054615,https://places.googleapis.com/v1/places/ChIJaxXdRlUYqwcRNuTSW59iTAQ/photos/AaVGc3l4R1UVcQKMhUi0EiJyllAC9zxtEau0MZ2NaYcdYiZZ7R-HWB7D6bjwr7plATGbwTobKeygZJVHRY5E70sEDIKu902cAq6dVJ1rwDbeMcvwMCBY-0w_xxQonOVNz19UChUP4wW3IufcfKucz1HTVPgcDdRU8RrblSYjIbFSzvSLbkOZYB4xkHQkDpGAOx63BOR7Z5u3MuRJZ-7TVe3wrn4uPgjmCi_GQoHOiX6YoeFpL6G6rvoceVO_hrtRG4kZz4z9XAtkgbkcBqFaNa9yIbu4lcVhetXKIi-t0o2YTJAQDJrOSn__CeemJJhySH9b_qsHobrYgFLekQKvwJc5vA6aut3UdAMBAX8-DBYXOgbpn4iwjD_tO0fRve4Z02dwfhJT2a7_FGPsx5VJUOwM56aPGsQvzu2Ho3wqAXCRK7IpaQ/media?maxWidthPx=480&key=AIzaSyAc-ZJG2uARUs32SfidagTCbx4NBiRLFNU
144,Galeria Hora Center,lazer,shopping_mall,Graças,2,4.5,-8.0446888,-34.892987,https://places.googleapis.com/v1/places/ChIJE1xxUvAYqwcR8arKkRiHXkI/photos/AaVGc3kNfMRjDFV3k7CneCjJQgNP6es1P9S1qDqqZzrgvX_M-JQbNZUr8-4GVqTsYPmE14ZdQd4s2fjVcLZ3dflbhPMlVwzjGfZDfAjM_nJ6pMGfJO7AC16Hqz9hJPtBnsVOe-te6_QGvnPlsJQZdgO-0moe9BEDc07GHV7YRdfVtbAd9hdOgQaiVbxVtEKdKdJxi_pEEEZR5wlPO-aI7Jdi9wIbQGpJt2baXWHfJT7PBO2buTuIEz1OYShHDm19h9QwliSL22FgY93WtFaGQhX70OS4Xk7jCNpobqmML8FocGm8dvpirdemGk0kELdfuzjeqiqTnFjfdJrRC1cynpTIH1X2vMwHOU4PL6XfQ_mKfdxqZ3H2zAQuY-Xfh5WTTeZx9twE9HJGnmBseoXpuTmBWLuGGxIc334jHvelYhE30fujHsY/media?maxWidthPx=480&key=AIzaSyAc-ZJG2uARUs32SfidagTCbx4NBiRLFNU
145,Cachaçaria Tradição,lazer,night_club,Graças,2,4.4,-8.0448595,-34.8989976,https://places.googleapis.com/v1/places/ChIJn0HyPPsYqwcRMKvQ7dmYoII/photos/AaVGc3n_xthzpgIk0lk3R0AYOcUnHGizvkL3-OxZLP0uny2PIKAusjMH9gkHeVcz4tpJC2liJh5pUvXzmNvtREWRO-3PPA3xVSKF8OzkzuEJhljhZQBh9oGRf5JJNhHZ1_2VgmSsOfUlneMrjlY26N89T-5Y88E0ziKOYejt_IHF8mCNqddJ6mUcvaCHA4AL67I2mPi-f2XDvVIIuXEpFzBkAcRRF8jhiYTTYIUsMKj3UvDuf0w3aYB2Hma9GK_lG2NraOlda0UkFn0_qs9UggswODRczoATEUq6W0O4Uj7AokibUyJ09LHjW8l8l9nDTz2wSUCXTSqsvxyAu8YQlxS2MbYKH_Mhyi9VMI2QP2qKpKQrGZlzodH6NEaePEBnPaGM7g0N7bWxQwgsshg7BCrumWeTCNK-rN77omOxT1Uh5p-57qrk/media?maxWidthPx=480&key=AIzaSyAc-ZJG2uARUs32SfidagTCbx4NBiRLFNU
146,Pernambuco State Museum,cultura,museum,Graças,2,4.7,-8.0447581,-34.9018344,https://places.googleapis.com/v1/places/ChIJL9uWtPwYqwcREC-MsP_eFp8/photos/AaVGc3mNtoctY1jh6ca_sBrvRwJgssmF4O8vEbdOMcOm-R9K5NDg2m23jONfqeCbB2RJ-1d3wpgLivgJR0Upwgvjx2GFA8DGQI6R7W32c-lpczRDRGOmFTYm8gjtaz2WFNJaXO0LI6xl9IsvTilf_i_tzGZDS65nPWYVnXxnh4yiAJsvECPgCznIbuNAdGCA5_SeCHaz7RP74ut4EmEmzAa7matPUiZvvJsG7h_qo1Vg4GENbfeT6x0oOGq-z7FYPZNe289htU2cJ59_a2wnvcGMJPKRFY4wncj9gKFZIK8U9kZohOKs0AXrO2ctsoG-QHzVTeNocR1Sr_QYuF5lzW-WbzS4nRI4n-VwAFXGwmMUYwwUITb4-2ZLeOPwv5qjg588AMPdAQaJ1GcRLjhZXn9lNxpW03yNlsnhXqe-sCIbx5A/media?maxWidthPx=480&key=AIzaSyAc-ZJG2uARUs32SfidagTCbx4NBiRLFNU
147,Garrido Galeria,cultura,art_gallery,Graças,2,4.9,-8.0398754,-34.9150208,https://places.googleapis.com/v1/places/ChIJ4w6k1gUZqwcRXB3pMMov7Qo/photos/AaVGc3liRSqFjAOCOXuGqy1X05EYNZH5knZg0i8r9nkz2tkTK13KPvSPw-XaHU3iGmA4qeUYRZ_OqDaC9PO8x0QfgJGcO09c8Vmu1yITTGUQ22hWRh4dUGlKnAsUjMsJko753AoLQkBAZXqJj9sIatRODN0on32NCeUuHUiZGcA9b7178RQYZDXL-dKq2EZasa_xbPtxQlOyMmjmc9qSZ7HtUFKWd22zu-WuAVDVzlEmrZzN_FEjhzmzfLZqY3EDo5geenzIV-XREFRJ8jHLADecwZyH6ffcBWLzUha7n-sCDeyzjNw16c2ITfcmMIENL8ftmc3koE_HvFt-YpRfJN_RD1Os2ZvyV-uCcAjXXwkC8TjtbZ7nwZkhy_ohKBTCH-zmtYc4l47e3UpZtbUgJJnmwYZPb_41LZS_ktLHcNCTynJTfMax/media?maxWidthPx=480&key=AIzaSyAc-ZJG2uARUs32SfidagTCbx4NBiRLFNU
148,Museum of Abolition,cultura,museum,Graças,2,4.4,-8.057037,-34.90903,https://places.googleapis.com/v1/places/ChIJKUyd4SAZqwcRuBpwCV2PaKM/photos/AaVGc3me7TGSQ4f6J-GPZyWR99OZGKKFj6RWhRhRR5jRYzX9nWocwnoTXKpvaqBb1iZbYkuPmGgdUMkK4xzC1kYfrQPlMC_GPNpqC_SreyxuxOQrG6V5Tn7zDfxgbJruZxwbymyQWnywVIwivwqeX3m6sFDxJMUhhnwW1QQ4wg_GNmGIbJBSLIhLaQz10jJREk596YisoLia2cL5z-r3utPISJ33Hg42nN6iS5jw2plywriww6vW9kG6_aP69nLcSpx9P2cjitAwIGDxNl30Zwn_8SF7h8SOy64qHwkYjpDxDO7gRdFB5ZuN_WsO3zLgM5KdBGt8mOx4-j9-Nj4oO0lNbQ8U_oEg15NjlrnTRfE7pl--Hk5y6IaTd3RVZ0lLXlPSAaGkqIS7HPjFfmkd97WjKfqnzeBD8UdfRKClVNvE61zaUg/media?maxWidthPx=480&key=AIzaSyAc-ZJG2uARUs32SfidagTCbx4NBiRLFNU
149,Igreja de São José dos Manguinhos,cultura,church,Graças,2,4.8,-8.0486764,-34.8992668,https://places.googleapis.com/v1/places/ChIJl14EW-QYqwcRXSZjPh1KwjA/photos/AaVGc3m1fr_rXSJIJwqY1ITbF1NX4FjJ1F2uuCKmZBNWSq3zWb80UP2Fyw5djshaHBxO087kFRTzZSSjEthf8gHamG0dbAZYxuEr2XttROvtwW3Frq1qrkwOjLIA5qrWWlqfd2zF7hq44rcxSweWl1jNOaA9SgX7OTeGM-mh3OZsUfXWBzucRwx9vBykAloF2JlTRLLx0xXvFsDshu57er-ty1HM5hO_u8Er4r3AYr9VR06gJxoKp-G4pt2XIBIBl3gAnUQO95yN4sGzozC33CftshByUdFNdOhXRrH8oh4fmldnm7cAOvA23uAk5VYhJ48gjESxElHECDwwD4mGPP9TAEsdUohQ0gSHJkMiJewAxwmCCWeVuSVrEW6MqhclzQGZFW3FlZn31dJU5mNuEy2j5lRc7s72ZqMnURymi3CdTr9mbA/media?maxWidthPx=480&key=AIzaSyAc-ZJG2uARUs32SfidagTCbx4NBiRLFNU
150,Centro Cultural Benfica Teatro Joaquim Cardozo-UFPE,cultura,cultural_center,Graças,2,4.4,-8.060783899999999,-34.9016131,https://places.googleapis.com/v1/places/ChIJa3SjT9kYqwcRnCm6ehSDjyQ/photos/AaVGc3mKRVqRaYngCipbZ_va05vG1mjHF6hUks7epOi1NvbILJDR3ANtnnzEjRxbJp_Yf1aqKzsWTBSEpprjdd73LRjdVzF-pNiHYrGeRv06eOuFpUN6gVQ-01K1R94OtSgM3vO6TNhwgBiDWxm9edDsYwP7a8Hy4IzREuZH1ai7X7SKTvWZ-1nG9d_kXKtlwWKZgmpWpzlVNmOK17MlbLkjueQ0oNZhDGGX03DgcFosKops1qkF9bDbXKIFbDuGhp_kkFxSzUN-UUo2xfc4Vb_3zRCC9NqNoKyX2oXRz058SLdLfwJ7I8WyO-d21wy2Zktg8eB9wmmI9Imwfub4ggdt7UkIttHVFVQrA0rRHZfFKvtWPmlFzzocWNYPV36XKYC_JF39wKW2mfhgWMLxHUaHi_nDvADHQNqlKVzyPoOptA-qEg/media?maxWidthPx=480&key=AIzaSyAc-ZJG2uARUs32SfidagTCbx4NBiRLFNU
151,Museum Murillo La Greca,cultura,museum,Graças,2,4.5,-8.0372953,-34.9097955,https://places.googleapis.com/v1/places/ChIJeU9b9wAZqwcRPjUVaFlRbDE/photos/AaVGc3lj8Mqiuhb9YGfmHelIDDkMSM6SBWBLAdv-g7rMAeui64gc9Xgo9r3j1j8Rb7m2ISmPNSon5G0bHL-1hsuumIg9Be5fPVfjquntNhT0GEWTPLyatIqIKonDHOc2nw1PZ7k0crHjpJEyo4JUq4EYjM7yAOtm3sApOBv5Vy755mVvk5hqOY2U0Usu1M6k7PqXFkPQ4CmoW5Pzn9EwLCUl-pYip0WjY1P_Jj2xYj8iQr5D4zZRz4yARitwEQ28zQjNHDniGExj_g93RqcZq0gu-_NyPbPe7Ym5AbxwYC90t1LYXSXBLdn-xTip32SuMTGDLQF3v2dCyXOsuD5oro9N3fJsnznhzsHywgYAXUA1vv0NGnR5IFqyuhlydHgzLCVLfWiZiFm95DxufHwJOTuQKjOzwcJT_9yR-g2WIq6iLQA/media?maxWidthPx=480&key=AIzaSyAc-ZJG2uARUs32SfidagTCbx4NBiRLFNU
152,Quatro Cantos,cultura,scenic_spot,Graças,2,4.6,-8.052471800000001,-34.8995283,https://places.googleapis.com/v1/places/ChIJufTN4OYYqwcRNlBvqJ_sXcU/photos/AaVGc3lDXF6RpMR45Tl9V2slUe31v-PjiwE4KH-oXIk9aXemrPoEJz7f_mBDUZQYSG9ugOvRZWARpU61miXhyXggSvTBL6UFp2QGzXpJ3UowsvNCp3PjwPB9mRvEmzgUQja9cEQCNei4Lyfi9gcp-JG6rSFHAVBwOQXM15cuUnxDe_fovH8S2vnD3GQRsl1R2uGqjP6FnTnS_DxCBLFPQHqUaoygyLnqrI8ImfQaK3Usq5KPqA03aDY0ECxGbTY83qNz5SP52puqkjeHj4ETciVKtw5aoCHMuw-YLqexXGFz0f9-W5LXDg-z23Iacj5E2iDX6FEIIHsvj7NyGDfXEAVSUwaAHTd8JztI_DlbgSmzrOOv9sO7HppQYEABTmsr8l0F3fQYpif__QcoTuvycs9AkSlLwVv0X4qfCRwDhpUCCwf08xLeV1cAEuyizQJ-CTg7/media?maxWidthPx=480&key=AIzaSyAc-ZJG2uARUs32SfidagTCbx4NBiRLFNU
153,Maumau,cultura,art_gallery,Graças,2,4.7,-8.048572400000001,-34.8952053,https://places.googleapis.com/v1/places/ChIJ2654ge8YqwcRa65U-thYVrc/photos/AaVGc3mCKBv7K_53HVX6RGORFIIyVnL7fnL7Eooi-v45F7k2VEwoxbl1t4np7BymbVhM_4YF5zcwb5vKpE44jQ3vJIdXZhaV5Han7AJZMkJazSSHAuhmFPJhwk9qAqS-BHzclrExdWDFbQW4Y9bUXfzvgwAwOMkOLuxWUSjNMXXrUMv_1YWafRRsMDO0xG-cYh2DYb3xzItND_fiudgQzvboarcu7INAZ1nIGPuhZjJ4QaGpdVGCOUKl1CqxWkrtpaxqtrN8hpFYedb6WcUES3-gq-31wJGeCt8Y-pxJiSKoLkETXsUDQMncCb_FXSifMd43bF9eGQxzRCTd07nsSYYaLpvDYWu2FrDFplEA9T-scNmE0DN4Cuj79CCq-BzXOWPVa1OMI6yyRasr3GE_sDHbwYv-Xyot17B5Lshicw1Kh95zEwG_/media?maxWidthPx=480&key=AIzaSyAc-ZJG2uARUs32SfidagTCbx4NBiRLFNU
154,Galeria Squina 48,cultura,art_gallery,Graças,2,4.5,-8.0391122,-34.8946918,https://places.googleapis.com/v1/places/ChIJC9D5dPcYqwcRPeuNBT8FSdU/photos/AaVGc3l9FDfnpBXJBVhoaP3nS2FcsWlqU8fZkSjCaIKhrLnTaMjT1SX4KugmlRizmaHVqDL-YCCWXSvCD57ne2tilAuJ7pPqFxBgGq2FIyXUZb6OZI6q_JqkKq_hCNAi6zSSM2Fm3OfomLDM8cNqurl9YszTZykEH2dUJDtK9McheOSoskTP7FgW7H9HbLU5uBRb4MPX4Wphyoz1dy710pYQztJyvMGtmDipoaZIHSiodXEX8FNOsgY6cq1CRAyc-ANjbLtnbrQzOM989LMtauGm9ZNNLslrr0UZrW2PbTWl2O5IqbLGf94g1-b5ciFBgbu2OAxLOzaoPiYjxGRM-OsLkHesAAOgoFw-oMiGCZy6-Q1T3SHT836z62h9Cjojkc4zVXE3HP_PDyBE9f3v2Q415RNNEMAwkwOa9ZXxijirZUVs5w/media?maxWidthPx=480&key=AIzaSyAc-ZJG2uARUs32SfidagTCbx4NBiRLFNU
155,Píer Flutuante - Parque das Graças,cultura,tourist_attraction,Graças,2,4.8,-8.0511184,-34.9041336,https://places.googleapis.com/v1/places/ChIJaRNuXQAZqwcR7Im6LH5oBYQ/photos/AaVGc3l7D1Qc8OkTgwGYdKhBdh1Qnae06GSwsI4ntfQu08La03mTnF3WPoBuI-X2i0DmS-0p0FzErds9Ql5oIjYMfLOAdXWu4eyqx6jjV60DC0sWv951F42vQvOsGwWNxgEEOkgTkjRIrE7u2puRtH-DVmsN-iqbRLGE3HnbJLhw4GDytO7Jd-p6PY7fO6rbyDEJXtm9g7OEsFnBqdEQx7MEIhT9FN-WnMpTBjuqZFvFfL2fe8bq_qSVDriH0hDkZAdAFFXSLnUMEAVMgGZt4FYtxQtwdqSB-LuLnEzUZt_yGxxoWu8Ltc7kz4vlfo79fwZmbp__qQ2J7cdj-9Uga80gXjqTKQAFVCdNrn6ueand37i7UiyHbJawburoU86LN-sEUuVWWUU1BmmX5HAZB1ZBR5zvz-JCZUAu4dWXvTHp1wEV8Q/media?maxWidthPx=480&key=AIzaSyAc-ZJG2uARUs32SfidagTCbx4NBiRLFNU
156,Empório Arte Brasileira,cultura,cultura,Graças,2,5.0,-8.0445574,-34.8983317,https://places.googleapis.com/v1/places/ChIJnaX3_PIZqwcR2t-dretrQiw/photos/AaVGc3lTPByiv8IoF4QUhKKt3Lt87hNTriqIwKUBx-hTe-ROU9DCtRbirmM6Lr8SpwHcxdjBWUkXPiXBaZtGmpAvbM8FKUifY6lM0ALhfaRVsP83wmDjXDKY3xAPUJeN_OLoje5aAA6T4vAD8eQxZOeMbcO0DE6fDcMcbCasOvBT7X9vV5mQagPyCU368B1AdKCscT-3teo-NE-xTtiYHj_IJZ_JYlirIbhZVzsh_ojEt_dm-chbq1dvLRGgxjb90LteZFlXHTibYxeOZbyz1oNvgg7GRHM9OMBd127xX-R4gXzRZKuqbbnOQ_QfAgvdEASdlWSLqOUk1sieYLXwGsqvre5spypTWuyPT7mRywsbBINsDTlI1SnnK0mWTw_U1iOy1iV3j_cGOjz4oreyILce4Ukmur2X5h5wfD5cGy9cUGy8tASB/media?maxWidthPx=480&key=AIzaSyAc-ZJG2uARUs32SfidagTCbx4NBiRLFNU
157,Moldurar Galeria,cultura,store,Graças,2,4.5,-8.045779699999999,-34.8968728,https://places.googleapis.com/v1/places/ChIJ99Z-y_oYqwcRXxsZyXZh9Uw/photos/AaVGc3k_fTG9AiBWfR33jGH6-RnJ0UHjbZvreKh110CP0Pc8V3hikfbM_RTOd885dhaQhWV_KmYtSWSFd0_OJd501obcxgH9eeVny9kiLD7treobixERhkt1gwsrCjGEMK_5Woou1sIVTLN4YMv7naaeGVHa75axbracgfEJ3KLkh53aywFpqeWU1-r2E6OO6D1uZWvbA-SFglQYJaC7JOjpvtcrl4zvl6z0igbp_GP5W9gNpkXCjlQA5agwRyxkdaZ_4A-XpEKKq-Wt6lRxK0sDB2BWJnfFjLZHmsO6N8VVO-Q2dR1su-Dh89BMHc9kuydQyNZ3_swCqqKSF5bsnTQiVcJ1OHIyxUBL8hSDD8jsFRW52xZFrUpGneRGAKn7E_AOc0y4wOR6PW404prYakRupmNLV_4aN8WuZXeJMBh3ys9wzLRA/media?maxWidthPx=480&key=AIzaSyAc-ZJG2uARUs32SfidagTCbx4NBiRLFNU
158,Museu da Polícia Militar de Pernambuco,cultura,museum,Graças,2,4.7,-8.0564118,-34.9012112,https://places.googleapis.com/v1/places/ChIJPyhkTtkYqwcReO-qsmPj468/photos/AaVGc3no_4_Wb7p2vU4Ei3PzEnYT5HFWqIq2G7n1E2zRyYv0pvC3H69YXv00FtZoUWvenf7YKxoEbHSPR1I9NTxPs08A0YaO4pn1STUpZxBjGLjRCXzUiEShsqTAUmnDYmCxPoosGPdkfMtnTJw1HOiGPz7Jvek9cadJEtwQYsBmDbpH-gIjyODWoeUgtEJANVJx55LMPSlaHoESEko75AnwLjhqdj_fBMAHNdY9BXCUyz-qWBqEYaD-JhKLqcgqcZH9Catq55UHgZtVgno5wN8_Oe8mbeUPCxWc4nRP60Mowk_8lNBNh-E_YWTn7Z02xzBl3dqF6wFa7qh1DGDEVo_oGr3gMYu8b4EjvKLpQLcJyEComUjaOAE-dZIR7ZRONfWEAsF8o8vEuHZMvcKJWfgrCDgy2TW1QuEoZRfac1BZYs4/media?maxWidthPx=480&key=AIzaSyAc-ZJG2uARUs32SfidagTCbx4NBiRLFNU
159,Memorial da Justiça do Trabalho em Pernambuco TRT6,cultura,museum,Graças,2,5.0,-8.0440892,-34.8913462,https://places.googleapis.com/v1/places/ChIJlU0w6PkZqwcRO4gmLAvoLK0/photos/AaVGc3kW32-NKZvtxOV-tW12QTortLCnphuYq-VBphBfhCGGqoj5T1Q-QPETqDV0Pv9V3j0KIAQvct_E95C0TyENIJqvOc8PxHQw1fmSpvBcI5DNJ0He76YDqfAGxfNEzMA3De9ocpZynVm6ZITMPMTfM1dBr8E1yPuI1R1wgYInGU8KWtv1WmRKiNAheoXO4qyDkjswe8GlQ-EcevKfM8mQKUfrR8BKspoKnc_w8f_YL8TIOWajiGWQq1hc4O8f5ajKliJ8nKzTVD9B_BmrDntOHCYl24pmNBwf4OpsoJfXw8rVjHg-aWJndniB_9ds5nMjrL1aBa9JAxbdyrkzxSiGGy8jFgNFaUz2Sysm_MvMQNEwdTZr__t5nf6DE62V9Qnf-iIchulHP64fjSl3qErNhEg52D82OV99dnv3rk38-RBHxQ/media?maxWidthPx=480&key=AIzaSyAc-ZJG2uARUs32SfidagTCbx4NBiRLFNU
160,Baobá da Praça Antônio Maria,cultura,tourist_attraction,Graças,2,5.0,-8.0400599,-34.9133974,https://places.googleapis.com/v1/places/ChIJIxvRKQAZqwcRe3uNo2-D8NM/photos/AaVGc3l4bJM1JPZyGPEc0B0etuYvrP_a_mypa1YFiVLHf769rsdBHmdX5kehxjrGvyuUcjqbPBDxl0KpRukyarM5mASZRTKN4FFT8TY-ha9EvYN93ITxcVhgqlGtw00gAgtvGr_RWkLUDEbjvJ735tk_sgMJSzhQEMiMekqic7HnnEG5AyO2thGidgUlJYq9cGtteOWxiMXk6Ycz1GlH6asEM21eoMYDCw8lw9oDUFiyBuV_kl1aZtXnzd6ieKs2GBTpLIl1FIP9ZcinUMC7CZOgmAoetpswEIVdMgKZwX2Qa1seG9GXWzdKRDYwyK69gVOqVQ_mnXEARB1eaKU1VJie4ogM3chwLcDyoed-WZ5_PrJuk_vigwFQVa3aNS14IOGtfD0Xu2kjzp9lh2C7d8j26A8DmgtCEuCcASYEQaEwIeuMedvK/media?maxWidthPx=480&key=AIzaSyAc-ZJG2uARUs32SfidagTCbx4NBiRLFNU
161,Cais do Parque Lucia Moura / Graças / Rio Capibaribe,cultura,tourist_attraction,Graças,2,5.0,-8.0524837,-34.9038639,https://places.googleapis.com/v1/places/ChIJ_846RQAZqwcRYfCXaOCWtJE/photos/AaVGc3kD9E5XPzlp7AoTM4tRaE88xHWuxQStuusW4lssZ5E2Rgz1KTgSczM3wgxyDQ9dlKgFaUzUG6ow_AjZD1dtpD2KIPzaP9k5qOGBtfvKFEvle577U0SL_dyV_MuYnH6NYEA9gGsJRp4KdHz5drad5xKNs8MasIDaSZG1N6x44BFmU3Yi3Rt_F_VOoYSvxjpjXXZAp-_nUasxDAQD9StdHaGmk4a2FlIsMQDBTQEC1awsSmGVCVQmJYTqeLP26Sbwk4AkXht0Kle110_Yz0vJ1S3tAZfaXLR8sbNpD14NLM9UAne7Cyrx4KBnm1zcuet9kz3xgHMLBxUb56LSijDb2i5aGnb5eNjlesGumUgAehvm8hv20vXo-7HZZp_fDxqcmhFZGaRSSsvhgykJ65a192uwDUbqSOEOULaw8a9Zye8B3d6f/media?maxWidthPx=480&key=AIzaSyAc-ZJG2uARUs32SfidagTCbx4NBiRLFNU
162,Passeio das Capivaras da Madalena,cultura,tourist_attraction,Graças,2,5.0,-8.0469892,-34.9040312,https://places.googleapis.com/v1/places/ChIJUdtnCQAZqwcRx5en1C_hGeo/photos/AaVGc3khsAsf5fHkxNe7k5KczAkAEHMfRtf9ujlPYvhX1N6vZNlyM5F1cMT2lp9IiZ13B_oLsyV4A5c9tonW8NuosXBVAGC357bbFg3F8h7CJSi--MV-yGFGPbfvMQfgA-iNMPwWQ_PZKhQU4Kg5Dh8Kqd93Rywr5oeRVaTFapsUl3lfcb3aXjYys210EK9sPn0GNFS_2OVnWoWGThEQvGB8C6-FgNXTAlBuo9OA68QgzUa468BBl4K375dTI35IwTtciljFWITuJiMsbRA9vbYW0EoF4WVBRGhhh9H_kPx__kQhze0MfBgPJOz9dIkM8b9VQuLv1VP9T0FdLdWiJphSWcBMyDngHIJJ16Bn-YD4v_Bn3Y9CzjWW6juVA5kKdYO-viXF1w9tCDUUmFI4DdyBghjppemovc9u9QBKXQU45ZYEvlF5/media?maxWidthPx=480&key=AIzaSyAc-ZJG2uARUs32SfidagTCbx4NBiRLFNU
163,Gleibson Cavalcanti Atelier de Pintura,cultura,store,Graças,2,4.8,-8.0492534,-34.908736999999995,https://places.googleapis.com/v1/places/ChIJY7BD1x0ZqwcRixwkVDUsww4/photos/AaVGc3mtvT_ayd1iHKVYJ3vQESJUvfhXXVIl1-rFcBsj8cFQ0yyQZiDye_hAGi2dThXaHkSVYf6DOQnfe0YjTqkKMUVe7RECAuSNi7bSuGa8hvJmEyVztgZIcSZloB9rIA6fKVHKdEuxtciEBn6g5WrT-QxIip3T3koS2RXov9yGmZd1HO6faKz7ZR12JtZyXRDUcJz9H0bkAtNuneP63Gor02VHhfUXwGBqIAN9geEBuEZGwukTOxQkJsJa-5iyjS1BdRDQjRp3BGPEVFAAugYxNYGQbawrrzoU1cGZtx7RWex-5pX5kowNpdYEHIKwPJClT7c17YKN_NJZB3OJKvhZc6xC0-nb1JZA4zFqqVs7XgVE7SGHSD_h8rfyiAnCxRWZPC6CJkHExpchOVk_agR_kCZDw3c0mo2cH6Y8Z2KdnbT7nve6/media?maxWidthPx=480&key=AIzaSyAc-ZJG2uARUs32SfidagTCbx4NBiRLFNU
164,Beatles Lounge Brazil,cultura,museum,Graças,2,5.0,-8.0493268,-34.8947406,https://places.googleapis.com/v1/places/ChIJw0SGGcwZqwcROJyFAtzW7S0/photos/AaVGc3nPF9CBBX9yw2LFK2pTxiI0YrOu1TILQR4OiBIlH_vWokWOmGHsWLbm-ctgiQ02lpB9r0DmeFndbSM_p4nO5_CRNRskeJLlEwKbRhA-yTqcQl31moF7ul6fgKpGgsqAd8aUm7xxuC0fLKV286GpFbdOb2NujHA41po7_KhUt7m69Khj2uPhjAD7_XPu12M6TVBFC7avIWO0m1wNCrIQaP-gcJMmkZk_anNAXBNuKOXJOdoisZtqisuCr406xLVY8SLibpKyr2UjSjQWM7AwzQdhdX3rPzSgP4VPpWZ7cLZwgwNCser526C2XvvHjTYOzuJlXRnPGB_1DXmJlPE9_XpAQdNwRC-Wpqb-MP-THZl8isgsK6EpdE_vh2ezFvLoh_P0We7KklTzc2t-SkAIIP2V-I_gT1qhajrT39-RT8rsWA/media?maxWidthPx=480&key=AIzaSyAc-ZJG2uARUs32SfidagTCbx4NBiRLFNU
165,Café Tão - Cafeteria,gastronomia,coffee_shop,Jaqueira,1,4.5,-8.0320986,-34.914814799999995,https://places.googleapis.com/v1/places/ChIJy7pbmfcYqwcRNVS904CPOZA/photos/AaVGc3mDNmMMSL6iXIs78MD7_IY1Ia07ecQxgpmc7JqyyqZZMF1Nfj07MQACiJimVwC7rUkVQE1XdU1R19IScVjvphGZU-lJAxGzZO5xexmFkc4GHsuKIdAGa-J_sk9Pvk7gDPDRHaOmOHPrwwfO7OgUxciSqDFdV4lnwma9pzZIlyXD5WYZf5XOG1_towPdEQYSPcYUZcnAjyxcCDZUUHzjSEOgnHC776zDkIj1ooHuyVowBEIIdhCoqRBSjMoukKaX-z-1mB3ovFV4WVR7Tk57vBpHaLpIj6zTzXwUY9AIoOXPhbgt8HRjSvVNaRHWcEI4Lmug4tAbYzFh2NCMFvdqg70taVmC9iACArhQ8acct1yF6ZjU5RgSmeFdSsfXfwj6HibanbyOGHGhH-EuFEV9tUMV-pqd4V1ffNKvkVOrmXU/media?maxWidthPx=480&key=AIzaSyAc-ZJG2uARUs32SfidagTCbx4NBiRLFNU
166,Bercy Parnamirim,gastronomia,dessert_shop,Jaqueira,2,4.6,-8.032235,-34.913477,https://places.googleapis.com/v1/places/ChIJjdBNCKkZqwcRtKHhfAtc5jw/photos/AaVGc3kghfd9ZdkZ0ECZDTbkMlTJ4e1XPx4YHCQ6K2lNTiTE_XC5_vundTuL9TVUE3TxB8ZmOf3VEXl9c9pDZBXAflrEVS2dj2H6rMnTl9HvWvuywl3msz2cEnREFHLdmv3CiS-KllOYw3zbqAycWJy2cSfC1TY21r0Qker1VMaFEVWr59mLzf2Oy9turEg7a-XiB0A38WG-XP0hBEIPE6yL0eVyR359SwCXyU1IUrJakKuSL60rwhwwgR8z9R3XwO-yGrXudj9RMmmz05tT0KsG-t8xdalJYU_-SyxbBFRxVlib4ZgNAfiG6jpGxoX_kKPghaXzkcfCCL4NN_Ued8M27-VjSsGH9DGvYGaOCUtJZmN07Hu49mnoJXbx_eDpzQTEy1rqZRn3FjsqjZBNzXnSXWmv6hsSvgVSwqzMf96YLC73qF9f/media?maxWidthPx=480&key=AIzaSyAc-ZJG2uARUs32SfidagTCbx4NBiRLFNU
167,Beco Mágico Recife,gastronomia,hamburger_restaurant,Jaqueira,2,4.6,-8.0320514,-34.913972799999996,https://places.googleapis.com/v1/places/ChIJj5VGrpgZqwcRTdf1b_CyYj4/photos/AaVGc3kC822mqdgGZgcjuxK2rEJd-Mil3nRf2yDduqhVoAny51Vsoi6LkXBcx7R9qzTml28sSHyV-8fc2DooN_lDeYT7TE-vCB3UaD0MYTPbUIeLAC_E2pghfvkytn65If4HE7e_mGRfaC7iZWJ3UFAfdktcs3WeSKYaARlYQ8ueA4vf5mEf7Vt-UMJcLe5EWozGbhSGv2fl9lzhQLeWS_t4Z01VQBDqcHrfryTjvQc7PPSlmyYRvAu6Vozb8iBV1U6DtJAdGuHJ5M3VFT8UbAaZIS6gK7_Ojyiccao2u9PY5r2CbomU7Ki0eKVroK5F6buiNGX6UCdbHHMmp-Xx23J3_tdio5UfwjxCUNy-gCd-0TiqfcJNYi0RMKLD68rh25JmYXz_6jpek5uoyukepLFQaXEEZwT30dxDI6FeYdod64c/media?maxWidthPx=480&key=AIzaSyAc-ZJG2uARUs32SfidagTCbx4NBiRLFNU
168,Burger King,gastronomia,fast_food_restaurant,Jaqueira,2,4.1,-8.035406,-34.9130356,https://places.googleapis.com/v1/places/ChIJYdLEWAcZqwcR2saAXM4p0fo/photos/AaVGc3kbmqAIMptGvfDULcxN6boAACqA56xdsO_0u1-K4Vra4ic6aCdSa-flmrw_cyeIj7syqXql80i4mpJWG1Ikg77Uq24vSD2QPaHL9DiE0sd5VMWlbMx1zDGrafbM0PoMJFu3D1Qdsn24zACc37IeXCLaosSiWLukjTo2n73o-5-vhYQWASmDhyY_GmWD1DqlavBeCzUvr6XlqfY4eD8fAgJQvGFWi9M97FHn-nq0dBaKiXMV3KjGdPw9PK3RxFYSakdp3uEIiZxWPk8vhyEqMvfsNE-SwyvTaTXcrNu7zjtDWHYy9HoOQ0dmjh3aLv_l6BuPdy7Wm2kC0HwA54mXkzycifO2eTXzkCdUpAuatPSH4EK1Db-FQzN1eva7WUNs3aXV3MgyolyGRe7YYqNU28uAdPEjkZr2D0rGruAnFe9YespweKAYOv-J1ZTGTcNi/media?maxWidthPx=480&key=AIzaSyAc-ZJG2uARUs32SfidagTCbx4NBiRLFNU
169,McDonald's,gastronomia,fast_food_restaurant,Jaqueira,2,4.4,-8.0365292,-34.914276,https://places.googleapis.com/v1/places/ChIJtdbcEgcZqwcRDEJ62wYeO70/photos/AaVGc3kfwiAF2S4Cv1oIrBu-2yUdIuuG8YboB5d9jmLQrRBsb_Lb1MiHq8Y-O-ETu4CmwaAj_WRMu42MHnzB_F7xIf4vfSaJvkY86eRbLZlg8pjZuUW2j9ZDkH69VoNUU3plKEoUpDOLD9KImCWSDKeZfigkZ07TAZTg5VbURUCCUeQxJBMel6g-iYO4-yEPc7Rq4_smR5Ln0DJIZWCbWquaqlNcYx3sJjwANVUXB37DbkE2q4z3wWui6sIaQqpHp6z9_GB18A5M6xqJpsSNvPLAN9FsY8DNLgq21xtlhRyM5MEdOwaYpIFJDbZskhHpNoyJwme6BDzG7qkutRZ1ms3WRtWMfRInEu30GKhaJxOGRTF9WR61s7HOdDJe8whDnHME_KleYAeL941fI5D64Ts7rlWDZJCG0tRCfEPkxVyPyF-fUQ/media?maxWidthPx=480&key=AIzaSyAc-ZJG2uARUs32SfidagTCbx4NBiRLFNU
170,Clube Alemão - Deutscher Klub Pernambuco,gastronomia,association_or_organization,Jaqueira,2,4.6,-8.032506999999999,-34.911771099999996,https://places.googleapis.com/v1/places/ChIJSbb_fKkZqwcR465IzK6_Lz0/photos/AaVGc3kNB3fTmNM4zLFWsP6fzHAxJi_qwKyhemDTaJnr-QkQCCIUC3iCrl8pz-CnQl1-WP1CoL9dmkE2kYdzBt_LxEi6GAGRGCcXeNP3ybZAFexbWTYomb6lxQCtJcd8OHpIJtFCaWOJe1UhMnuZKGfc23LsbCMdKG7r-bLcBaNaGImBfoULyXX-Pkknl3Ao4qpV4pgFzBofh6UZcsuds-46ImVNtMgF3E5EUuIQ45G8ZJuFS6MWt-3PwFhAP98Cf7O8CS6TXo1umHElT01xJYi6E5x9or8F_odJhpKO8u7VZcRALSRdNpQcYSWVrwN3HLi62YaF88LxP_svo0v9Y5vBp6kfhDcetiBsufaxfDMKNn9aK6JjKahYQytWn6Ut7gHtBbsabrEgp8EcVAifmU-2GZ8T-2G8c1HFZRGvvf6YJQW03A/media?maxWidthPx=480&key=AIzaSyAc-ZJG2uARUs32SfidagTCbx4NBiRLFNU
171,Recanto Paraibano,gastronomia,bar,Jaqueira,2,4.6,-8.03483,-34.911899999999996,https://places.googleapis.com/v1/places/ChIJmb0wSqoZqwcRS3ocCVfIk4s/photos/AaVGc3lMvolzPighFrCQqH_ejWcAMZmXxt6YhgR17onQv06BZdHxPUqzdXDABSSsOa5TA2xCTHTefN5WvlKwWoWMKgMhu9Qemyaevgo-pKptwabd2nNmbgCkb_HyGsz85p09ru36kCyukQdbZs5i45uDXVN8UZY7PCbNEIKBjRV_fc1qhV0hVX5FmcvHCjVfT595I6Pd-j9XVr_2E0iWlFuuRiUv32yaSNocPSs5jCUsA910NykupzlZQdXbS7Huy5cz1OQ1CkY8fKwqDHiYOhmSvRD3nfklMbjF_ONtNRjKkq_yvi1HrNH5SaxeH9FN86Chs-ovwQcsKci3UW-MqdSEgLdIEMSTTo_4NIKBSNlclMvydiFgvNbvsovR1Ivuk1Mly6K3TPDh4WzYgVeZkZNs2UFRr_LFX6VRZtrmPBsCp0_o2A/media?maxWidthPx=480&key=AIzaSyAc-ZJG2uARUs32SfidagTCbx4NBiRLFNU
172,McDonald's,gastronomia,fast_food_restaurant,Jaqueira,2,4.5,-8.0348849,-34.9077637,https://places.googleapis.com/v1/places/ChIJe6-p-YkZqwcRl871RTyonKg/photos/AaVGc3m27kiPUlS96RInBNO0oI28zl3dkEqJ3eU6UIT3A6QoNRsRtBF2kkYjn4G1KlzKKRdqRLm77mr81NOtk-VOAO7nT86ASejYrXLTFxg4DV7egYqPkhFq1jKvPu9oH0AcU9jqnrFpVTtuHs0WwhcfMFtAKS9fGIBAZm2rdDhRAFKqOYHciMBVWk39vY1UBRgk9dNa63JW6Er3IlhPLqxNKHICPe_rJbUqQ9OIjKnnC4B0pOHHcxP-HyDOSJbKSBMMKef351u6GF_uQ0NiuC6r3IAJ8KG0JTTRX1myC6o9qrf2OHP1XOnsAkVtc2lZIXT2gPL7XsAC6hiDoWclCjhkXLFz7BpqwAgxwcN6ZamICxLc89PmvGjE87vmuDhEYdLTuVWwazJCJ35INyXz7khviiIF_vhwU7MoRN8qz2auFYT84BPUAn_QRGM84RscSkFS/media?maxWidthPx=480&key=AIzaSyAc-ZJG2uARUs32SfidagTCbx4NBiRLFNU
173,Seu Tito,gastronomia,restaurant,Jaqueira,2,4.5,-8.0388054,-34.9117227,https://places.googleapis.com/v1/places/ChIJR8ExOuUZqwcR8qdaYWUkTLg/photos/AaVGc3keo11n0C47LMg_AtGoaAgjVoOUk27fmUEvUqptB56KgUXW7rLIV8tJL5ZVfLymzN_V2Ghq4GKAMg6xH59Cjf2iB8SmGkLHlQNqg2_h1kjEKjoJw8XyaMbF6At53WRA5-cCCxrESzCLG5k8gSvAwt3k4BQVRtEYWt296ZcPopxss49vUoVeHW2y6G86vJkMp1BpO_KARYKJmtNvY4cQuvV7qmC8lONlJ5OhF9k2-4PXfctKMZfG5jYmpFZ7kyEwG1NBz080BMp-GN6yLahUMtjwYHv_TfnZ3o8I7ebmDOI3kGGNXgX9Fb8J6oDqDDB3IL6u3QFK15Hs-u0Tp0ZaNeTdBOmwvakL8JUScVFBvrQ_yRbeTumCoEIjK1zPZA26roNgP6WAxv8C8r-jAjAa-VyTFDFCCJlWUzuDOtCS69sWTxYI/media?maxWidthPx=480&key=AIzaSyAc-ZJG2uARUs32SfidagTCbx4NBiRLFNU
174,Seu Pêu Gastropub,gastronomia,bar,Jaqueira,2,4.6,-8.0381293,-34.897911199999996,https://places.googleapis.com/v1/places/ChIJ5TEfXPgYqwcRlUZcJGThvAc/photos/AaVGc3lctfEuzQnswGxl_PROvvhFnPAQuS2S6h_VAVwkpyBGWpCijsPMdDiASlZwTk0IzftfqqSw4yh7qSTnzd_c5sRpeQwgaYG7SOdizohKKC7Q6X9aZcWM2wy6gcH6tFmR2wSJiSnVeqhtNXrkhGsRFBerXcA6EbGNODJ-ShyLlYARTVwyZakuUgBpzNpp9xcF9k74_1v7PEZPUilVK4RZU6gIrj6xDBGqULfiuQBmf2ewRZ9zj-di3C6PhFGj_QLV5PyxYYlNKUiuPsWqfTZDTbppQ40D3oxP2NZAHP-ENBQKCMES0WOUT3ZfUx7uXdt2LAbI87YzHpTB3tY4NxfLdjSuVDSEdyKtmuxBzbzw9ZbQFa9has_w5hZYoyQ-IawNgTNvIJJN5Hknz8G5YxuLjxdiRdXlg4YI-aMir4cDsArTyQ/media?maxWidthPx=480&key=AIzaSyAc-ZJG2uARUs32SfidagTCbx4NBiRLFNU
175,MARIAZINHA BAR E COMIDA BRASILEIRA,gastronomia,brazilian_restaurant,Jaqueira,2,4.8,-8.0324955,-34.907212099999995,https://places.googleapis.com/v1/places/ChIJYWCEw3IZqwcRmR1uWIV5vsk/photos/AaVGc3lVoKsZMU0xgmi3Dly5r72hIHY6DD7hLnaMvDwMZnRO3kDV8bzLRHDUceYgTJES3cW31bMY750SJEXIfEdWDe2MscsWQ_BDxhLZeitcXzmsFrO_ydnSisK7Mxq9grimWT4I9OAM_D_o-GVtbCEw44xrQ2QCwlQZQPfKTfAIgh0u494Mgb9VmPdaE7KixiToY6DYanOlKy0z_aP1BaqIXR4AzzqCpYE4YJyWID_yzTRWc8o2L5hgZcotlZx3ADGbbMDr6eqcHlgme0sDP2gKMQSbpBapP7ZBL4lv3pYhBtQydqh8Ng5fw7_ANzsBbxm_K5y0JAQDoRzp-8gI3seqkqIsEgM0K1P1HbrS56-KpRnOQIzqXxty86m2VaCqUrFCIpjgRxGTWUD2ErO1wDoZYsSbC8NUFzj7wkkloP2rQR58BA/media?maxWidthPx=480&key=AIzaSyAc-ZJG2uARUs32SfidagTCbx4NBiRLFNU
176,Parque Santana - Ariano Suassuna,lazer,park,Jaqueira,2,4.5,-8.0418196,-34.9168434,https://places.googleapis.com/v1/places/ChIJXT2OeAUZqwcRQJ9YkJE3faA/photos/AaVGc3md51O6LIIQN4Na1fIdQ05xj5QkewO3EXgc-uVgxhLriS9WxeJOsdwqy4g9EQJmtjyeARdcvBNe11SQmamlRs4xjIwoY01kgKCUTZvQh7bd-EQL_t4o9y_KQsiVbKC86t51EfTSDeThBKUD9ShM5F5hfvpGDfckTzW6IUErfr9ndRz_f1dNAG93iarDW46Wd7vZ2S8sa0kLJ3j_2U9JvfgXHj4c6i0ycmE0MTk5QYAdXLs3tf3hgPMhswmDxnu2XJvJoh_K-NO0j8jTBcTo6vRPu5aEhSCDXqEf6FLtCqxHX0MQuhBzPiUkB2mnzA9_orL5K2JLjlROz9wNJcW7e45-oW84UL8lTsHJRigynfkah7BDA3Y4jHkSjEAQADrHHHQgYxIA4VCXTStPRX313pH4RkmXMS43zyjj8oh-FahW4w/media?maxWidthPx=480&key=AIzaSyAc-ZJG2uARUs32SfidagTCbx4NBiRLFNU
177,Galeria Via Roma,lazer,shopping_mall,Jaqueira,2,4.3,-8.0326985,-34.9099468,https://places.googleapis.com/v1/places/ChIJuc0swQkZqwcRr9GoYiYCZAc/photos/AaVGc3nRS1duddHe5jotr8cgR-IO0cL_UfY16cuLEM8BvfCkJAUFP2fty-vsHJsKotfcgCBFvYC7pHrdYdT86PpEXACEJB6NW2ri3xDYxTXl14dX8Aiino19ZcEMNhR2-Gq7FeMNcfXEqYG_xAVkbj0WbCBc9NNvpmC1D8J_wlcLkNLliuJHTpErTy5NPzUKNst8ADcjQ9ud0lfBXUZEmS20LoJ46aT1hZcGaD6BKKJ9SsSNomsg3okA33vF0yh8X8x1baLvM1f7WuGJVShMA0uoPnHDq8fXUHFqD3xBVQd-if1L-wy-4QKqid7JkLcUUEM-ET1EZWcmQu29Z89FhTDedA-kJhLdJ65o8c4Z7Pc4GeZuBiWAeRZjD3RIswodAtl2DEKdIpSVgfjZLavKr9CwDorz04wAwQF9mwAVD0J0r5J0aQ/media?maxWidthPx=480&key=AIzaSyAc-ZJG2uARUs32SfidagTCbx4NBiRLFNU
178,Shopping Sítio da Trindade,lazer,shopping_mall,Jaqueira,2,4.5,-8.0312584,-34.9146794,https://places.googleapis.com/v1/places/ChIJCS34cSkZqwcRcz52TydwVNI/photos/AaVGc3nqx1sdqgF9U3Xma2bT9w7hjCaf0_2w_60Dl5loSfY00_VoggdtNcM_aHhgAu8vvQ330IcIujeE2WQwFE-_y8NQ68M2LViAeCIIipZ_OfYTkDpYD0IwaCNf2OoKWuASQM2aFkbpWWszgYYpNKc1NE05tDIFJMhsS3qzmX-Lre1E61ii0Y7kngKu8v5zUxcl6iPC8iGEDVJgp--e_CckudCDdMEIbIee49y41u2NsE--UPqVmKXtKA_FVp8r7uOEEfdiG818U31VR9JFKyn3oo75ZEQUNYuUK_gXaBCVQ-kpGS4BbHzrp6KFYO6HzoKQ9_065Iag8ggwGxMvXLUMGh8Brmx7RLRosqMTSY_t_TjmsLu5G5EySslODMi5FXUHWHhUOuwqUpYrfLGKdoR8Cyek55Sjx9xCUoPRILCZ14UryuIq/media?maxWidthPx=480&key=AIzaSyAc-ZJG2uARUs32SfidagTCbx4NBiRLFNU
179,Galeria Top Center Graças,lazer,shopping_mall,Jaqueira,2,4.5,-8.0452691,-34.901770899999995,https://places.googleapis.com/v1/places/ChIJCfhczDgZqwcRbLRXW8LXNOs/photos/AaVGc3ls001ConzcJQK4AwkrQHRGEWKjhV5Zn9ZbqR4bCYoaMxROex7V-1pzqR4QTjrjy7FSJdnYIvZSrouB10as7_aWoN7npMEvwdol-uf5TB9Wld6ZPa6N3Wy7q1v9qfK4g78a6hcjrleOT-BTL_ihdwhvJ4hqQb3JKtnwJJl11nc2mkHiUT13w5SEfG9xOXPIvFFrmxbnX_tF-i0GLecKZof7dOW2OvK8B5t2lGuwrpwj7MlnxERD3scuVIiCa2wgXlij95FQGdG4P-Vi7jiUWbGTgIFblJlyPqCNKazA8g1aY_RbOrouxrLyJxuur0vwzolpCcgyqI0hyZMU-4y0vxwUFe1fMti7E4OybtLRuEzUwVbK1ImVkXAiF6AMFbcGQzTf28LImmYdfzUm6ijqVl5kMR96JpNkeymbce5k97d8HQ/media?maxWidthPx=480&key=AIzaSyAc-ZJG2uARUs32SfidagTCbx4NBiRLFNU
180,Galeria Crystal Center,lazer,shopping_mall,Jaqueira,2,4.4,-8.0385256,-34.9044405,https://places.googleapis.com/v1/places/ChIJGww2TP4YqwcRyj47SL6VcdE/photos/AaVGc3nAMldxumkYQGjWNXxDLxxDy001d2wuv1QBLYkU8NFPSDjtw7G-7JsuAKeoP4tccbcUzbiLO1HJY7nQSNULsT56Tf4Ar64g2XDryndF3N2igGaMsykVY5PspLm80KfBy0OHYwGspdH4VxI8SWT7IRBYUbw-0ww3W-gMEsX2aHTYAemnFv0OWTyFDgoZ40DSvs3izQLCLrp3zJUqLjIT1Entw0cxyzx2IX-z8IEVHfDFkAW0FXgc77Ctb9NmwHLc8elvS3qW4sX9fYQ-0Lzgy9ssFbhInV535_yBVKt1JdhCdoyDCA6AoBJ-QauOK6z-RIHOeqQY7BgfidlMYkj0hHfC14HDaRw8rhew9lfL9ru5Qoim4j_-HlUnfvUZS1aBHjtbQLa5BSTYOUSoIs9-PqLUI0KWfbs0EL2D6HajA5NTDMRq/media?maxWidthPx=480&key=AIzaSyAc-ZJG2uARUs32SfidagTCbx4NBiRLFNU
181,Detran Shopping Plaza,lazer,shopping_mall,Jaqueira,2,3.8,-8.0369869,-34.912622899999995,https://places.googleapis.com/v1/places/ChIJwbGrQJoZqwcRR4k7ypTd3vE/photos/AaVGc3mtV1MZ_VxRkbiN3TdxsqBPVU8SujqUes-DJ7lLHTqPX3rnG59JE2N0Ea0QoH4OLL3iBKHu6MFicmblKU9x4Vd3ymS5juXZnP3Kdui0bWUYl4GT23nW-uzNLvCxoypHWLFaeTchpfnEDMhjJXeJFz9vIoN1NJCL1BnzKVbIS33BJMOdf5RlxBuATiPJF4lzEQRjNzC1pl5oUnn-p2n8621Q1g9qqqT2r1D-hGuo43x_SkIqb4Ea485qv2ZUI_mNXD1xMCGuZSfjeaHSXR3kBcVL3wGyZgngyFetfWXb3WEfyDYwERF3k3dxRjOxYOY90c3cnvA-ROwid9IvmkNv_yuX0CoeTWYOPxRtry8FT5KCWEwGxmrVHylHf4SqcKC8dRGYnsYY5V4zQHfOD7DKobzsomUZFxeENknfHfbFZ1dQ1VezSHqyFnyXhwsMys4_/media?maxWidthPx=480&key=AIzaSyAc-ZJG2uARUs32SfidagTCbx4NBiRLFNU
182,Sítio Trindade,cultura,historical_landmark,Jaqueira,2,4.6,-8.0305997,-34.9129212,https://places.googleapis.com/v1/places/ChIJGQuwt64ZqwcR3F4qf6yfaoo/photos/AaVGc3ndpYiYdqCGNuv_4iCj0dwhgmcE3PO0qLvQgPY_lt3pkyFonIeqk7CCGHLK7WDdkrD2L5wkl_j5xEgolICiKrMm9WVD4IjKDbP7X7uhZgKy-hmOQFImITpvKTwac37nKfaPWkf3WZ6V9lfyr0XtOr3yGDyE_A5oPpvbRf7WwcuWb5_zQwQZSkPhko6DjtLOKeJv2OftQGqfeQzB0XgHuvSiNZoCPokcENbX6So1MlU_Oe5_Vp70vkyjITcL-1ei9WfmlqiYqFpYasred0X2hEMcNrK4zOJcSrx1e_LBUzdySfUtm8_AZ0vhtB0wdZ_XjJEmyFyz4xVGrC5fyov-uaJo0WI__tlRjLNuAddIxued60Wy6T7Jg_PiSMCLKkwuv-r26GYSoqDw41fJbR6wtEC4lWeZ_ADWhBqZmOr8Uht8KQ/media?maxWidthPx=480&key=AIzaSyAc-ZJG2uARUs32SfidagTCbx4NBiRLFNU
183,Casa Forte Church,cultura,church,Jaqueira,2,4.8,-8.0331049,-34.9183818,https://places.googleapis.com/v1/places/ChIJt2MYjqcZqwcRqH415pkG-DY/photos/AaVGc3kc2P7FXhqvxvjHrnQaNMKoutRjctd3lkLau0gTLmUkDn0mf_iFtBtTK9aKikSzmXR7zGwBBmmB9MI2tAR_1D6fXs_Ap_g0x4eg9rums3NeKAG6Jri80XRyPT4TNP3l1SPEKXDfjQH7mcBF3X-W-cF04Dxzw7xeqYbwEqThCAHO6id7lU_Xv7nzmZeZhL_E-2ykbyE4i0EiPFWZehTurc2T22DOaZG-G-ltNKfksz8VaeDcgYfKCaOTtK88mIsuuE8n1kd9QeNEBp8onhDU3w2E7zrTmUoyC_vD2zdx7twgMgkVAgo5D4KbzUe-76AyRq6Al-9H7OQ0ZxQ-52DZDIcDVYjK-E8ofeaYM7MqyxsuAcWu-x6h-sc__6NBgm5FQJ9t_9W8y3D8IzPSTxVFl08m4FtGleg6l5ZGJ0NtSOo/media?maxWidthPx=480&key=AIzaSyAc-ZJG2uARUs32SfidagTCbx4NBiRLFNU
184,Memorial Irmã Adélia,cultura,museum,Jaqueira,2,5.0,-8.0405477,-34.9027266,https://places.googleapis.com/v1/places/ChIJPUCLmaMZqwcRw4ZI_Tt4Q6M/photos/AaVGc3nc6nTS25PVtwSMOpopvpX4SnwH2MumB1ObTWh0MR3TjgifMGDkxs0tQWyfP1yQ0Xu_mmkszrWgDxpSydJ1Krbj09kjSe3pp4UuBqTmxJeCTAvUYHvGpG0yyHmdVc7uNdMR8C6733304G4saWeM_x3iSA8X5MUnJN4k-6pSnH9wzm0SjvzRUXxh3VzBi8sufDajtvtBAkHbpcErIFTJouXDh2jBkowuMGEUoL00UJlz9P50pnZ8l4J7tmWxEot3EjCnnroHjXMOskRjt5fiGLL4Jtt2n_r-HT1-bkGPuH7457RSAHua1lkKKpyMiY9d-zLpf9G54yVorP3FoCmiSmYOg3qvvdiXsar2WEjfVFwashunUH65q5VNf3PnLFBc3vAJQIBXFD3PPTahsnyhRlZfwK4w1qYKTt6flWpqrsKw2U9T/media?maxWidthPx=480&key=AIzaSyAc-ZJG2uARUs32SfidagTCbx4NBiRLFNU
185,Davi Passeio de Barco,cultura,tourist_attraction,Jaqueira,2,4.7,-8.0466008,-34.902434899999996,https://places.googleapis.com/v1/places/ChIJrYaT1LMZqwcRm_B5YrBo-pg/photos/AaVGc3kd0GEG4OP3eHqO-vCNEIKKr5qIfpK_CdKTdrLwVNKGlB46mfP0vPyhRCLUTEbzH1OZpunatrUjLHrCgCkDbqEUJHXBPks9cVk0bvDh91vfsKWCkBJPSPN4ATfGR-ktC3CL0xbRIbkqMkK3HTTkrQ-lps81emNv6WSte27Gv_c7wMJ9CqivD9zAItr2zqUZBN5ssMoUgC04qeLm_Ve2nAXdyK-MVk4vxzojc3_5sn6xMNR_MKeVmOaEX2wVXIcdou_ZdWSVFyOFkHvZHTYo2Fm8ZolZ3K7CQBQd3wiTpl_e15kIEAQqVwS78Ntm9WBHnjU1TvIFwrpiMxWqb8UtErqQB4m7nmhlWNs089dSOMLy6ZUtPlHDI8M_s-KI1_BjDv-khgGtwqXeRVGsmQCkl0Z6Mv-H7H8EG8aysxjRmJ4/media?maxWidthPx=480&key=AIzaSyAc-ZJG2uARUs32SfidagTCbx4NBiRLFNU
186,Cais do Baobá no Rio Capibaribe,cultura,tourist_attraction,Jaqueira,2,4.2,-8.0419787,-34.9045254,https://places.googleapis.com/v1/places/ChIJMQe9dwAZqwcRsr0CYj8slDg/photos/AaVGc3nAhxv_8l1n-Sf5yznPnzqycyj1wVCLIUvffLwRkMniM7P4-t_Y8B5ex0AsD5krGuTCS7Uh0Iuzrn-jzNTLi91G2LR-UJGxfcoyLhTdk_txRxuGMmxHfRiG5W_G6IIuXEEZiyLodqDePL1S9TCz_8MCdIHfvXOKUB_H0WKt61gTe-er7FZbSilo8ewm7be1mvYDp3QCTAJQIECC9n2xvFz6BBot47pqUYoypeJ5gxt9vY8oz81e2iLlkac5Z0JR6ErJW4nhR8VULk0lXk4i1mkclk-V2bBeIOXT4VLzhCas4-NyGmMXHOXyZGSndwJGMSbPZrUcUXETEqePqe2Mmv7P6FIlB4A8yoNbJ79So8BkkgfsXQXR_CzIY1Pqft_BHM3rTRlBGJD_1ocysH2SsnoBcrYCnZ6nQaPiUMZHu_AF9jNMPkROJzu1i4NV0ciu/media?maxWidthPx=480&key=AIzaSyAc-ZJG2uARUs32SfidagTCbx4NBiRLFNU
187,Galeria Mário Nunes,cultura,art_gallery,Jaqueira,2,4.2,-8.0314239,-34.919514,https://places.googleapis.com/v1/places/ChIJ7bjBQ6YZqwcRc_lw9P-mwiI/photos/AaVGc3lQW_e-tkCZauwrWjIXXViyn6QBLClwK4c1W2OpgNgro-01SQmGzyzW_r2nCzcCh6wqnoUKCgmrab0zmv88aiq0fQeYGFOGYbVShGgaJ78Q6B-kWos3wh4iX8aqCX87DHDwGdYftljJg7EZRBrarquAG0E-e4j0qZSpFlDZlMVCjlvLeETp7DK0JIpdqXZRk1SzaUAHl6jmKrT1tWHPFS7RYhWfLz69AH4T7iOriGdEJgK3zBHeCxsJm7vLArWRmUV4RzR4tIy0ieKLFtPRwRFRAVYLj8VjsfH4yypVCO5hA_do-mGU71j53xKfd5_hURVznGiCTQC0uDdBcmn5eWebp8ZSwdCrUWsTlPRkN5e1OeFoQ3xkKiKaYC79bsl1n92Kh2Vj4r7Q3WfKcBsSiC7Z1S75bbZI7XbzVgkAomAK3qjz/media?maxWidthPx=480&key=AIzaSyAc-ZJG2uARUs32SfidagTCbx4NBiRLFNU
188,Artérias,cultura,art_gallery,Jaqueira,2,4.7,-8.0318959,-34.918571899999996,https://places.googleapis.com/v1/places/ChIJ-fvycy8ZqwcRd1Bxl0DNvUQ/photos/AaVGc3mwe4fi-4EellgA_pNl-eOwIOLAAv0RXFqwuMu8DVy8tQHX7okJJ0Wg8btAQkVo997d3LTnsraL-LhH6Q0tCbZrMggTlV-sNAgqdE9GDkFEO-ewZ2MCxHyTZvOhq3t1l0Kc3LmB5CB_lYqFNrrI1VYg7dr7mugqvymqEqIfz74hl3_ne1On9jLR5_8B3MvIyL8gC2RUPPJrzPHvly0nag1BIV0mTu2hk3i_W33crFDnKJUENBDGIa1ujgoIjE6wtClXCDn8NqC8gQIKggGIGlWeVDi8Y6vMsaF3pHcGU8ugjLnzFMGD0JWRKr5rdDH2cuybTJi6FTBoDAyBrRTXth4bj302ryV3r1TfNFzQ7-YOFkcvLNXRGzQmYjSOf7CFnoWA6gXnL5zv5LjOWlgbTMbwylb6RJCuyR4KcDWC85DXYMgj0ZZdzwLYRKBdDuej/media?maxWidthPx=480&key=AIzaSyAc-ZJG2uARUs32SfidagTCbx4NBiRLFNU
189,Galeria Esquina 586,cultura,art_gallery,Jaqueira,2,4.7,-8.0353566,-34.9202663,
190,Circuito da Poesia - Estátua Poetisa Lucila Nogueira,cultura,tourist_attraction,Jaqueira,2,5.0,-8.0371835,-34.9061398,https://places.googleapis.com/v1/places/ChIJ1eafWgAZqwcR6DmLmUJdcRM/photos/AaVGc3lhq9BQgvbubQVTqsKanV0L37qPJYXWW5SLlIGz1dtPySWkArammenfndcgTlYh0j7CmKTau7C6qDr-zI-jkcyUYy5qXMJS0pNdKD8gDmeUAw2P-1ulXejZAaGTpJh-6xt4mPCM4Mm5F39vCMcgCqCe77DpFtS9pTst8mokRPvjoNUK4pIYzM4qzRCnacuAy0e28sjUAPxi7A2Anzc_8DkyU_Pl0ZdUE1I3v_i_Jj67xs8XtYIRcALLLM5vPXQRtW7XpsE4TDKPsZvzlNgfVFSB6TrJSZbVRiknNk_k4FDwv5Z1s31JJQMmvIZF9rVoiZBVmuB4bIVgYuk_t8oRdWz4rMNh4aF4DDTbaKvu5N-50pd_AJJXfICjHHc_yiV2VtAJImDaqUTAyMJheyaBCz7DdFnf-w5uxD68Dn3AXtz_ze3rRNoqyz3fBlYTBg/media?maxWidthPx=480&key=AIzaSyAc-ZJG2uARUs32SfidagTCbx4NBiRLFNU
191,Entre Amigos Praia,gastronomia,restaurant,Pina,3,4.6,-8.0982487,-34.8840755,https://places.googleapis.com/v1/places/ChIJGydRysEYqwcR6xWkIUgZKjY/photos/AaVGc3m0BcISFtIx8CvpM1oazvJXEp3XCEDRUGTW2LKtTkUD11g1A89Pbb_aagc-2lsfsd2GeCAycumBhmyv7P5tUsZGRm2J_iyoqE62qiZvEpDbnqNgDymQgY_7YW0MFMMDAy-Loxci03WvgSJBa4sda6NcPc-i41AiPUx-54kiH_RYjwWAbbGXAuzOG4oQQ7WviGDd3_dC5gRdNSm1SgpepuC7-w6ihmduQctes7lQV0F2xibWYOv5uuj6KBnotCe-TCX0zR5o7-7scRx9NQmJ3Xd33Msv92Bo74OYlutehyBPwE1ftclR4J9lWEavZyQqXu_FrUAc_nUI5vdt537sCBmIxbKysb7wZqyygApVTN0rKoE-jxtZU_XDocEKzGiV7wfT4KALpSokcyUmLhJlOySSHufdAJlvjLzJsv1cMUToMF-65c0b44TNhGj2ew/media?maxWidthPx=480&key=AIzaSyAc-ZJG2uARUs32SfidagTCbx4NBiRLFNU
192,Restaurante Caldinho do Nenen - Pina,gastronomia,seafood_restaurant,Pina,2,4.4,-8.087588199999999,-34.889550799999995,https://places.googleapis.com/v1/places/ChIJf1EXXTkfqwcRXkdC1z6rFUA/photos/AaVGc3ly9Nd1-l2BthrWi4IIDSAoRLtpyMW-0HZCi-JhKCj3mIZsIHYhQAUPfsDrVLmMxU_9cMpSAk-zWjazgxBWpA51Wptqn3n7zeHesoK6oTYamSOtscnIRbYJezGu5UA30u1dedeJGUzEV7eyoJqcTLbRnJBp2jB1Mvtcb9Nt-aeyCzUp9FN1aikTd3WZ22cgF8A19rleN6DJfknZgXz5ndE4fl5H68tDx4whIfOjHh-a4FPMqdX7x5BzVLoMFlOtAcdyTui9HnK63apDhy3LS35ZyEl1YqvyX7jVo4W36rRDCUvy3oWev80YzAPK5t2-AGAqzDFj8UiN2jq6z0AjAuyxFjanW7-5HRmG5gW8Dq1Kdhwtiqb27FdLcR2X3U93T9_cZsq0p9g4n3IeTLU6Fz6gKsmLQ1ILTzwqtyCks8CDkTitY0SzFziiC7o-CCQQ/media?maxWidthPx=480&key=AIzaSyAc-ZJG2uARUs32SfidagTCbx4NBiRLFNU
193,Tatu Bola,gastronomia,bar_and_grill,Pina,2,4.8,-8.0916027,-34.8822927,https://places.googleapis.com/v1/places/ChIJ_Yjne1AfqwcRSAxdewiBAPU/photos/AaVGc3lGMsVrNQmoYHUaUd0DlVUF7m7LzYnVB4QAPtBK8-_uHfMmtrxLrTsaL5R71CfSQkkOTvFQXvZkrNngevFcNTOBFcGzi9XqDGNPqYWOYhb1eznhemlKa_seXyIFxBEskn8SLOIpyjqfraFIhfScY7nHclA9i-_-3UPpAtiKu-yaKY-ZzTrL8XujM4RsADCQUKdwvcKOi1OtCGJp48DCEfC30NHVmeYdBJWP7wLTo-GV_gsgzUiLA2BhVqyzi30pxm9LPcf3Ua3B_NDVSzj2VGxr_UJ3A32JiDvobIhyqrPutEMArez2Zp-oSGO8VT1mt3rVCjSFjyrVijFDlC0OzvUho1avcTqHRMqpcEVw5ndtcfJy6z7sz8h7Pu-Yi3_scPVP_szgqVmu-wJontYIEKZV8Pv5fwGfhjBTgG4E-AsP_eo/media?maxWidthPx=480&key=AIzaSyAc-ZJG2uARUs32SfidagTCbx4NBiRLFNU
194,Dom Medieval,gastronomia,pizza_restaurant,Pina,2,4.9,-8.097068799999999,-34.8834193,https://places.googleapis.com/v1/places/ChIJQ06rn-UdqwcR9yTGZOOYmjA/photos/AaVGc3nvkCCM2jVRuABhNOcv2qW7UH_t4FStZXYMX1KRAnbF5pwIMnyjifSO_qjLDYQ9yOkKZL6ouxVwevF6yZZWQIuDBUXNNf5z0tqx6D_dLvI0J2yuZzdrnngbvfDUo6wFSBmalwW8I03nPebCk01hnOdRH520Xv4_hUJ1HMcJMiVzBUNHVcqVT_tRoM6gpnVgMbi_7XNh-05hTtricZoNS3kA18QDZC3KalykrBAqJueVDHvqiUl7bsK31UsKInvjQcvwOajVCTCio-3vgFrvrdu9sxXd87rlixSC3QTkY7KyF-l8R9IATVmL-KsMYPNjN4hBc7LyIj_Ir99qob2Ftt0RjW6KgDo0aftVCyzvUiL10mjA309tGYp-npmRqZ9q2hwYGmOQtGfysSHrvg_dg4NsiOSaTnp97oujBkiJu9TGUdmb/media?maxWidthPx=480&key=AIzaSyAc-ZJG2uARUs32SfidagTCbx4NBiRLFNU
195,McDonald's,gastronomia,fast_food_restaurant,Pina,2,4.4,-8.0995156,-34.8872492,https://places.googleapis.com/v1/places/ChIJz9b-GxAfqwcRXJClKwJrWIs/photos/AaVGc3l-H2fg7BW_AVdhH4FL92jmx8d4mHF83HR4K2a_hMfrukx807kKVKIAcf2X-nmk5OywIvpAbI62hKXJJtUpe66ZmLc8KS030isHaTRke7PfeAa23gqihNhROJd-3wY4iIlLXkOvsEJ4NGewBY7ol9CvNd_2r-FWzQNd696zeod7XMSIbmWOVHNsHXAKRF5S2tNMpZ2a5o5bEkMVluHEudl7aSOjuFa6MQgf6_ZBgcWoV8ambRoJSaUSODS6S4SZaI2DvszsvY91o3GYwgHqNRWusrRP-qnJEB_PyOUIH5jP4Peliad6xtZbR_JyrBQ2D3Bv4C35Bxs4OnGncSi-AnG_ANLaEu_dSdIN3qIYzTiiNDBNQcuN5jh_vBRCcbjAbjSV3FxYD1rRnuIiT7SEJJg7KvEXPyiyUXOg7-1DZQb39fU9/media?maxWidthPx=480&key=AIzaSyAc-ZJG2uARUs32SfidagTCbx4NBiRLFNU
196,Soto Café - Padaria e Confeitaria,gastronomia,coffee_shop,Pina,2,4.7,-8.097332399999999,-34.8844974,https://places.googleapis.com/v1/places/ChIJe1Z9aEQfqwcRFGs27o94ztM/photos/AaVGc3nwS5tX9r1caH5g7LuJ3gudshXriBDdlwcPyyrmSN3lk7nWHN06uv5QAHjpMkGXELfxBZ1QGVRzxohuawk0TRaPmqueWYyuP9tydyvzxqOusMa9KH7yxfRBXtbKjO5Geti2GoiI0T5kmtIP9cJq9vLCDuRN05XOt7Ay_E9HdTVTaGTczFWA5OSD6ASYwtcn2hVL5feBmUrySyibwJ9JumPhHwFEfsLTUdw9KOT7pomLjiRg5nrjqL3mkBC4WbV-bJjuUzl8Y2NChZZTGWIwAHiPHICCAwOBoMnYrrg8YJqaEUGLrFlwsI5mU27sE_6IeWAJx9R1MFDRcwaeJo03BhotsQ1Ms9-mD8FoUhRmpjH7Malfar2c8bZRNkuYPG7FM1Vkp8DjhcTOTKEpoxqDBBa6p3f0mLphrvSl4KOVFBc2Q-eC2EPDFWA-ViKXaDjR/media?maxWidthPx=480&key=AIzaSyAc-ZJG2uARUs32SfidagTCbx4NBiRLFNU
197,Restaurante Outback Steakhouse,gastronomia,restaurant,Pina,3,4.7,-8.0855712,-34.89403660000001,https://places.googleapis.com/v1/places/ChIJQ0laLzsfqwcRECj8nBhcfNs/photos/AaVGc3l2c0bREA99frcMtUyI1Q_e6mgCaWAelebD0LJLqjDEsIQCow_rhXyyQoP6BhsqdZmzLJ05M61gunJ3ETTIvrfsVjSjd5jp7nE8dbWxZVPVgewKc_92LjUqP0WyhyC4krdo2Mur-istDiSOBopYtkYNfFbLse7mLErBtnfkjPDfKGa0fIVPQogoOeVHnvpdWSSeDzJyjciaBtNeAeSyKHHT6BXrFcojKSoFYrOjWRzMINtJFS-wTk5W2z-RY9rJb-qZBUnVRP8xVluFFMGIvjMVme_0lUTZTwb6RLd1AXzSpfW99IM8KHTsbBsnm1tuQiY92VmNC6x6gIm_vmLMGrbBxzWBLKoKRR09bV0MOoCmK67G6pdJxN8nhQXEjQIVybfAPcXe0_U3kA-Y8zKlf5yH2HARofUfwD0DxvbYfn8/media?maxWidthPx=480&key=AIzaSyAc-ZJG2uARUs32SfidagTCbx4NBiRLFNU
198,Pingo tent,gastronomia,bar,Pina,2,4.6,-8.1002041,-34.883619700000004,https://places.googleapis.com/v1/places/ChIJlVwL2mwfqwcRCJw5G3H6xvo/photos/AaVGc3lRSPPl8JEKRlJK1A0gpW9fZ3Ll-9NR49U1hxOcnoqspjrc_a2wK52DTPCn5Upz00FT0jkwdBobyU373T5y1aLvUnE549uHwaKROyW0x-Go3yY7KtLHwS7cEly7R0BHOmrH_GwE6pJmSO8G1cHsIH7evhIGyZuJN-gQVliEQ9cu384Fii-QuY9aPqoPxUkhtGQo1DgDN73IlLjNUDmafI96Cd2n3HIGMjawhKt_1rciqjboFRYb0XEsOrzIK82P0tUPwEdU9WC8f637ZcI_uWydcV5ezaOqTeNzEK8Kp_vFBKiWEiBdjgGmX9oxhMeSofBZS1-c67auI-z9CueftXISHd0YIc9u-dH9aQtd2iVS4A3oyQAPaqgYUMJbawWKEisoSORHnigMvHSqZVgo6mYyZ4zazaget3i_NqdQV8YSm43q/media?maxWidthPx=480&key=AIzaSyAc-ZJG2uARUs32SfidagTCbx4NBiRLFNU
199,Forneria 1121,gastronomia,pizza_restaurant,Pina,2,4.6,-8.0937932,-34.8840341,https://places.googleapis.com/v1/places/ChIJC_JumegfqwcRoPTY08tY98c/photos/AaVGc3kD4AYzsSyn0mP2tW_e7KqugbnECRKd_H_8GpBjSLTm4W-uJva6kvyCn3O5wqtlDy7FwC1ji24Kxc0Sq5TP8eCq52QFlnXTI9HeG8ZOYPfSA6Owjrsb9UOG7B7nHeuaFgJJ7I8Rpfzf14woqpN2GBd8I6OQYmCJGXB5yJ6-XWwXnopkvsUig1EXzKHPUg4k2WreAfn-YfA90TJcuFDCflOjvs8crUEs9xsR40Z7kKqEoF9G13Z6eY9cTvoO3o9rWoxnDQtf4hv7gZ5q2hbQ5--Oyq1q15F5rfWggQZvVKrgXOP_OifJCE-HJPjPpjm9aqQOXGlUmjNBXPQ7wWeGmddi_ZU-DIyEB4rADULamcojly-GlAejw3RfMQxRMbrnpUrj-zR4BZMnLWxan_Szzh1YJewAHdXh9Tb93TwdtJQ/media?maxWidthPx=480&key=AIzaSyAc-ZJG2uARUs32SfidagTCbx4NBiRLFNU
200,Voar Restaurante,gastronomia,restaurant,Pina,2,4.7,-8.1009327,-34.8864069,https://places.googleapis.com/v1/places/ChIJQ_NhqGQfqwcRfKPl1uLwLQE/photos/AaVGc3nuUp3vJDkIeoYn0Se7YYriEU_m09YH2HTzC4T-zPryLJ3Mp8sQnECk2kvy0AKmyKAzyqVCNM6y52-16cauQ1grr4l0XMJnk8hTtZd8jltqhfcqcMS_Fgu2mdgX4MOjM7O5unPYFZ4YxxnqIYJBFcF0znP95b9Qbiv90RzywPcmmLmTgy1G4Sm18o9Mz1jvj93vKHjsY4D2uo_qGQl57Z01Sy7Oi-3RvYmiWW0vSvyLB3HF6b5TbqtYo6ON4p6u6qJshsX9jaLRRu6DhJ2Y2zETlGX7hipA89tUWERoMb5F9pcbrhM-Q4f8bdAgWklJq9RZdGQdaBIRPGWz1Vro1Hxm5L8lusxijNKxw6PHxJT22FQovsD5NOoq-UhOW4Wz7A_dlT4TUdF-aKHe1onw4yUMgAGsmOS_GDnrLeDXHZbPEG5dW2wPbHdeJz_ytIcM/media?maxWidthPx=480&key=AIzaSyAc-ZJG2uARUs32SfidagTCbx4NBiRLFNU
201,Tasquinha do Tio,gastronomia,portuguese_restaurant,Pina,2,4.6,-8.0963835,-34.8833967,https://places.googleapis.com/v1/places/ChIJn54AIGsfqwcR_8laEVOqyAk/photos/AaVGc3lqiLDsxjZvYyEdX2ngcPCK_Wq63xvFYCNDiBEK5GJJCZ0PgxkjIJ3t0fCadVL57u3ja5Qns1HFOe62uu0jgO57L0cPRMf88WvI7DFsGV-ENTQCrkx-KkRP1PmInZwOUzmMiy94-ZSGBFnaqYDB_7WqM-fSA9O2IjAlPaOL6UGqxfamrhykEbTw4EjvrgvkxsTu7eVDPJM7I5uDS3S4BhRJJQyHE3tYKgFLu0vpv4OJQ5YJtGEZcfcu3GVl5urcMb-5zK2OOElSpd2PDbg_Cl3l9md1TvdnE9qr-oPbXaxyJBEeRCR3iNeNzXiJ0gpx5U0U0tVr8kj3cE6ZMQe-oDgY4vaCPP2F5ntRrMiEto7rXNI01j0mGVQQVeUbPLroCkfFxllb2lBs7N1fGrHivedbS0GFelCX0ihUgMbY-oHg3w/media?maxWidthPx=480&key=AIzaSyAc-ZJG2uARUs32SfidagTCbx4NBiRLFNU
202,Estelita Bar,gastronomia,bar,Pina,2,4.3,-8.0790753,-34.892739,https://places.googleapis.com/v1/places/ChIJ8xkFgjEfqwcRi1JAqx_0GrI/photos/AaVGc3nGSBouOSTcIH0lalgG14yMJ48IHZkftUFYwqjtEiNv2C6AODIXmEpLa3ZL4dMYwQAjVdqrt-nAGZBV0AsjaRUbk44KfyB3AvivWcqVFQSGajicyxGTFmXw06C-OT681Au9zg7aPLa8xutrBQKPpCATzG5GtE82fPxoOJd8VTgeSQj533mkBbRUdEuLBV2-96HZsFVpQ4vx2xaQd9dmLSdsyi8q1LB0Jbw6x_FBqy8AHPygp0u9MWAoHPgCl3II4U36l8IWPTGLBKC2HnEf4wdyBIA7tRizFdEKKT1DE3vMNogVJJ9q-JLGPSa32bpviWgmXwYUXYQW30OInRrboX_J74amQ_fIEvayOtyvXeZOSMAKPgVrIpmYTcRhmJjyGgv3yFP3l7zKotAu2JCGlk_xD39TeAq0YYl7H-RCL8JUcw/media?maxWidthPx=480&key=AIzaSyAc-ZJG2uARUs32SfidagTCbx4NBiRLFNU
203,Toscana Trattoria,gastronomia,italian_restaurant,Pina,2,4.6,-8.0955187,-34.8837853,https://places.googleapis.com/v1/places/ChIJLTVg12ofqwcRd5k_QPPFhtQ/photos/AaVGc3nEahNYgjvR1N7j6GWXDTMvNJM_Iic094BMj607WT970AN2oBlIVtyrT-FZZ0OSZseTpx9ODR2KHiJ9VzVUcjvDAjUE0KVc3yK5OmRLjVU251RLbMJ1_Yo3iba0yyq-ADofeXCJlIXf1frdpoOnHcnp_a_PCc0ah2BHaagwebwLAibkDgMd9oygG83drE2I4u_aUP60G7WH3RlYHy2LAo2WZykHDtDLVs4HBt7S2Z6ixP9-Ygp9JxER2JwXbjzB107eYeOZtuEOzi4jBkWzIT8j003XK1itsCgSkqHy8bHQgvX__RxcSl-7MDKrTWbpC26dFXdw4xYAhSvQd7-R6Eu2zMzYUekuNc4Hgywg-rdf_SeZK_Pe0sjMGE3JiHSBLiv2fIKzQRVyTh3mkmqLjZYUCZrahIh9sXFhzTx3374WduEQUxVHlEdyY03E8uxg/media?maxWidthPx=480&key=AIzaSyAc-ZJG2uARUs32SfidagTCbx4NBiRLFNU
204,Pobre Juan Recife,gastronomia,steak_house,Pina,4,4.6,-8.0862757,-34.8945204,https://places.googleapis.com/v1/places/ChIJk41d7DsfqwcRWSS-66tb7Xk/photos/AaVGc3k4ItPSOD8f2TViR6kD0BJzxJXFvLAJI_Qr4S5W6tSf274oc0ltSzbVx0znA-z5cdc50W3TfTRH38IiffSpvZbOMWYpMz0B_25yDMq2GqeYuC8vxwBRzhZD-XgjUT5wpkqrhmW3p1Onrzi7s3SQ0tS-W5qtPa9q2ayYmpaPx0znXua4ZGw72Ub03EeNiXz7WOK_m7VPxtO_b68sDufJd-9lKMRKrL6esB-ACPl7eiHV_HoMBtHNXe2DwHCMSXYnogK_j5oLW_cNM1b6IQ1Lgcg3KTdnPOHWMzNCErC4lPERf9i2UNxTStDpN3AZtoXY4LYZW2W6jrzLcMYnP8IpnKnAR9Rl3jl-nNdt1h59YOD4MYyeJiwlKByBAiZWHgLv3RfcvCuXd4UIZikAe018OSD3T3TUELnjWP5q8LAjgWXMSzE5/media?maxWidthPx=480&key=AIzaSyAc-ZJG2uARUs32SfidagTCbx4NBiRLFNU
205,Restaurante Kojima,gastronomia,restaurant,Pina,2,4.6,-8.0968502,-34.8841634,https://places.googleapis.com/v1/places/ChIJPeuapWofqwcR6mgO1S6SE7c/photos/AaVGc3msWrUhMynFXkjOMv4MiwVDUx5pXs6isBxC-dyVog49Wx0ELtdRI-qSppUSfFsTU-Q0Ou0dDJPmq_e2G_S6HHWlM8D9iwSC0JxrJQvNebyjG87sD0Lr7511LuHV-6_KrIGNLdiRKLQbJN-5F9F1VngC2Moe8MazCaAXBqIZ0uvyHzi_2DSGVg_wObQv5TtCKHMRYyh-GBNC8sBpZvJa0mOM-8Fxw3zDmRGm7bfqFMKEeIfIc6iORpP4YWEzev0rCixW-dT4qu5gnZGJW6vzYt0pIbna-sehfXyWVFG1rA51eEWodDxzyov8lxuRa9rY-btV3ucNXfMn89qLFE9vmGqV91IBE4dWt9UIlJR7QfLFxZuXQM3m_erVYciKnNr9FBpnGCo2Vm_6D3kbKqp4lESVX0jgzgqLTQGj3iBi5UC3tMAhgwXTEXTibPy7e0KU/media?maxWidthPx=480&key=AIzaSyAc-ZJG2uARUs32SfidagTCbx4NBiRLFNU
206,Arena Boa Viagem BTG Pactual,gastronomia,sports_school,Pina,2,4.4,-8.0919156,-34.8824752,https://places.googleapis.com/v1/places/ChIJdd1DwJ0fqwcR6flrjO09lco/photos/AaVGc3kjM2-8vSKItHhXVQt0C8roi_5E4BA5rcjmotdoxuaX3M9xZKcQxj9HIOmrARpHRYj_EBr0LdDWGce4HTFUMbYKvHX9yHIcC3aBYEu9gpSFxGXWFvBaWQSrzryWFcXx7AyClJcwJg_eaXII8Gq1qV5fezEDKJA9U0BbkgMedUIRF_rTr7KqFlbVkfFBdltlVan8lRqVg3hlh9H0xymfNU2HokD_WANS9NdZCZyykUqn4kEZ2TI63zlBmmaXP98ye4BQzJx_-tLK_HGHYxmJbuHklKL9Xh_kb35tmGWb4VJ8GW4YwVzCXGOqsoN61IYWCRZSLu6XWdqWxOmCo484rRuzXw98ZLbG4s2A_0EhjT0xxLJmcXH51aCaE8_TTZd2jKiqakMjQsulyO4jZANIUsxDsg_dv04rR31Y9EImK2Ld5msQ/media?maxWidthPx=480&key=AIzaSyAc-ZJG2uARUs32SfidagTCbx4NBiRLFNU
207,Casa do Pará - Açaí - Pina,gastronomia,restaurant,Pina,2,4.7,-8.0931569,-34.8832832,https://places.googleapis.com/v1/places/ChIJsfptJkofqwcRNAF7Wf7qklg/photos/AaVGc3lrn82hy9gVT6XclMuikwP2DrHhvT6FYU4j56luEYvOB-2BmhsE23gA3ysVDbaNNxy131Ibf5o64K6mrhyu8lVN4jGtbLYDj2KI1C8Wjq24jRRg6O8_XPYhTV89PS2EFn2Y75FAdDzDlYZQ3WJhuEhzFlrDMlHBEZXMTCcwSDplzWd1Uvxz2ibaXHmGfcNIH_qNQAUlHRYT5Rd6y0DF7QfTne0sVTsPcJEpuHfZ-sGPrcOpcaLqrDHUJJD51tXtF7Woxt2Yh4_WTcoChUyQe5S86z_ZYYihS_dSUYgfrrn9cY3cCnokhE5qa7lTFuaStqM9xLHJnC8yWfhVePa_HejnTaqOTkx5aWPgGaTGuHlUXOg3Be-1i7BP5hKg9bG7Y2ZfI02lPcBQ8Z7bMXMbozgeTy3PFT3QX3P_c3JfXNlh0q_7/media?maxWidthPx=480&key=AIzaSyAc-ZJG2uARUs32SfidagTCbx4NBiRLFNU
208,Ça Va Bistrô Moderne,gastronomia,bistro,Pina,2,4.6,-8.0955295,-34.8840134,https://places.googleapis.com/v1/places/ChIJQygwk8sfqwcRzpInRmuaBek/photos/AaVGc3k40syPKD7XyyOjM1_e7-7CPadNKu5DhH3MQ6FUbbF1vxLpO_-wz3n8ZjaVxX4Kx1vlXXXAmL6qxyRkZF9p_KkwhKEkvxRnWeWOnMBCqOP2o5PxDfiCgr0ApCyv78mSn90lpwMLYSUEjmB0pUL5evTeAsFZ47UHsk7ByXpdiMgJyDwiI2uHnzfODR-A10Kk4sSARjW_8_j5DoI1TOaHDygYPJzdOtMKNjsbV2BlMc8uqzotr3B1zNKlKqDdfhtt6CSnBYhRvuNj97DLeaMElv25-52jF6WLjJRD2OrxcO06JwRkhs7Hk6kxThdHb2BVYhI9vr_y2zCdGs7-xNUTUCnQ-0P8VI8crHJ0tDEADpYa4JE1zzL3VTKCB6fXxwv6okpu73SWeto-6ra0x9MEnfZwQN7tWiXdpFAzoAe5MBX0mrrdEIk-eue-ejIed-Tf/media?maxWidthPx=480&key=AIzaSyAc-ZJG2uARUs32SfidagTCbx4NBiRLFNU
209,Akira Ramen,gastronomia,ramen_restaurant,Pina,2,4.2,-8.092374699999999,-34.8835816,https://places.googleapis.com/v1/places/ChIJ9XxStl8fqwcRvAhN8QVdqCw/photos/AaVGc3km7SVQBqDoU04IbU2_e3bAibVq9uxpD3YMaEfVpw5oFZXcCfYJ5RJFJLTNK-Swh7Ix3do55CZKAtvuiNa1-Yy72JI4dDlADTIuqDELjcRt8ZydiIo_mNfx234mQccc3YcHmd7DN54eAi1EZa0hPjlMBc6J05DCi1zdCNCbTfV1LpcgICVefbae88kcvyBbJsvl_ga4CTcqulcw-aZ17Ycett_CXyj6QHC4MKtwjaips1t4CoUHXNobwTACZ2_pG6RP9INv40vg9On7dsGCUiJ5ZaBItAvz0YS004Xg7woa2tPO5L0Da-MlRywEnNz0KDTK7ZU-SiupiyZrbMI1BtMGtqD2FEDCX13jie0mS8DwtxHlX0NZOpyY7IgqyUfU28wl2haAF14kYcfsTVJJSCu-R42d7H5Lc0u0X5Ko-BDh2Ebn55InpNDm_RKEprsI/media?maxWidthPx=480&key=AIzaSyAc-ZJG2uARUs32SfidagTCbx4NBiRLFNU
210,Vieira Restaurante e Bar,gastronomia,restaurant,Pina,2,4.5,-8.0894363,-34.8812348,https://places.googleapis.com/v1/places/ChIJQzaCLkEfqwcR3lgIOHCL5zY/photos/AaVGc3m8CsSk6cFfInqnsGfDGbVJInMAfQL9pJJyYo6YiVcnxZEBOR6vW23m7ZltiNT5auWbEMPqvKuLexBKL2rqzQBpoHKJVIj4BqR5KyDb_YI0nLFaRBkf_qY_XLK3ULpLdHum7DgJ9JZtgzhcCCDceQ1SxeySS2lnYkIKeDhDujfcEH24zcGAQJggcuO-RiNs8KifoYpH2dwjos8exnZau0Jl-69m9BE4W2GClCqtaobZw9822L0TsTUKk25UuUrAPEJnk69V8x45n5EKB8sUsGU3BNLgAU9egN5k04s6WcGtqFC_9ZeMk_qDteFXREEGD70mx-P33_lBjEmAiBoxU_MJ3J3jXDERC0thzLbTef8j6cGz08ZBNlkUj-c_Tt0mxXEP3GUtAAwKS3_AXVcO20ShKozsghJWeUe5rP2LgmevNIjbviycnGoDjIWPeQ/media?maxWidthPx=480&key=AIzaSyAc-ZJG2uARUs32SfidagTCbx4NBiRLFNU
211,RioMar Recife,lazer,shopping_mall,Pina,2,4.7,-8.086053999999999,-34.8947486,https://places.googleapis.com/v1/places/ChIJRXxg7DsfqwcRTWwjGuZLtPk/photos/AaVGc3kiIhmHRYGAniFYJW3fRord_oRJoGNDEgH6q13WH3VSIV8Ia9j5tCU7UM-MZW4msPSLivLKtj9KrbsD8qGmzQmbGwyXeUYo3sFE6563HsMZpuMsAjncGQwNZxV7Fc9D-ELeC5DioAm6DvRdCy0sl6xEgzt-CEzExFd1wJB27bZ8JBp7AXyZN4sIjzzriP1GtHCtT9e0r02yrynTiYTpxbzuBjxr6xem9TNiBjYl7GEQKLBojehH9a5mT_a__M8Ap6n0r9nKJliYWVG5TaIBqJRpFUjNv6UjZnvVgypMC8E0rpuNLyYWZ3lYcRb9ibBVTYXaWbNarLdK5tguOxuS36II_mB-_mC-PfPxYml4rR4yEmC3J2vfNT7rkb6Xv8tXi1TsFrgzRFFg_rYw0HwkzBE0AwUED2E9bRfOiEQcn9HFclw/media?maxWidthPx=480&key=AIzaSyAc-ZJG2uARUs32SfidagTCbx4NBiRLFNU
212,Palato RioMar,lazer,grocery_store,Pina,2,4.3,-8.0864409,-34.8944853,https://places.googleapis.com/v1/places/ChIJ6yAo3eUfqwcR_cJ4dwp0kz4/photos/AaVGc3kc25EoLjj8IBY-dsUfXjRqO4nNYMY9e-EzA2_1bBdmHe94AFKzoapJJk2YqgN-Amj0xWoB4-eBMA_MUJyFiUF2YpqKPaGqAsMig79WCM_waoAvdsbTaX9-tAP2Pw-eKuMoy64Omh1AsWIqxOallGT2fMeBMsboFXHVMIdmivMEMCCE9x3u6MMNMKB4sc_VI7OavEQ6whoAhCLBlKhuJdlyfKJq0IDMrRYUlzl3nNko5BkleEMNFPHudnxLu1gGKOE9WZ3ZhJCDLsSAfy6AQEDYBQ2y8A1-BJSTCa8rLVmDsQPF-fUuiyVF9wkNmfeu-D1KChRogr1-0tlRAzez6irvpqsZZ9455byJCzwDeufboBk0tGTJwcUk_LTEGrzNtRXidnYWEDihJArWAqd8DOBKhHE3E-IwFOg3LPMuMk5lcQ/media?maxWidthPx=480&key=AIzaSyAc-ZJG2uARUs32SfidagTCbx4NBiRLFNU
213,Barchef Shopping Riomar,lazer,bar,Pina,3,4.6,-8.0855896,-34.8944793,https://places.googleapis.com/v1/places/ChIJ43Wq0jsfqwcRJqDmdYtUqtQ/photos/AaVGc3lovFsRIbm4SEjbdxYyRdzWqHqw5rTA6Cv93iU0V_bKWV1fjXsY99_1PjtI_3NlCWnJJ17cQzEuDzhXNOeMcASX7Kc3jPctb-t_9KHwdQ9UdSrdsI7ebIhkrT8ghnS6PdwEkpzE0qBkL1SKGpSHA95K4y1eWdxOc4GqYklnwNnyAPouZv7kyLF0RjR_rpCoO0MpZQMJrbn0pB5tZFqmakjCkUBVI4j3AczqoDdjvVd0Q_zmx2H_zR59hM81Zqo1kdxExpcmQqT4swFMkctslmCr3grxNy5mbEFJtjHcnlqN-3y8xA8qwgAr6DhjSTmjpXbWv3DrVDl3pSenfBxdP1WNP0qcJuQm2waAbsv9EiQxXYh1zrU8k6MVqdLp7Jo1wR2nJHc2Brz3A_3HQRvb9BGKyI7gJCZAvDusKMlu-HWJNg/media?maxWidthPx=480&key=AIzaSyAc-ZJG2uARUs32SfidagTCbx4NBiRLFNU
214,Pôr do Sol de Brasília Teimosa,lazer,park,Pina,2,4.8,-8.078456599999999,-34.876109,https://places.googleapis.com/v1/places/ChIJBTvXFfofqwcR31J9VVHDlgE/photos/AaVGc3lp2EEztSYKue1mFZuJTzaKtLz6uWIiSFbWzgi57D0PFayXvJ2LC2swcCAl0yXGQR6r8fpynMol1g9XEJVIJADX_hcOmDbpEeox4ZMxlze6YQh_NyKcmerGa5Gh7iiHmxugDZ9DUOF3oxk2G39mrqayryfKE3JKs9TzJ9RJEphkrJtFzx4vVpnKm-mRjFIroYqxaSjNtFsEoJibXwESbM_sFbI5edtnviscQ8IMSuTt2iVsbDwr0HB-MgWemt-e3ifW-8ja-ZbX8BNjQb22BMrUW71uihU35VELWlvsQkih828OEr7LpZQlgyQ02tKnlF-mnAhbwUr0BoH-pAAEe1INr0NtxXXrm0iXVt5jm8m7Gbdmf8q6V-pq0DzLtNkBZs4V2mLRJbzWAqNmqMhTHF_VK-Eu66Rdxa_eJOnt3HmynGs3pKkJYUNz6ayyn4SL/media?maxWidthPx=480&key=AIzaSyAc-ZJG2uARUs32SfidagTCbx4NBiRLFNU
215,"StreetPark Pina - Former Rodão - Good trip, Recife",lazer,park,Pina,2,4.7,-8.0978954,-34.8831907,https://places.googleapis.com/v1/places/ChIJxzroXWsfqwcRcoC08jyMpDo/photos/AaVGc3kIb2mmIGzLqhZQcnUUxKGtBEj3-d_-IM8wb_72FvVuGY3V0LhW7eFlUxMPJXUvnB78nCOeUIpvj1wdLG6DhgcQZFdgJwJHaQUDmjmtkhEZgfNf8Nr8yNUjxZ_qOH93jSHbtLO1vwMHbzTm6pKTdkUlOI4wPDoy4sJCBzYEQOJRw7oXvGMq7iSejiIvHUSS-x17avlNP8gRxo-cxOCA8uvkcpWLf4TNYuxiACCerXf60V9cd0kInXrCg3Ln7DuPCIy6WALRoZMOVMcAb4rGv9X_eRGnUCHbVUZsNL7ME1oo64Amuy43Fd23phT5aLMZMX_0MyyD5P-fN8gb5D9wHcKEb1bbFf_ZgeR7lMgY2Lrieid8UcLdcyX5WKRkRX4ItIBoWon_RHCjqu3gkTlQiNHx_KEMAK9l_50LwIx2Qu3Dbg/media?maxWidthPx=480&key=AIzaSyAc-ZJG2uARUs32SfidagTCbx4NBiRLFNU
216,Game Station - RioMar Shopping,lazer,video_arcade,Pina,2,4.4,-8.0861603,-34.8948939,https://places.googleapis.com/v1/places/ChIJk41d7DsfqwcR5-mZtALjDGI/photos/AaVGc3nEP0h3Mj8L2mYwEGOE_g301kqiy_sAnmkBUderDoWbP8ugd0p04SzA4CmvsAG8F_m_HOfKKQxqb4A1PslfYT9pP3cXn_Zbt6qmTgW1Wmvf-8xeDlSqnoZeWXZqNg_Gzr5kIJhTKDB39ClP_adpKUetd2VOX-RwoitZWv5h5PBwRH1-xL2S38kNFlMZ7Dii-V-QFKV0UwFFOoUy7m0ZDPyQpV2hNmoGmQHfqePk8RTyUFEE4-WtOlu9rRTnSkZSzU6Wps8EDEcV59tm67VrSWTmCJmdxSISYRAF30uTklT6BL3sbjOTtHmjeAqM1SoHF-U2P0f8HXo_so9W1Pay4J5-Iivd9t9-4vDjr9OrTMGb_yqITgvn9q9mfSlSTrc6DZLYp7P4dEIGQdV6JcqMGCINJvihzThrGCGWwFFpOsR1DZ2wJZloi34WXlhYsqJ9/media?maxWidthPx=480&key=AIzaSyAc-ZJG2uARUs32SfidagTCbx4NBiRLFNU
217,Hering,lazer,clothing_store,Pina,2,4.5,-8.086762199999999,-34.8929568,https://places.googleapis.com/v1/places/ChIJk41d7DsfqwcRkoo2H1x7Kak/photos/AaVGc3mLZbro5Es4i9i68Nro_DZK_ND2Tq6IpdVKjRh0soeUgcY6WgFC65Vu4_Pbmk3wxmI-SPtfjEUKf6uDgpe30kjdMpLVYjODyROtGleYVvK_12qq-fTLxgyPXylJYYfmJmV3pYiSVgweg93uhZhOJSN8AmaVxAjllPiJCKCUdabFAH-brwNSYOIWVNaonKGAbam9EfvVx24rkks5GJVqtrsBOLh1ofQhmZ_cXr3cgD0aPBWWz5KyAbCnq8mJdlkQxM6NqAE483Zp7K1v0iqxP6ikqO5bMnhoLW8iGKps6F53vqLvohvYOLeDxL1aoHg4recrGUp52FxTopkFhOaGOTrk1S_qzuhHFpNrhA3HWa8m_kB3IluaYHUyPv-_fNjaMgU_1j7G-JlhMVUZp561yMjWE8MVYFXKkZUp2PUTPF3tPQ/media?maxWidthPx=480&key=AIzaSyAc-ZJG2uARUs32SfidagTCbx4NBiRLFNU
218,Shopping da Decoração,lazer,shopping_mall,Pina,2,4.7,-8.100590799999999,-34.887848399999996,https://places.googleapis.com/v1/places/ChIJ87QFWhIfqwcRR36h3m2JhF0/photos/AaVGc3lJwwem9VZsJ-SVMPOhPupSHdNg6Cc3YS5aSMnZQWLGvdfBNf1YFs-MISwKrbzQWkWNb4Pt7lEZrF7sU78cVdVOxfTgf4_Ue-ccEL1H7ty8eZH6bXK-eJkIYEYDr0EY6UXOsEMRKhx6F2mSoTKc6sC6GlY5AeI5ahJa7M6iZ5Z8E3AAm0d4TdkDkHRIagef9fpjwKkz3FC1CNmTrLkPn9fSmdjlRxy2_USb2XtgqNRz8V0gkeNaJU-92iGFl4LxFSFFyYDrmFwnUAztjT4qI_42QSpG_NrEj4kh8FlrijxWH8YVmybYXhMiVFJFwEeDI3NGQZjITm0gJ1K2f1rtSM_Ua8W27R2q5UwZnAyIHCTnqJ2KoW-NMz1EpopYUejlJalA1x_WJuFK8jFty-Wk0kxfU6dZtjOZdoZqDwrEkiM/media?maxWidthPx=480&key=AIzaSyAc-ZJG2uARUs32SfidagTCbx4NBiRLFNU
219,Loja GA+ RioMar,lazer,shopping_mall,Pina,2,4.6,-8.0859726,-34.893776599999995,https://places.googleapis.com/v1/places/ChIJ5V5kI_ofqwcRMLumy7lKKPM/photos/AaVGc3kSPMwA5V6wHant-UAAAw4G4UTfT_tAWfCU0tovd0ALPaULJYIkQi3E0pnmflRE8ARoUpNyMpEPtn88kUGvjbXjYu43ezEeLfY3H7AyWTEKeGRu1zVCzjdx2WSYY5a0_zRR8HTxbsGxZq32jCJx7-9Cb_X8gx7uCGPYaGeDGaYWAHNIhjQDb1ypWm9CUct8M9wNpvN5r9NrOh4WvoPZNqwJP8fr0WDV8NcV4IthjByI1_ZHHTEarH4eXANQt51QXkBb5IxWlz34poZjwTBEC3WzwNj9SaqkpgDS1JDYss6-VHQtfJOBpza4klLnmjCUjlUzXmHUyTUsOiwlqRoC9BR2rfeX7m0avLz4WyZ6UxF--npc0a41hHSmtWXvSCPUXPrWw_PhTS_bk0n5r__AC2yA18_RbDY9pJ0KQfpjocfLkKCZ/media?maxWidthPx=480&key=AIzaSyAc-ZJG2uARUs32SfidagTCbx4NBiRLFNU
220,Galeria Futura,lazer,shopping_mall,Pina,2,4.3,-8.1009593,-34.8865177,https://places.googleapis.com/v1/places/ChIJ27LQ7xIfqwcRDJtVhRqBDLw/photos/AaVGc3mwwmQyXSCNTnqigHKDGCsXpOIgho6dH4T6PMrGrPusoaGmMKO2TdctTnZ6wF987gJ_P4T3g9f0sD49LO37g8PID5Hzsfluq6xfL86iKAFOJwmsviaBGcX-2bLx9URbxKYFmDNpQSxHLc38LO1fp513n5kVR_NUBtdbzxFpwm18egG_w5IbOYHEL_MIo_M90RCHVwhWGpiCj2kPjRxbyOT-w_r4tQ7y9AxaSW-CpzjutT9M2vv_5oy8xD46zwYjDfIyvhoLXMJvBnTafDe2D_c-JQATrC-aLitgn7ekQ8bChYio10Lw7BFQtMOg2xRNmS4VNJ3H6BHy_e3Kk24y9XlPn3nPcqlZ4SCUSfbyoeA2vvUllFRjB5XNt8IC1gA-3R-ZaUec-aDPckzHCdN2VBAZbHPz0p6pe4jD2452KUk7ToxMT5o2JjzQzY7ovkwf/media?maxWidthPx=480&key=AIzaSyAc-ZJG2uARUs32SfidagTCbx4NBiRLFNU
221,Beauty Bar - Boa Viagem,lazer,lounge_bar,Pina,2,4.6,-8.090906,-34.8844712,
222,Espaco Ciencia,lazer,shopping_mall,Pina,2,4.5,-8.0865639,-34.8944884,
223,Espaço 46,lazer,shopping_mall,Pina,2,4.5,-8.0860442,-34.89475,https://places.googleapis.com/v1/places/ChIJm7SMlfAYqwcRGUAsb7SZZYc/photos/AaVGc3n1k1wR2Q8Rg4d6Xv_ZkGFhmKiOKMMEA0xCHE3zWdLWFVKTGjByrKtoipDx5sTfIXOTwcS753oYbgArMwgVCaqFW6yzgbyWt-gtoHeCwN374zSHXOLJtt0miJ0b1tYoBuEpT0xpJBJs9dY9RTGsE4ru43jbhwR6_pk0yRKS03B7hbX_f9vLO7kXSgfvSCwAuc89XRanuoJqLvZQ5kUCTDQsE-6Qd-8sh2DRGXClms-TuwT55QK4cOCVJffv2Y2TazmjSwOk3xxUGH1xy5p_ZjwHSCFH8FndLFw02VeCi0hJ3V-ymkmM-zjSNFyyg1gQcq9-DEHWsf2woAtCmjbSE0ivxxc9t0hW8UWBXEx-wfa0chn0AXGFdzsF4w3qYm9ZePCH04LUIKPojg3E1niH84bKnqy6QilCI8LMny1yYQMPKXTO/media?maxWidthPx=480&key=AIzaSyAc-ZJG2uARUs32SfidagTCbx4NBiRLFNU
224,Loja do sport,lazer,shopping_mall,Pina,2,5.0,-8.086011,-34.893734800000004,https://places.googleapis.com/v1/places/ChIJSWkO_bUfqwcRpbRavrrw0i0/photos/AaVGc3nFdZpEmtnCFHMSOzXsQC9ksNV-FE1PesRtAsA_KhQ5mW6cR8MHj7oeozZzVNYOdUH22wtAQVV36i6vcfT3X4svGXpr2RSGI1UG-cjgUUZhmcNJ63SnQqDHmFCwHROz8G0sRkZHe2M1rjwB9SoDElYk985CngaWMUelqwDh_Y7E_pfQgb_bzYqS2PkFS36YEl2EzFiHt9VoFrvWN404QGCgazW8Ezy51aJURRIYZdJkPnClZJy7Voauf-isT3eAM9dzEw55YVtq8EqBdaE8_YaRgCRJJo_hJn75xqZqOzapaY7MjSttKwxQo6EjMg-E_15MnBXKNAPZlLP7mNuq94EBRej_IJrwLV0XHITrqfraaOBN67MSfqZkanHMUpFo4GbXfyRuWeXDb5LXHGc5vhmVwL1AZBayYGVJ8ivKQ60aig/media?maxWidthPx=480&key=AIzaSyAc-ZJG2uARUs32SfidagTCbx4NBiRLFNU
225,Praça Adalberto Aguiar,lazer,park,Pina,2,4.4,-8.086305399999999,-34.8847404,https://places.googleapis.com/v1/places/ChIJjV3YuXAfqwcR_AHq8IC7KwY/photos/AaVGc3nZ26fczfYWD6yjrQWcYg99OBYafmZmvAcOZg3AsXW-kGnmLfXxSDMwRQOZjk99iHeoFiDSVbPfsqPEdF5ZVPuReIGPDhGXB3gQG6LG_gB6kQSLKd9ob8m7c9VOGCLkL5Fh0k26JbQqxogLWSuIK1wvjR997wygLvhZRaERFXMQDuJroGvU9Mh9K41g_S_MCaJroCe4GdzsBLVR7BJSq1P5qLsOLIXutvZWJ3RoEeNso90agm5RLqK5UhmeIyKqXYUquQmA5Xjr_SFEsd16hFW9hL5IMXTwqXcYiF2GlX-GF7ucK083014X4jl1jFtJaTAEryWESiwBpOsj7aH4fs3sI6pCnVvleWo5CREa3tGsOvmeGSUiCLNlD4BaP1ioHJ-24iTN4TNS6JzCKTG1Ql2TP3wZDuVJ5bnVzkC_jLnMATo/media?maxWidthPx=480&key=AIzaSyAc-ZJG2uARUs32SfidagTCbx4NBiRLFNU
226,Uiuiui Show Bar e Açaiteria,lazer,bar,Pina,2,4.0,-8.086648499999999,-34.8803799,https://places.googleapis.com/v1/places/ChIJBYjxvjcfqwcR_buaq6CuZgA/photos/AaVGc3lCVeiTh9nsY22_YVnEk3UvZ1sN8O9CAKQvEaPFfl92g4rC3M2nj5zGawoG33-NO1rhlha8-sH3zizFBSxDQgGPDdYzYsqyGtfKDxjgAfTBnfxLROIOz3SGiA_qk0vUMG5NDSOy7hHqANGv9X8CPlQ25GSWXTD7iejdYhXWGrZ9d3iVVXq_nJMb8YHRGiVgIFa40kpALRdJoMVOJ0tDCp4MeluY6E3Q2r8Ixj1p2oOL_Mp6Y7MJQtWn51aZ5D6mvMuURZlod_pOo6z3mU_WzUAFoL9a_2p6lVVDRlD8n8KLKktrhXPWWEcA4fdg5vIfGlgQh2hdsdSBZjLRGpKCuVflWk33WsRafG5yt2DxSVMWAai-rte1oY-REh5S3rAJ6rZ48Kr6UjAd8CyOOyoTV5aeyQ4j7dOfNAPg-OWezpMnKIso/media?maxWidthPx=480&key=AIzaSyAc-ZJG2uARUs32SfidagTCbx4NBiRLFNU
227,Mergulhão House,lazer,night_club,Pina,2,5.0,-8.0929018,-34.882618,
228,Praça Eng. Diego Dias,lazer,park,Pina,2,5.0,-8.089868,-34.884381,https://places.googleapis.com/v1/places/ChIJQROlRQAfqwcRbvJF5L-Qigc/photos/AaVGc3mD7BefhE9a1-e9-UqGTAX7jj96Iklqv3xNfgZCfXA7AtQMSnafNUOx59tcRsTCsDDc-AabTw3qc1aXf86VcJlzvo7qkpT3XR7Klk0gGpv1R9zVltZeZiJQdaIEblecHJcrpwuLCDEBuWjTHFRXm4QTn6T5GWDEZCEA22fn5csNfVMI8wrNwGiAI2z7Ob9jFz0gN_QuObzjgFjAZ0pGfV1yw9m_Fwi-qK0BhAyFknnShwuuqjfhAfls8x9-nEwSahvfxxzxHOUdjlJheU8OQQYyKd-R0_hdxFQPLSrUeKhhEee7aOupHezxncWHJvNTNBp0qOCs66jUOY7rhWa2Z_npeyhWkWqL_H_EoRaM8szzcnmMqZBvP71G2kUa6_FFjqVc_G6TFDAauME80GJdf7FGDP1ySXB-56e-CfdmlPuVO65P/media?maxWidthPx=480&key=AIzaSyAc-ZJG2uARUs32SfidagTCbx4NBiRLFNU
229,Praça Cristina Valença,lazer,park,Pina,2,4.4,-8.0856084,-34.8784677,
230,Praça São Pedro,lazer,park,Pina,2,4.4,-8.0887207,-34.880305899999996,
231,Praia do Pina em Recife,cultura,cultura,Pina,2,4.4,-8.097578799999999,-34.882719099999996,https://places.googleapis.com/v1/places/ChIJRZugHGsfqwcReBnz7dp82LE/photos/AaVGc3nsVxi1mbl7Rg5gw0AB0HBB0sgZmQvPlAiBMtlVpeKTKF3xN32NMD7U6UHZS5na35dLva7Tm_R6HuSQJBCFM8L2aTWdv39VToOiFByQHhC7ktutgOJqTTtL9EUTFohB3k_AdUjmYFQxrXeUTbH369tVDhHshXIA4Dat0d2t62dt7R51TCAsiAGYeiA_K5mu59iWOMc_-RlXexylcB3OoqyzlSNtKiQ7AeTekUlxfGo-TeihW1xVGa0apkBiFDX8JVzqsPBsALh-f7eClN6xd2TT6XnooEGQQ8lPrwfYZM1F2Aq7JOrG2txAowm33c2qblg_DSj8OPW2qJgAYMBI_PB4f0O_6ONOPrQCsiAdU6QsfrVuH9xUFRTLadfrBeF9puJtY7JHE2EBWAPjEybLJexsnAKjRn2l1arGl49KY_w/media?maxWidthPx=480&key=AIzaSyAc-ZJG2uARUs32SfidagTCbx4NBiRLFNU
232,"good beach trip, reef",cultura,cultura,Pina,2,4.6,-8.1010897,-34.8860193,https://places.googleapis.com/v1/places/ChIJmVf1xhIfqwcR0CMwR_aLUME/photos/AaVGc3neS_dAAOMHdNefH2WOruTDXbOXRDD8L_QWnqm6zH1YDRpFk_5ITNZTVsTmrLWzwErJpUJmvLiXnzUc5W3Q0yZvGTwHrQUUtnt_XCRtuq-eOkMA95oFct0l2-ZGxwnPAhD4l4CYvljs5-Zgl9TqjEDGJbj73VEvsLtyzN1X6nd9oY_TIQU0GRrdFoRy4ySOAVLpkjKp7IqdhCJKpQ0_dbg04a7appLMUFcjPWoJo0uU0Qa46U0qr4-wjj7vzwfzWCcUm1eyrwwaClAztnbxSo8SfirFNavExdgCIsJagZslHekRjbSoYzKM7zI3yoyKtNa3CQmwwgKSZa8h5wd7_AViUxh_1BA3gvfznZgqY95LGEfhMJJK4bh7rZRY2kCILFa-9wUWfjCHYz4kypIFXyK8iYoFb-IvHI4SHunjLcsdSltsd-hWFzaoe2RBXFmO/media?maxWidthPx=480&key=AIzaSyAc-ZJG2uARUs32SfidagTCbx4NBiRLFNU
233,Christal Galeria de Artes,cultura,art_gallery,Pina,2,4.8,-8.0924825,-34.884354099999996,https://places.googleapis.com/v1/places/ChIJ24lQe9ofqwcR9dIylOcphNo/photos/AaVGc3ngAm81g445NkUB_CtYMJOt2gqhG_ESbKmKVBnQIu8ykbxsWZBqTEMcTRq-wdP_X7s58KrnikbNSPV_P-q4Lnx93QPNRcIa84oTksqCDontQxGBsQGczJH0VUUhBMPaYEGoWYBCC6DRzAQrn0OEek4rkljXrhYnkNoj1dNjBIu1gBW_URVynHb_xwpUl-DeqLkbd8h7mPYkrmbOMizuKIpZyYnDGgERKeaq0Jp_3OuZ3ku-nMBcPoYa17zEKmCiD9guv0dfE2OHaYJmrGtIy_CiCNV81meAkb9TvThMCF_Xk1-waLq56_zGR6kuiOdA_35w386s_sBpr5YRGVXVe65NSYWR7CUhLKcj9_PWX8VvtYT2eckI1pDU-HmUwZkIdqVDDTxiCMg3Uc1LCQGXm3tpd3qR-bVu57o7CJcJExSGuJJLGdc2lusfA7Y60nvY/media?maxWidthPx=480&key=AIzaSyAc-ZJG2uARUs32SfidagTCbx4NBiRLFNU
234,Purgatório das Artes,cultura,art_gallery,Pina,2,4.4,-8.0912236,-34.8844651,https://places.googleapis.com/v1/places/ChIJJYfYvPAfqwcRifGntVT6sOk/photos/AaVGc3kHQEZtQKk6TBO3F0gYEaKsz2ILDupXVDiRrk43gGCuwS_551LGA8sXEbnaRsIABL7alnXNy2VL4fxd5PUZQ2R1fZyEdF6xqYTg8Jh4fA-kfBqg2g0Iuu7GNkoEPkMuC945G_mimhy502L8aXbnLHurM2glGTntmfZymJkq0YSGMQ7ztHLKDFi23xPKnaZTkpqeXxu_7pP25zl_9KT-tPbeOt9lIimCpgleDQ-IbHoVpAyvSl_A6VcuACnvES1iFB8lKGle2JyDRQqJPupfUASxeWLNvhVgWmJtPvHgyQESgt4g3XWcHrnSk2GCBi6wAVdcWVOZLotnYXZBZ15hDL0cos1Aw8LGfgE2lUivHSFk2AI44Uwus8eUcLTQ0oKtJbmt8Dpt1IbgcxsV439o8I-P_mBwxU7Vd5kJZnH2GrE0Kw/media?maxWidthPx=480&key=AIzaSyAc-ZJG2uARUs32SfidagTCbx4NBiRLFNU
235,Brasilia Teimosa,cultura,tourist_attraction,Pina,2,4.9,-8.0861735,-34.878686699999996,https://places.googleapis.com/v1/places/ChIJhwO-xpgfqwcRKHi4WoV8PDI/photos/AaVGc3m0QzshIQvhTvlxNXHKR7YyWxmg31DopNODIszVJkobgSzZRxYzHffH74-op2Bqtpm4DnXv3ig2XolcmoSXD19kfAn2Ynq0CXJCngeNnSKj2igiMOXInVugZLYr24BxrqVHSxirwKbcSze3SaxmF_Z1kgb_SBCYAzttrx4xpRXSclUnyIeuaPBrQI3Bd6OImjdabErxrqQ0wq2rUT6AcMV7FvbtskxCwx9lHZKgM6rL7OaaI2dGQ73DRbdRAYKhj6RT1MOyZxCyndY--httNIK1KsDzVsiOvtpLmzKB5rVCiBd23K9A7M1vYTkMb_pOAqeXdx8XP0FMvTESaQhLFNLGuAgSU6Munm2dp4HCtMHUtciVZczT7ZNqYYYObAsUflRcMzXV9YXFUPvkoXLUyjijGXD3alN4IkKwdzQNP5wv6Q/media?maxWidthPx=480&key=AIzaSyAc-ZJG2uARUs32SfidagTCbx4NBiRLFNU
236,Espaço Brennand,cultura,store,Pina,2,4.8,-8.100591,-34.887848,https://places.googleapis.com/v1/places/ChIJW9f8VhIfqwcRbAf_2ZZkuFY/photos/AaVGc3mI190sqzoTTXZEeEhXCAX7kmTkKpfYYxz_r9mjmhqu8271js1Mp4hMYjU0LE9SBy_a0iKWzwXrK2BDF3NULSGQpb15NaZKswGgQvPPUMCGC68M2TsL9V71V5YCA4qOviY_AB8IOlSF6Ot7SEA-TReLZ6PD-waG830RyF08oNgYnW7_AqpLJt0Op4WVdzjrpWVYOh33Am_xP-auRgoeYRQAJIm5qFQuXMsYO4lQ8weMuZk7FnCMXciwuKf8wx_tT5xiX-fC0iYIkfwdr26Pqlh0U6bONyAydhF2syIpj8DgZIW0RRnbcOrU7CvEZvXqiXcoEGeyr1xnowVBD_P36WasdPjbFEqs7xXSklL3Cgq4eYPDpbEc1kvhKTU2BLW-DJrETjtsh25FJmPYENYouJVlEDrObYVSIrgmakcqMRfLOJRGnN8wzBbvBJlJEg/media?maxWidthPx=480&key=AIzaSyAc-ZJG2uARUs32SfidagTCbx4NBiRLFNU
237,Casa Antica - Escritório de Arte,cultura,art_gallery,Pina,2,4.6,-8.091149000000001,-34.884699,https://places.googleapis.com/v1/places/ChIJkarNgz8fqwcRP2Bfo0E2f1Q/photos/AaVGc3nID_BA7D8KAPguw49Yj8w3CnuOOymHEOgdhM7Kxb8V4_JRhjKrgJxSyh-8m1WoYsoCFIteFTCMqAgHN2UQlJEo4q0cor6eo-FUSAvquZlx99OSLEMhA7BoVUcfrzj-Hjm_PUprbAWbTVkKqPAIL6JCLfuMAZH0zOOsMbrq4doaAKOGmLIiDfgAyOlOYRHTWjt8Sli65KUw-Hy_D3lbaksZWUYFu5M0MXGjl9Oa-H2ZeDecNapIMNaNgYpo8i94GHGODbZFFILRvQqYXwk89iE6NgyeJPs32w-l8EfaIqYac8kzSPemq6X1qFNhQR7DoSn9l-1bKQbzMQ97zAbE5XHXRjaAF8eI-tLnh081rgP1enVDLR9NZZGsPXjtnfq11OMy-hD0GGAi5ZqO0eNcGYBKphaUYGdoAzRQYlF_M5uZqw/media?maxWidthPx=480&key=AIzaSyAc-ZJG2uARUs32SfidagTCbx4NBiRLFNU
238,Galeria Cana Caiana,cultura,art_gallery,Pina,2,4.7,-8.0977003,-34.8852324,
239,Art & Moldura RioMar,cultura,store,Pina,2,4.3,-8.0864409,-34.8944853,https://places.googleapis.com/v1/places/ChIJlU7jn64fqwcRhYY9ISR3zug/photos/AaVGc3mtUwHBzLyg8Ap5EOfzggJ_-5IfDJN1bv2x1ErKpOCgmE-YrVtVg99-Uyp3xSD2bzSlaWXRsc8WDtnDG9notcr0dBHU2iHieTVIvAzDgWX7Y7QJ3m3IMc7UL3NJy6rWZF4Cz5O8iY2KjLfV1bQXQjzWfFW0urOq5C15C1zmAUHmmU4JnIh81GPSxFMIguWDCfBG7kRJ_rbtnXgcBoVzGtasGXaa3Cz01xLG-9QudkFsK1rxEs5P8TQBXD0eNvNEtmYOJE4-gpoTHEq54GyulrUi8G8E3RBhAzj6APbE55GuLkGiwUpgqOywK2Nl10H0BABtPmBBiX03CoVkbctE1FN55MZbBnGwDNHSQRCR9CYnAO4j436MHjrB-k1iDje_DayHY35G_9Y-tz617cLVX1wTk0xgtSBhXwLp97UVb0J8AsaBIfrqtocE7QaZ-dds/media?maxWidthPx=480&key=AIzaSyAc-ZJG2uARUs32SfidagTCbx4NBiRLFNU
240,Ateliê Camilla Brito,cultura,art_gallery,Pina,2,5.0,-8.083656999999999,-34.8794667,https://places.googleapis.com/v1/places/ChIJaQ5x43MfqwcRQRzS583JF-0/photos/AaVGc3l3bVhXZAmOBCt7cz74kaeiDTGlAdS4bSzQlco3mGMk96WeZcq61PTmN-oca3y9HQ8P2GvlGbnjksl_C_JlAmzgea5erZjwKe_U4xKXT-xeDVNW_zGmJ9KnFGvPitV5yHK5EjwpdJYeCjRzYxF9D4vQQCoI1GP2EcEQuujgptKLprCkN6iuPnU7Up2BdCP-_BTMzrwUHsfThA2W8tt5eW0mXtRnye2nRnCvctiNEX4t0ZDIOUT4xMovFpv1J_XM_9KrEXpdyAe6EdM6IgyEvj08OWrwKU0FtyDQCU82-rWt7zUF6s6B2WoloigukjLsQjxhZZNmKcnHdpgv8OddG8YkZSAT4C2LMuq6nlttcOQUAUYrpK91CRh0FMsPDZGIN6KGih78t6eUqJpm8DE0sdayHU9zwY1wWaZHgmI618atMg/media?maxWidthPx=480&key=AIzaSyAc-ZJG2uARUs32SfidagTCbx4NBiRLFNU
241,Monumento a Restauração Pernambucana,cultura,historical_landmark,Pina,2,4.5,-8.0729857,-34.8849969,https://places.googleapis.com/v1/places/ChIJ6Rs1hMoYqwcR9buElpdMuho/photos/AaVGc3nScKehdHPfd3DB7QwGDVRepqd-dllX7nFVmsKXKljLuC-HbYhnZy4PhrB3JNhSvRG-SQsaLb1-CCbt9Z0hUnN0HWGUTwVfaL6x_IfKeiIohkfCi7gWdJhw4rtVRgW3eMmOjyQ5OiARKCM-H_M2rUbmhDgjpB8Ltjvi3aTljJRGnr7TIaWwgP5DmhAAetCgSJONMJsIUu6C2xvmshJYj54RKgj-PZUWzK46Kpe_ykIvj0lpNtSplTqhSE4xfm10qeTrpnbvlF_bdkXMpsk99HDxtv7EaJRq_IpVI603xoX5OM-3OFiIGY0JbAfGDVIrb-uMNyXzUTHhdh8GIkazZ0QVxfDHuykzhIB03AVYN7Sslp3efimVwSUYw1v7RMbfNYVUpOg8NBLPZfzH4M_Wa_PxKhZnMia51eAsGg5IxnDqtyqK/media?maxWidthPx=480&key=AIzaSyAc-ZJG2uARUs32SfidagTCbx4NBiRLFNU
242,Exposição Michelângelo,cultura,art_gallery,Pina,2,5.0,-8.086884699999999,-34.8948835,
243,Resileci Artesanato em Resina Epóxi,cultura,art_gallery,Pina,2,5.0,-8.0848827,-34.8814373,https://places.googleapis.com/v1/places/ChIJsXBOx4IfqwcRDTExSIcqBy4/photos/AaVGc3kgUUQ2ZYlQjbbAvdIRIko6QhpWiINyuFL-fz2YjFbqMvXmh6KtgHDcTnJ-CW99j7jPQA2qGVICKnYnYd8B46h_uHbKGQx98BYOsikY3Ljr5Bi4-eOcyatydTn3bkCo_eATMluQbvI87LBU43vfO0OmBgXz-DV6dUkXrtfxzQfzgE4h8AJ0VZ_28ukHkA0iN2N9esecJKZsfegyc4jXOjfhl7xRHr_rmQ0dcUwbJNsJEdd7rrISuH4el87ekae1dYqlmz0EOhCtIKI8AvpM0yZXsLAHMiFwK_SFhX0EKvIlnI5iH2gu3YOZdMTgmmoQqZcadeiM_NvjyIvEL9fIHlHYfoxv7XOMfcCyxCHcCMVxk0PMD-KqGLAsZhAesiNl6UnbCJX9RyNw46TU7YdL0HGmC-B5-1r2JOJVZLhCtetDzxbBTzrdc1vK6lTBfA/media?maxWidthPx=480&key=AIzaSyAc-ZJG2uARUs32SfidagTCbx4NBiRLFNU
244,Foz do Rio Tijipló,cultura,tourist_attraction,Pina,2,4.7,-8.0826856,-34.8832953,
245,Polo Brasília Teimosa,cultura,tourist_attraction,Pina,2,4.7,-8.086281699999999,-34.878583299999995,
246,M Redig Art Gallery,cultura,art_gallery,Pina,2,4.7,-8.094851499999999,-34.8860494,
247,Porto Terra Nova • Espaço de Contemplação,cultura,tourist_attraction,Pina,2,5.0,-8.078664999999999,-34.8762227,
248,Rio Pina,cultura,tourist_attraction,Pina,2,4.7,-8.0922209,-34.8951701,
249,Moendo na Laje,gastronomia,restaurant,Recife Antigo,2,4.3,-8.0592515,-34.8701112,https://places.googleapis.com/v1/places/ChIJR0H4HYEZqwcRIclgLIm02Aw/photos/AaVGc3mbmaflsao5pSMYSj_RGSyfJSxDjsdx2caCPxcaLR-OD5M6snQC-83iViIJGMCNlz4Lw_BpTOC3Qn8GKQHDGXVZHcGdtjctbWLGlBKfFd6Ez90_aJR4TdTNWo-yPV-iE2f6bEmxuXCbK_d5Kako04WWpnCVb8nEhz08vGpf_VIOqHDdS4uBoF-ww7Q09hWcpyUkkl_blf76QQhUTehhPL9CoYIOZcCPIW4NZ8w_a3DyF_fVZ2IzNwzy0UupWEic6amOR8rO8aRpuvDPS1w_vdiJhhV_F13iDo84N0BUgA6ZXW6votinFxM3WNnrsnXvIm9Q1DWSn_DFIn-YoeT4863QVrilL6VozUxj019w3kEXwowopIsmqKc_QCZ4W5tWDKFFxGyO3x7wlPws9hPZaaAMCbJUUW2zZKn1klZJQL99oQ/media?maxWidthPx=480&key=AIzaSyAc-ZJG2uARUs32SfidagTCbx4NBiRLFNU
250,Bargaço Recife,gastronomia,seafood_restaurant,Recife Antigo,3,4.6,-8.069637499999999,-34.8752743,https://places.googleapis.com/v1/places/ChIJDZRLTEAfqwcRm1p17Z28PSQ/photos/AaVGc3m7qTobokpTH22TBOkSW0MMJkfLr8rKtHUykUlWa5D11hIPbf6dGKk0EnE5drbYnIumsuiMFjy9yxOxbWiLU7A-IgKonxw_I_fnrpCczLLmtwP3W8U70rlZsUTNdGhsLz2Yh88RhQK3ur4Qmt56HpD_PC059vVYGDRb_HE8cgvAtqwpdjEgvGJIxyPuTZ7h-pnNaN0ALANk4qDTMK8-VqOj5PX1d08TaOPohEf9pRwZ5PAY_evQjnEn09Kh6nsKK7wTay9pcbpjyeor4TUGvQX8KV8d1oaA6V5cwxEq9jrKO8y6AS3s2N4NjaVwO5wdtYzqefRl64rywT0-Ha8lFtGfo98WSHepUFl1Xj6M0GBDjFYBH2ah_aBKhGVXORu9qkgaVEQhTf9MuwD7Mk9UysLC3xOsdaJicQpwZzwZmnz0y0NacH5pWXQtmS1GYgpY/media?maxWidthPx=480&key=AIzaSyAc-ZJG2uARUs32SfidagTCbx4NBiRLFNU
251,Livraria Jaqueira - Recife Antigo,gastronomia,book_store,Recife Antigo,2,4.8,-8.0653068,-34.8735183,https://places.googleapis.com/v1/places/ChIJP6MeE30ZqwcRNAIuKWEntrA/photos/AaVGc3k53lF3xA2o14WuVVRcLF81rCGwXB90mEtcnO9ZbkZqmGQpvCtWwIXnW-4yJWygdxinTU2naCYIxPfzoSdgu0J7MdJCuWr9-L4JHnXg_n-jJewUnfzepo32PsTMG1xxKBWJiBFFTm4NhI85sOhYOr_5n57JS7_jE2aGepTmE7MyB2QVhoAM5TAQzWyKtJaxehvSwZh857uHSGRBsWvR6_xSItLTNkbUb5FmHCW57wtiCoKh9OjOJ5VhaXj-VRySQUw3VcSsB9bfzv-yco_FfaFVmtpNddkZd2dnvvdCmYVhX8CMHNQoB5iAYFIFxBr0eWrY_l4wPcIwz4Oc04Qus7JfQWt-KWsxDb7SHsKH5rxUfQfJRXAKffTXZ6wDJNdNSj4JhYCGHdjz3rsfw4AFeTULa0a1dYGq4Sst4GlNtqM/media?maxWidthPx=480&key=AIzaSyAc-ZJG2uARUs32SfidagTCbx4NBiRLFNU
252,Restaurante Leite,gastronomia,restaurant,Recife Antigo,3,4.7,-8.064991,-34.881274999999995,https://places.googleapis.com/v1/places/ChIJz6Gqq-cYqwcRnuPcfC098HQ/photos/AaVGc3lX-kfKiWL826xbZ1WICVCkTYYZH8E_AO_NmkYylolVrmOKWD7ADZlHCA2B3nn7d2MiTGwjqFOIJAhJvTmtvTgtz2mfGa461WerV4_YCkm3bxN4naB6qUAODChpvtKT-R_R9m5zDjpxbuyI9_7ydyGF_64AKLUTQujy6CVcMic3zOqqPvf2uUpntc0f7ndexSp0X2oJngGAKSPFDmqQgx_Y_DMtTuyYxHi7Vl5Jc8gOXiWnyj1UGUMQ26UPkZJQccGFdetirt4SI_uFv3S768fplR6RrARgGQGTsYyyCI2gjNrOH1iyJrny-kJgVqTNlq1g6HJ6YTYovOjJsW_Ju68gOhQSUSrHHOZud7As4GNpc5pUqJRYHuwisKYo2h-n9qJsLI9w6Vi_KmR6D90tTNcHW-8gMLcRJ-jYPPVhYGFhz8c/media?maxWidthPx=480&key=AIzaSyAc-ZJG2uARUs32SfidagTCbx4NBiRLFNU
253,Restaurante Catamaran,gastronomia,restaurant,Recife Antigo,3,4.2,-8.072794499999999,-34.8799463,https://places.googleapis.com/v1/places/ChIJrxWQQQAZqwcR3aXeemV1fww/photos/AaVGc3lUrs88hPDbM2jvq4NUmeWdAj6yf-dUGSUhmrQPLG_Gf0LrTt98MpG35TWJKBN7KdBBhAgFZecPO13MTu1XvDv_paerLftwkCHUFFzHViOcQct6BJpLqCJo-CIk5E5Bdj-fMcLqq1EqoZl0zTJoSOswVTWEblK3b5vTQp966QqwUan3txMCokZL66hf84esXWfrbZAuLe9NbQWRdd5rkmYLzYLzTv7EnKUabwJByIDrCImvJ2jmiKOdXPBbURwtXe9j5neoNSNVJxbfG9mcoNUxxg6c2i10f0EPvOHllxxqH9jLiRe2jf1KqYvkc5IsTogw-ijWREPMIMdsmPN69TaJ0k868Pg_g1C1LE3gJAmRH7BETcTh9obUcvmg_FKLKCduEm7gg3Yc5oEeXuKfZMB5XRdvsUB0QeFHrY3CZhA/media?maxWidthPx=480&key=AIzaSyAc-ZJG2uARUs32SfidagTCbx4NBiRLFNU
254,Cais Rooftop Lounge Bar,gastronomia,restaurant,Recife Antigo,4,4.4,-8.061013599999999,-34.8702363,https://places.googleapis.com/v1/places/ChIJ1bdADswZqwcRPvLYzzmZiKc/photos/AaVGc3m7Qx3_19rUrUVgTbbj4wAdsJuJxtD2lrHZUqpETogbkwR6g4L9PNE7JHMpbwqXtGfVIjPo3Az4FJqZ3OjnyDRdeE8o6fyGTwztkL-yKJaZfAbIhmjM-8elyJp40fXomD5zsD7Gh1Gxh-ggSi_jK310mZSp2uoAsKU3TpWcXRwR3tZn_c4pTAUbdpsaIe_znbXb4pX6DGeTwT3rvtyJctA71OOwxfwlRqMBEbfC1ErLAfcKrDKGKGsM7CnFxW_g6b8MRyMAv8w-j6oVwQUoI1GIOOQuAWwf9S5Y4WAXyHb7jl0RZOnw7qcbyxXxp9jlkPl7sBdzKBYewtsH_lJhrGZ1vVZ9FxacMfa0A5ysBn1jaGPaBHBMcyvpYsrBtVRup5BfrpkprVWhNUmin4qWhYb23Vx4hrZ48yodCyhtnH_MJQ/media?maxWidthPx=480&key=AIzaSyAc-ZJG2uARUs32SfidagTCbx4NBiRLFNU
255,Galo Padeiro,gastronomia,bakery,Recife Antigo,2,4.6,-8.0542813,-34.877550899999996,https://places.googleapis.com/v1/places/ChIJFZ81jZYYqwcR9l3YGt7gA08/photos/AaVGc3ngILGO0RwVEWu6gnXTipL1fxBvCH6m-E27cnzHr8JOm6TBA3rKnJqRdfb6uqe0MC3tqXcn-rVAy4R6TY6LGwV7nhc4VaEpZY_IjH6k-4cuhMG-ToAuFmqUkE3rQSKdfjx9JjBumqHqe7ptmCsoRwvb0wF2NGhIVeovamgabg5w2Md2xWZUXflJ7-0sblVnrMcrSijrKeFhTT1e5iuLt2KuJJdqumcuPjnIvfA6a46EiV6b7DBf6x_Cu7qLTIK2AT2xsrB7R4wSGf2BnwCBmQQARYSnWXO_Lkakj8zmvKgXVPiLiHV5beg_bU_-xyAdQarWo_vD42lvy0ryiZt5yHAopQpz7B5EnRTiczDgVKJ6ocGuo7VDk3hjUQLnliRIXoauLEyCThlQGJnBsAbzajgfboHWajgv4NYFB_gwYUY/media?maxWidthPx=480&key=AIzaSyAc-ZJG2uARUs32SfidagTCbx4NBiRLFNU
256,Armazém Rio Branco,gastronomia,restaurant,Recife Antigo,2,4.6,-8.0627737,-34.8728222,https://places.googleapis.com/v1/places/ChIJaXugchMZqwcRLpw8N4NyKkE/photos/AaVGc3kcXKTxcHqcudl1v2uIodPrXSTxBQDCCH1OjZj6-VdVvHTGpDIRuczGcHvHoqeA-infvFaknnqBKBR-Sq5EjDqILXh1u-m6b_FNwwuZdqxUhUR4_mI8XR-Whel-oQQoUI7kt-JKiK1zu_igcQf8Rw4Bgu_hnVJHJE_k53QtDsVrdZYJpk-xxDHORqVrjmySjSCNGKSVn3_FUnVG9dXzvpRnNku5XTy4n-5LnewXF4MfA45MkqTx1lafxN8yjRedPjZFPupcLY5CNv3_QUOnCc-5jr-y9XY52cGkqLW74ba1xSX88VONfRDIQay4Eo5cZUYdBFk6nkiLcXqy2Ppcy7ypkyBx3qyxPYziySfuatvPI8SuOzQP1AIFwdqUD_EPOfNEEj2t2LAaPlCq6yoOX1AGc76dlvr8bns1zUY7M_l7gI9j/media?maxWidthPx=480&key=AIzaSyAc-ZJG2uARUs32SfidagTCbx4NBiRLFNU
257,Casa Bacurau,gastronomia,bar,Recife Antigo,2,4.3,-8.054215899999999,-34.8777137,https://places.googleapis.com/v1/places/ChIJ_1fcCPkZqwcRYevX3qG1JwU/photos/AaVGc3l7PHUDontGpb7ow2cMqIFBZvD6Lcqg1G7vyIU5BxQn2-8cq_-qHzLECL7ap4dg9-pdPT5J6Tlzw4OAn1ecImHkCKeKtlcUl02-7RwdiTwoOnYSaSFVsyVKHUSD5A98wjLVaTbL1-XLfBN7u4qkXLtIMoA_p__I1no3D_fr7ymAf8aiUKNGPZ4oZ9hL-wz_zmTI2nmt70YC6S4EIiWkZZPqxk4b6zTdBBVUoFCMSKp2fYD104wcPOd8PmrZ6HbrkyE8BYIxQty22bPLVGXkmjyj4fkMEvqdoCMNNti_PzyVsHuqufWtoriR4UO1RhWSXCSkETBrWOYCAqTceCECJ7kFfm2BiGcuErjManDJRh9USVRUZpgGMV8QMMjbvv07zs543-ORH9sXLhGHa7gr16sbcEn95XU5q9I3XQ7diPCCSw/media?maxWidthPx=480&key=AIzaSyAc-ZJG2uARUs32SfidagTCbx4NBiRLFNU
258,Ohra Marina Sushi by 777,gastronomia,japanese_restaurant,Recife Antigo,2,4.6,-8.0694406,-34.8752202,https://places.googleapis.com/v1/places/ChIJ2Q40cycZqwcRHzHK6QYlObs/photos/AaVGc3l7OMXQbNDFIIy78sdx9Qr3AAF4WcWKqUWasbaJlzZJZUW4rL38X2kQe1_xiz25vj_7c-Ho4Q1nWJ0sU8940iHzVnyWWcOIug3tWdAzlCCVWF_fdviFieX-ugNLzEd0ZV2PhrWw7a0vE2XUe5RCNO0rAuHwwzgi1GG5znIoqhYqDQML5u4NQLWAc_h82621YclGXHwqy6b2Z8By69_T84o__VifeI8REgSmHXDFE5sVGzEyLelpZLERkyD-KiIz-QW1JXxtIGttTh_QCNu0MVp77Dr7vRhrHI9qaGQ2znTsg1QZeQQbIGkPgFzUtY_B3JfHoX9KCSoU3I58oakR89NgRK-BQtS_dHGTaiba5mV_Rvp3e3CphtmeMFyZitWLws9jz3_PdZ5G53LgFAia0l9FRx7YNvpGkee90ypT1ZdnqQ/media?maxWidthPx=480&key=AIzaSyAc-ZJG2uARUs32SfidagTCbx4NBiRLFNU
259,Seu Boteco,gastronomia,bar,Recife Antigo,2,4.3,-8.0636873,-34.8713957,https://places.googleapis.com/v1/places/ChIJk3e986QYqwcRTF6Cowd13tA/photos/AaVGc3kVLQVS8RFKlB-epJpyjDJdBaXyjhtwA8gPc0UU3EZfbaKGXGPrHn4eUKukTifqoez5kE4dS9JvkK6f8PYcIj-WlWK58nR2B-z_GMhKQ9YG1UMz6BmhTJ9rl8zZuyMuYUkFU-N-Jz_hBDl7ZVquqC8J1ErhytfLYmT4wpLmCrWsM1edQVm6IJv3HC-ncpNP7EJfVnXTqaAnkicdHHN1zrw1hSa3-pZGM8mY-kjMf7twqwwXC7lKaKm2HsXQUP7sW3t4FY1ZORQPxgASKxMaZA4tmZ4BVKu4mCo86pwEOttm1K8gekhp7AH0RBOBDu7TGF8Q8ufBbnOuyR7ow29jC2x8EoYID2SRGc24VD1dn9UW68HmHahkJX9tFnkpjfWHdYWLaLxgW8FvMrBGSY3dhiWNUf-U8vMfEO-x79xMuGHDTA/media?maxWidthPx=480&key=AIzaSyAc-ZJG2uARUs32SfidagTCbx4NBiRLFNU
260,Bodega de Véio - Recife Antigo,gastronomia,bar,Recife Antigo,2,4.5,-8.0628345,-34.8730428,https://places.googleapis.com/v1/places/ChIJeZu8KqUYqwcRe5zMAXd1S7I/photos/AaVGc3nVg_4q3W6aCHH2V_j3zIRIwSO1DGaUbrlJ3perKRNqlUmKpsPYMC239udmaOzEIdCnQAeBT0iTJ8gi9evRGa_GMIZ5h181PtUHA2qfNQOoaoV4-sgWX6W62G4XJdotuG_3T_RSHYqZgPYOQoiE-KiLA48phpN4TE5XoLGgA8juQ0SAYUAtsoOP1tMDrGQRqNhDmTWEJbgTJWc6J3jlhScUmDislw7YN_ZSWJJcA2-FDj3KmKzYyKM6fjKHKBfyshrXER6j9r5gP9J_VwQu7SU1hky1EQOtseL_GxeEvJsMhDRJzI0icwLaxI8DHtSPGCUVszdAj6z7mHLP--zSZr3sz4zniMkNzgFrtqUpWU4nuCEqT7nZLuwynhmZWZM0OOJZDw0lj0TGJrtqCj63iaFogtHHJA6RlW3MYeSGJThjyg/media?maxWidthPx=480&key=AIzaSyAc-ZJG2uARUs32SfidagTCbx4NBiRLFNU
261,Venda Bom Jesus,gastronomia,restaurant,Recife Antigo,2,4.4,-8.061528599999999,-34.8712133,https://places.googleapis.com/v1/places/ChIJz1K98VYZqwcR8jtR1F-qXhc/photos/AaVGc3kji7R0rBN0LHtkBEpACr6gRuCd-nBzaIBO_KqcMXD-bofKok5f-NJqRBQdYgfIxeeeSbLQ3l0Z9WLyDA5LRTZ0s6nArPPXI6Iwv89-b-Rn1Ziad5pg0ta5REJWtqyd8ZPy8110L3_F5LDn0yQX12eaboeyrlIurkqE5C9jyujMapBXNspY033T2fatSZzYPqJdI2ShUhRugdchLWlmljLQRL-pI0bCb0aspBaodabxbXVSMoLVXoP7sCFokX7bwvWj3uMHG7CLoFK9Pj1ij5EwhukNqPINlEkb7FNGiRo2T0DWC6MHXYZiXiQ35K38ilUg19pNXsgbNLSX4ZtZQJFnAWGD2h48jefJK1jjkDPDwWewPuvB4gN1Nz1KJlOC8bgzvGrQv0nyDVE8GNjzNZRoYzkdk_te3e9Lm8egCDY/media?maxWidthPx=480&key=AIzaSyAc-ZJG2uARUs32SfidagTCbx4NBiRLFNU
262,Rock & Ribs Lounge Pub - Marco Zero - Recife/PE,gastronomia,restaurant,Recife Antigo,2,4.5,-8.0640236,-34.871360599999996,https://places.googleapis.com/v1/places/ChIJ3Qar76QYqwcRaFzRzabxg4Q/photos/AaVGc3mBs85kO_zmnIUlzVn-nS9znKR9D13xR9kkJ_UJY-z8S86oYwP0G9VNwV75uSAwcjXeKpaVotap1QFo90mcF67ERKQPXluURDP3ftKlHvmrzzbhRewypqEkpGu8uQNzLwtTpIkI287dUr9_1-_bKbMQp1FNVlchl9wwAvP8IhNReMP1GoPxoTbcrjegrsHi_cwOxlDVwN-nfwxbzR8OMwgGO6-1NZKyLEx9kduiR1ok5MEUbC8b84kdShPnT0ZcHwu6IbgQn4Ahkz3kLAK2AzJfZmcZH938890h8-ED5ehLUDsNpYeWN2Mqt5hzwMJZRgo3IXh5ahle9bgRWW4e9grWBMFmzM6KFjMOREqzuEBpgQ7-L9Yuc36DNbSPs8iNghioFu4NVhWE3d6uSwzvWxI44fcFr4m3yf0QUo64UM6J9Q/media?maxWidthPx=480&key=AIzaSyAc-ZJG2uARUs32SfidagTCbx4NBiRLFNU
263,ôge Restaurante,gastronomia,restaurant,Recife Antigo,2,4.1,-8.0590115,-34.879806099999996,https://places.googleapis.com/v1/places/ChIJk6Np2CQZqwcRZgtq3L3LruA/photos/AaVGc3l7lXA_BU2S2eqGmYAjyxTfWXiguv9fSUq3vCEsPPZM1Znsq_iSnis7sqATLzj3KokSKeWbQEtxa6ToyOArUwiCQeuW94ltj9Xg-stgQPy3Ddtq8wT-mCuAQsc0sMy5m2opcphKHfi8BH30q0yA0H8Cx3tG-SeW9h4h-KGSRX6TOfQtHeoCUyd82Kl_b2QAKx_pp4ZtBMhulPT0nkNAol5FpjUIl6_3oDyCShAd27zeQK6TWx1sfYe8NhlfDOZdC1dciOwxkhvKSSLEiXFLbXuGD0tdFVNYPwOWP2Q_cF4jBTXI1PuOLSWAQHO1YcIHz1zGT73eh2B-Cw6hIUCGzrsN7fipIIuPlaZRyf4GnSy2QcRYPvpIwd91OG9CNiQPZHYaAe_mBjB8j51llZSrXhHSE6NrPcXC5rD3qmi1RQwym2cN/media?maxWidthPx=480&key=AIzaSyAc-ZJG2uARUs32SfidagTCbx4NBiRLFNU
264,Bixiga 35,gastronomia,bar,Recife Antigo,2,3.6,-8.0616608,-34.8709713,https://places.googleapis.com/v1/places/ChIJCX3gLHEZqwcRreNRsnBkwL0/photos/AaVGc3lzsxwX6gEfekISilEDlDKxHJg58PG1fr1jkMHDk0b2_5u78U_Lnph_zu3kFkrZG-3-Zu5_lYrbQeIQttdc9TylCR_Fv6xS-NZFDQIxXT62FG0cd8bO2DiPI06S-9dtX1HerIgw43uwuO5B3VvXOVzszeULZSUjCfr6w9LSTUjAY1P1sU2TbwRkejB10dqoCnDs5Po2jj3ArHn4l_QVyS46r7iyLiTbULTzVo14MUMgT4EXnTm_84Me3sLSSFl7QLNxx_9pSODXg9ZWNdzGOZdhE3NBqyb7wHkrAd77V20iHTSqz7d3vRM-NtbVj4VeaCx1wbxs4iQomJc6VKiTcOoh4TJBqQdj9SdAM3zlCFMka-oFezu1k4ZHvTgq4nOG7Zy5JlvBleatc8Yx4a5DWrriwMdM7JfvD2sxeuBE1Uk/media?maxWidthPx=480&key=AIzaSyAc-ZJG2uARUs32SfidagTCbx4NBiRLFNU
265,Frege,gastronomia,cocktail_bar,Recife Antigo,2,4.2,-8.062877199999999,-34.8729121,https://places.googleapis.com/v1/places/ChIJm10ojAQZqwcRnlklgEdDFtI/photos/AaVGc3l9AEG8YupAJhJHeJQy2mE54dS7T0jp9yP2wLWio6GEN1xuMAGCyumspuJi9cSkNTdJBe_4ixs5FZoES2gjGVNxTmOLNV07BSN51LtLB234BpNcsZsfoqHI1TuOK2doFh7ZNmBQvg0FS_9YH_7JDDJpFcIBv_KiBxvOKmGLIChhBHt3gwqb4_932iyrHXNs7EMGkwm-NElJo24E7rpduKpnpGlYPvu-0zSGwAHovb9PPJeUOVuzf5x7dQ5ZscwhrYskpMz-qpIRaL9PXrr3Upvi7icGmapBh8y4LhDCoSa1AjqpkABSVm2wuKAuq5RYZqwcdPcSjKRxzlFaXZ-Yz5Yj_D-Q9R3D4JWRgPxjP7Pyb9g4MAS37CYBvW6-eSUgZTragOTR3pvxjsmCEGvHyvN6zrnHLxP_btMCA638oEFWrQ/media?maxWidthPx=480&key=AIzaSyAc-ZJG2uARUs32SfidagTCbx4NBiRLFNU
266,Pagode do Didi,gastronomia,bar,Recife Antigo,1,4.6,-8.0621735,-34.8786676,https://places.googleapis.com/v1/places/ChIJ85LI_bsYqwcRUaBg9jKa7Jk/photos/AaVGc3ke0wAtHKv0OZQHUMoSCEo8S3t6ojvVe6yTd0OTno94MhN8r9Ccsv4beTPl044yHeW9oridaH1_YSO745L-TqaeZcLVkobKdbYczACgaoaC8dEdZwAsFgAJQY0BXl7geyBgFH1TJivr5FwA4hijxSAaS1fRqEf597UOZV_IhhpyBBwb1wMNs7slVvI8W3xIqX_MfipQj5t9dvCX-IKVQ6n3SN5CwEEQLEIXaUb62u2Dv_irszHfNk6LgvnOnX-uc7IaEwGmKswuHetCWbDRMZTNMKJFJcXc0D10fQSlWxNFthjm5WdSJdKI52eCHGHhpt5KhuxXp0daiZis9HuZskIgjEBvwNaolGOqHOoyqFBYTBgOlOqHD5KjM_8oxEl5pjKVkIvdQw6iFWicJ1DtE5w4RF1e_uGH6GiC6vHk4F_GOYI/media?maxWidthPx=480&key=AIzaSyAc-ZJG2uARUs32SfidagTCbx4NBiRLFNU
267,São Pedro Restaurante,gastronomia,seafood_restaurant,Recife Antigo,2,4.6,-8.0671552,-34.8788657,https://places.googleapis.com/v1/places/ChIJlVYKTLcYqwcRXsXUBwL6jxc/photos/AaVGc3l8t61REM6d-iEAavwhwgq9OLRPRB8JivJ56D4YzEOUZFQ9BGZwKPnhbslhOHKCLx3xkz0tbqH7Hf931415BNeEUAXSMyeQW-0J3NRPLfi6I7gaC1-CzVHZtIeyDJNK6RLQV88l_qyCZ5wQ4p5uvGlXZIYxkTMSUNnUJD_HFvk56eaM-c_IhtAG2KpDAEDTGofMZEytDUb2blciIt0x1Nr1OgKeDcd-hipb525XOgwguewrLE-KOWRGJaS63q2BMvtSZ1wNNqpAymuV8oE9g3Fe3sbAmYDu85RqznyCbWhF4WlfRyFiPP5VogkO4-38tcHmZR13OCbOfqY_OoYYScBBA4sbks06N3PESxPTaJ5dsQKlk7xMdqbeB1Aef9a9sXyA5hDR63alE_XkAIkVTLqztw0xJx6Yt-MROfmb1kGl7g/media?maxWidthPx=480&key=AIzaSyAc-ZJG2uARUs32SfidagTCbx4NBiRLFNU
268,"La Ursa - Café, Restaurante e Bar",gastronomia,restaurant,Recife Antigo,2,4.5,-8.0648289,-34.873881499999996,https://places.googleapis.com/v1/places/ChIJM890bwEZqwcRvC-QI2pe7LA/photos/AaVGc3kvO8KK0ZS_X3iyzZstyFCSmAP2SQF8nvwg1PJNbLZXOj1ZaqakPiDB_wiBplVv93w0Ou8hDm3-L96VZuaQAPAYpqvpi8p2BZp4daxCiGygK2t-9JFknOJvAkZCguK2mWQ8pp-b_tCQiJF85ST-VW6dswbGmixR6w6cM9c12bIDwvCHEIuv8zrVqktS6sgBn838bSIKkzes0VGNNJvusEBBzZ_FPDtpt5Vf97gxFve1HM8i7xC6kn3IuNEqNiHaj1eiUBLa8g4fiHFWfaAAKYeCKhQ7pVEbxPwEzehqqYL47gtJIlJoEy1741e4KK1e2psZ_6gaQQycwuaR65u7DYNN4djfENTbpqo6I9gWBGpTZx0DDWHOOPetd-v8u6UM70kYHOD4rr26lshHgbA-WAHrX39-u_EYorpmOTf8qtnXJjU/media?maxWidthPx=480&key=AIzaSyAc-ZJG2uARUs32SfidagTCbx4NBiRLFNU
269,Paço Alfândega - Office e Mall,lazer,shopping_mall,Recife Antigo,2,4.4,-8.0648441,-34.8738319,https://places.googleapis.com/v1/places/ChIJ3RrYy7oYqwcR-aOF6lVppaM/photos/AaVGc3mOC7IgfqyMeYOtbbnLoDS8ciY59iOiCCsul1uaTCEDtWNeP4vNFutKJp70uWb_Yp9eQl2b7Ca1NX1z_haadGW9ZMGeDMYpFA85k6P8fBCP4QdGYbaVIVk9lpJMkiRQnsTl6_wII76sqiRrfilFGYihMXg79mur5yLV3EgQlwfZRW1iBWWXtVA9j4e35XpjDS48HkjXz2tDfsrhvojKwbBG3AvPxwQW4-d9bkWIhv_EOvv5raqc3tMs51r8OkkA2KLtPhY6cfzR7tJ5dxnark1nq-EW9d_p1RBihHTw4omr1TkNxOvmdhL4DDRDYYmpuidS1uyVOjTQ8zrK3NgDTtkTYS7Bo07OO1WkgBr8xjMAJNbNACGWhzNKgfT6CPvw1p6wU40Bd10yNvKciOFp-4HoXM0iOzK-Gz3tKnXuedqR6JEv/media?maxWidthPx=480&key=AIzaSyAc-ZJG2uARUs32SfidagTCbx4NBiRLFNU
270,Parque 13 de Maio,lazer,park,Recife Antigo,2,4.2,-8.0569619,-34.8815451,https://places.googleapis.com/v1/places/ChIJ0WFWLb4YqwcRO4aKbvbxbN8/photos/AaVGc3mbG-NhdAL-pHOEFz84_sRFCzLiSXM5WeB5iAGTnWS-OhN4IQ2-kIbmbGrrQbwWIsSa6tdA9RA7wOTKuSzc59SXjvtKDQM7Clt8fqffDtAw05piiXG-EhoTzU8mu7TrWPysFbdYTnXxZ2zo_kBl_qHYjyqEz2F5TunSigu1QknptLPc7UR5_EG4Lpe8xkwzgmlx_PuZBvAK5S7OhyhzQ6D_zK0LyjsD0Y8Mk0sxzMYm7I25G2Ym6jo5PXYzFIRtyW6ahaWIRwe7VIQNgfiW4cEMeq03m8gMBocZnx4MPKm4CzYu6C8TkrTL89JgdHBTO24aqhFYSDq6qLkVO6GDj2h9qHdFmniI5FHyJvjw5QFmdkydV8Vek12vBJBXm3HJDGHmldqV694Qlk5EyTtcej0FRaJJe7akxURRmuBOYxA/media?maxWidthPx=480&key=AIzaSyAc-ZJG2uARUs32SfidagTCbx4NBiRLFNU
271,Parque de Esculturas Francisco Brennand,lazer,tourist_attraction,Recife Antigo,2,4.5,-8.0640434,-34.868989299999996,https://places.googleapis.com/v1/places/ChIJvRAEP6QYqwcRNlc98ei3TEU/photos/AaVGc3m1p630l8pL2WDSJEPOspjKDJOWUUTF9kfXXmXWeYCMzOSXgf9Xm5U1zMrVYujAK8uFzXExqQaSl-p81lKSTA-syPlHko4LUSM-k9LRkm38JiC5eVNun9Y8vaW2yDmD7IxI_9xfc6ejK13D-3kBnwiH1GpaAM2ljrvSk7uaUfyNuG9QVZJCnj92PcQkwS3772WPg03yiDCVBZ_XQBSdiwDqnbLXswTzHqpeHP3Dort9hzJgnocBuc-Bs97vE-GWc0aIXJTUQAIC1wkTz9tmBuARaMTpEfmpxmPy9aB12QCyId-nqj2qZq-3AFq64zMQxMzs0bcZwWugcvXpzlc3S8SY_qLcnjHrBlTHnmsjAzYpDudXLv_R9oVrlsMF6NMqwOFcLAODU7z0B4GM_u0wEtLxeRpQ77YyppdS2X7eiVTCHZdz/media?maxWidthPx=480&key=AIzaSyAc-ZJG2uARUs32SfidagTCbx4NBiRLFNU
272,Warehouse 14 Itaipava's,lazer,night_club,Recife Antigo,2,4.6,-8.065379,-34.872272699999996,https://places.googleapis.com/v1/places/ChIJHVMHUaUYqwcR-_Z_T85cL-o/photos/AaVGc3nJKOsgd3-iOci306IbVaEVPHrFiXPRjwZ0RSJQuA3kL1jldd-r3YAEJDLR9ImPX_0tk0HeuiraqImwZ0kSw1u_R8Di5Vx0QAYVdefPbLf0G-bn5dp-lNv1Vq7UxXw03RycGtl7G-0wbupnnqXDQueKh3oWxe0n-ikGAFbDyX9_htuWQKF-AjdR-uTeIyabYlZEOQz_HRsZKRdGyFiUQPBIq2E0b3hrOsX2dXwmrPYpEuh-cuqbi_o7SVkVeMBfeOXKFtzXPthU6KOAzWiE6CDUjpiydO2E8mb5iuHZZTHaaRwjzleSnVHXDCu8D4HkbEx_KNRfh4fxlXNR6wOZN3vUTH1K5ggIDsdA1Bgan_uOsYIWRcSXX1F67fO2IXndwoTVbADY7Gud5AsSZo4FBLbsYQvFZpLOrGvghX41tu8peI3V/media?maxWidthPx=480&key=AIzaSyAc-ZJG2uARUs32SfidagTCbx4NBiRLFNU
273,Centro Comercial Cais De Santa Rita,lazer,shopping_mall,Recife Antigo,2,4.0,-8.069232,-34.8763589,https://places.googleapis.com/v1/places/ChIJga0RbbEYqwcRM8YFwxUDRzw/photos/AaVGc3n2P9ZnDMZvJyV1y8TNZNqfTJ2DFgcNRpdpib8GZAM7AyJJLV-1OyqDvw0Q0f44_KmPI3mj_SknKYWead1RFnhCcrBwVbHW-ukDbQavDYWDm-CtaV8-aTWrGGLGW9T8M9lTRUZsB0TosIQd21h6TbWBYh_O405L-YqL7SHKlbfGaV6dqitOBNbD6nFvsdcwfKlkrDtPS9yLbmmgn9y0VMVG5SW4EoblUwxgYjNbZFJJXflScgrJftVMh1nXxmuYUjln04NLdCcwVpMiSMvGPV0d1MBdZSX3LrsRhPtFGaiX-rGBwTy0hNZnHCHDv7pQim-Ginxivqe34OqAD83bRbfw1v9e-YgygxpSdWwT6tK3Eto_eUISbOlr1aIJwdIflqF-LEF0PElE3Tfzo1juPbxXO0_e1Ynu22P_9PLptU3Qfe4/media?maxWidthPx=480&key=AIzaSyAc-ZJG2uARUs32SfidagTCbx4NBiRLFNU
274,Negros Trançados,lazer,store,Recife Antigo,2,4.6,-8.0609207,-34.881820499999996,https://places.googleapis.com/v1/places/ChIJNxYHREsYqwcRXTZZ86f19Oo/photos/AaVGc3mT2oco9Fmxv6oN_89EQ5By-YOyaJDLEoA168gLbQEPaoPsknsh29guwR9r6pJDl7fG2YgiIBWFw2PHc9ZUGE1sb88NErX6Es3R-UjYRtdvmQD61kvFIE_oG-CddAQcXTzBh6_00wnrIcxG68mfd1jJlIT_OCx_eJD8mS-AOC_YIrblIjkWLlqSYWUR5coDEUOS-tC34RcUeWkYS_YKkAMlV1mwzmuI9p4wrcj21CDFYYpDvkcfjwzNjOotTp8gFdpKUShkDQldB_0hxjJIppmYcpaPVDT-d353Ai07lPjb8AfIH89BfDdhC8_F36PcpbVTGTgHIlE0EjuwH7dc75hwLUqxF_oWztl-d5rMxCzJ2vsto2fQQm7tArv5h4R6gyS1RWTUCgJtg6IcA3pa1KxHYchemtypPHtjqb7Gvc1C7A/media?maxWidthPx=480&key=AIzaSyAc-ZJG2uARUs32SfidagTCbx4NBiRLFNU
275,Praça Tiradentes,lazer,park,Recife Antigo,2,4.6,-8.0587306,-34.8720535,https://places.googleapis.com/v1/places/ChIJBXNS1RkZqwcR0WfWhj5FPt4/photos/AaVGc3kYDYZAg4l3QqZYnxT5l8I6irDCSrUJouXqsLwa9GsIic0lbExHruypaOASdzCNPt6R13bV2Bb4ZgJGhzXhryyQioy91OeSfzB9ZIoV-TGtf7IcmNSqIsF27yewimdmVmRxInI15yPqHTqL7SNQBnXodCkWLXvFwcYkKBei9qJmM6Ia4WBL4RFK8Y1-HCChonzI7mbbA3BhlRsWkQY3dyV4zBePlCKZ63f3Ivp8XbpDr28LxcdgS3Os3yu7hOYIFKDBYkoVhHOcrHfO9NWdwM_w48NNJwZtlBKHRKWolDYdys-zpSGEjjvJvuhoRuvG_iPSaHV9QgRf24ATl0mKK8fXFH2oGWmc6HogB09OclS8ZlEqTwqcDEAJ-J6kK5uU2Xa4_ZoD0QENjiiPJmUqzgChkQkpsJJIwDceOXO-QkALCw/media?maxWidthPx=480&key=AIzaSyAc-ZJG2uARUs32SfidagTCbx4NBiRLFNU
276,GALERIA MEGA CENTER 909,lazer,shopping_mall,Recife Antigo,2,4.5,-8.0686623,-34.880635999999996,https://places.googleapis.com/v1/places/ChIJU03ZP-wZqwcRs_9qX_lV4mY/photos/AaVGc3ny6yHRE6lhj-4-BcEaGtW0Lv-KIBqhIOm_vbfVJ8qtG9QyJomSieadmwj-PWo6upwCTiWhXsN6H2xlcDEaqK_G41BNNt40MTGs4zAQ_Gg17dGJxmh4zMzKW4LG6AI4veMyW3fHSN7qF4TRCSfTxPzcfwhV6nkbRRf8rqsOH55-6ZG-8FW_UxCemdI5vSOa7Y3PSwaMBbCOeayyYOrZ5K71h7llbrLNsfVaOjmEU8wvvZXyQTiQzR3qYRTFS8ckFCn15zzV0jfUtBQU8HiuKoI4sYIcQVzUScizzlXVDZ7oxr5LIXZMm3G7jDgXcxY04xtM_XCEPus_aPPqpkMReJSHJG4bvNOa2OsHeqbWpkuMmH_p29Uib-a5FT4CrqWg66Aq8jS4SFPeyNF4_i2YFJLzSRPm0n8CXQ2ybg0qa9Sjgg/media?maxWidthPx=480&key=AIzaSyAc-ZJG2uARUs32SfidagTCbx4NBiRLFNU
277,Burburinho Recifebar,lazer,bar,Recife Antigo,2,4.2,-8.0640438,-34.8731467,https://places.googleapis.com/v1/places/ChIJa9mA06QYqwcRUpnF5pDDfwE/photos/AaVGc3mCcVUyJICle5CEj_0ejV-CyvwG-jRVkRV-xjg6ELxlMnsBMnRVVPxdCeYJwNJCf0eWGWHgk2pDe4Npb-7Vrz3MGvSVj6hY8jW6bQXDA4nDikzkSQ0mHzTo9N7xhr1ywS6AVxIX9XhUR0uR6ze8UECE25p3vmoTEGqO63Z99r7UHZadOHjQbBhgQbtn54Mr-CubwlCFPgSROX_jaff5G-KapAd5GI6rakK3TbfDovLaB0KT4dKcJ8nOMLIx9p96mbMZe3ASOS941I2AWzUPKNN8htJy7R6VUEhdsQN4sbLzrhw0iU5x-nsNQWbBnaTkx6cI5LSjzY2X0PrYOV7voU8ayxViMqPKway_dqAGVIVdk4Q8X4E9NVyMRPpNjBZWABLqhr_s6fU0rTMv57g1wxLMG1HHcLEWbH1V0NcEcZW8f0JP/media?maxWidthPx=480&key=AIzaSyAc-ZJG2uARUs32SfidagTCbx4NBiRLFNU
278,Aurora Boulevard,lazer,shopping_mall,Recife Antigo,2,4.4,-8.0605446,-34.8809615,https://places.googleapis.com/v1/places/ChIJv-R8OJ8ZqwcRRIG_s8FJijA/photos/AaVGc3mQaK-kHZ4iSK8WMGUjjkJ1wdMiZYrK1jRzm9vkAOPov86Np72ozug6003a5bPp7AYAOM9KBI0axo7HlpcC8iv4G-o67flq58xZbco7-9FmOGNapeeXDXtYTfHfWjT93IVsu4U48N0zjzorXO9_5g4MfNTYlrgOfPeUhTKQpaGfRhgLQfEFk3IZQi6hJAXnoo_cW3k5rrVhOiBdMPZ35zslAvKGCwNlBAY0m06P5VBqo5mitr6A7vJ5F2PQFxS1vFpWBXEzTC1UsPY34NB-AtOCmJcZhJOMXyBT84rSVGGhu0uHTDvLTtR7XGKREaxQXATd1rSRcb1NyYTDcw0CF2gr7i0msaO1eL0t7evCTD-kOyMBaWlEsN0eMiMpwXyU40c-BzInZwrMy88yPwERk0gD_Pmm-LG8At_18cLBuqNx8w/media?maxWidthPx=480&key=AIzaSyAc-ZJG2uARUs32SfidagTCbx4NBiRLFNU
279,Calidus Dancing Bar,lazer,bar,Recife Antigo,2,4.2,-8.062738,-34.8721251,https://places.googleapis.com/v1/places/ChIJJ1bmoqQYqwcRA1umhP7nqCU/photos/AaVGc3kXFm2zg_1aAGe6C8Rpx87usfQPUEsPo2bM-J7zlK0kTedX4UxhMq3DVea9IlESPwl68gszlDn-dYbITwDZQDxzgrboThuivTfqxms4-P2R1oogN4FblZsvHVHEEf9Q9J7jxcNBgHy1w6fGav1fgF9Kzi0JorDxhxYsd0GNJJfDEentlA3RCw-gliGPY9CCUuBiwf5RSeP2sUgl0xit_-mbOXIvgupY-7MRG_69_PhhrnYnX_nniNlCg4f2mhwSq_gzVk6nU9kq7RC2P1ae_XlNB41bmCP6yK9CemD7qx2NtbbcFYnceU-aT9vVa1z6cihQTrBnjP3twqBGf159BR6eidvUZlxLcdzHs49av8DdjS3VEtNvpclDUKu_pcobtIUA7YLVNf3Ww7ZRvNMYDPNS1y75NCcR5mCrdpmAZNwWWeOt/media?maxWidthPx=480&key=AIzaSyAc-ZJG2uARUs32SfidagTCbx4NBiRLFNU
280,Parador,lazer,night_club,Recife Antigo,2,4.5,-8.0542451,-34.8777015,https://places.googleapis.com/v1/places/ChIJVQiakpYYqwcRX5SpvjiQrxw/photos/AaVGc3kT2BDiVcmcJe8jT7B8SIgMm6xkh3OqGkiblGPyuRmtCtIVeNAQwRwzlKQe16tITtOT2xxOxelcZWldyAPC1dSXUEOcBurZZSMcCzcqwYEFnLjscPVeQMTV4dHFDbeqBy-VNWCki-wWHeTRIfc2rq_Aqu4Q-wWaZ2xqohPfKSwEDmUyfvG92F1Mq1vDmZ2maPvxvXv4wXGqgCQvfOccP2tZ_X_1mkbhCJWe8MbijR0lNaYYsdMW7b36DTcpkk7ct5DjS4Pl0-EQ8K84Q-ubJ7cRJKGI5MEHgGbd_3c1Yn7HWOyijiPhlBou-NLNk2mH9JAsuZL4Jfc2rG8iyhCbk_GbKDP8RLwU9yYbOUYoZc088HBUP9B3TIOgtA5q1_Q5jN_k_bUYg4kSx1EnKe9g0s9cRLhBIXmUzvryP1Mi0gOgHwfN/media?maxWidthPx=480&key=AIzaSyAc-ZJG2uARUs32SfidagTCbx4NBiRLFNU
281,Praça da República,lazer,park,Recife Antigo,2,4.5,-8.0609136,-34.8775609,https://places.googleapis.com/v1/places/ChIJK9phFrwYqwcR3Ckt6Bh7Auc/photos/AaVGc3ld0eSGGtpqUkOA93RAJjGP1g55QUSfZCDWTxySm51PnLx42_BR-8uIMI1z-Gcylao6a_3H6A80bb7B-gG_FlJUMaB3XqjGUWrJv2lDywDGAPUySS-CYORmhHTv9hLYcV030tIHbgxm6hhrqp9l2n3glmNwZjiTpHrDc5QiACy_oksFMaPfjwgWMZhR1tDZrQyX4waGymrlGZCgZ2IRUWjKEstt-B47Yi2_N0sPXV8vLrnbY1Fj-ZDJdsB47aE5xnRrj_wG0xlgIFePlt52oL9mqzZK1yC8vZbShcewgSJOS2F4N3bkRtcokEQxX_a5yPyBeaD8hRtWhqljmNhTH74j0TAKc3bqD_dM49Mi-N-MqFGD2CFaKarx92iBgwXLSZyCKtCpjFF2JuJ5UO8QnBli2dFUq8wHWZy9u-n2Kta99Q/media?maxWidthPx=480&key=AIzaSyAc-ZJG2uARUs32SfidagTCbx4NBiRLFNU
282,"Edifício Tereza Cristina, 63",lazer,shopping_mall,Recife Antigo,2,4.4,-8.0622013,-34.8824077,
283,Pier dos Ciclistas,lazer,park,Recife Antigo,2,4.7,-8.0711111,-34.8757369,https://places.googleapis.com/v1/places/ChIJ41fvhrEYqwcRqlpOzliXuNg/photos/AaVGc3liaeFfuAABB2z-Udg5QbW-D5ooNiP3N4durCt-QjB-VVCB-U1PLs68c54qglPwBENBmS0iTLK9wG7bVcg3pRI2_hQxAsVPk1kigYL72LRBwFXga0ZUzAnYfV04cYeHv1hwBviNJSz0foPz8Prl-tunU5u8sO_3erCDRXdjsVMBUClpbNLCLy1QxvrGBsrZiu6vPUb4rAVmmZ9E2NOe_aSj8GLsrYpaWOPHxJOdhKkTASVpD2NjuwxnmouJ3tNfEF9GiDoM6OZYwUGWaW7rvgi_ygYLFDkn2KFblD3OffsrVDyPzsLrmNGjeCCfTTCzS-2FvTwXJ27V4vhokSnWpInI7pqPCgZ1JoMiGUeAWQbG-D5Xla4kQB1x9l2Tfg8m8YfLiFCmiAlCY-YT63YDqxRYeqYtjwQ4SVPp43fJkQCC-g/media?maxWidthPx=480&key=AIzaSyAc-ZJG2uARUs32SfidagTCbx4NBiRLFNU
284,Galeria Lapa,lazer,shopping_mall,Recife Antigo,2,5.0,-8.068526199999999,-34.8787969,
285,Cais da Aurora,lazer,park,Recife Antigo,2,5.0,-8.0584392,-34.8790905,https://places.googleapis.com/v1/places/ChIJ9SQZd38ZqwcRVYo62sqgD58/photos/AaVGc3kGpx0Lfe5z2VjMIzJXIUDUFx4aYk5IxJvyAs0mCniMGn_7e7la211DfpRv2mSA4CwawA22dDNQMu72kYFmf-JcjZT-F7blXJGlgBMtUkAhnfi_9YznJ02-_AdHUsRBjDmiVjGhVhfiDEX9ECBgb0bGEl4UE9U6spyOl3UbbFequExUSALwCU9Ywa52xJB5Tjz3oHyOnS0GwXsDHc-40SQ1UTkwIRquF4K4lsqyTNK9My3Xh8KblXLBCJPzzCWAaoDkS8Jka_NmAHJHKCdbsfIe5eQb5IKc0JgS0Gw_G0CvGEkzObpddIDFIRQxs1-oBsE9RNv46JJ0PyhzHrjOMxCigyEDetfbsYdTdxejJ4M-g5P1gmIJ3u4jdc4gY2z0wMrKDOQXCf87ZinOzEXjbFqd9dJNP9eSqLQKR_4tiehJMbY3/media?maxWidthPx=480&key=AIzaSyAc-ZJG2uARUs32SfidagTCbx4NBiRLFNU
286,Praça do Sebo,lazer,park,Recife Antigo,2,4.0,-8.0631493,-34.8789266,https://places.googleapis.com/v1/places/ChIJ__-v2LsYqwcR4i0mbvaC97w/photos/AaVGc3kW-pbRwGsruxeWgMerp0kp-wE_zy4A034GZfXCbfK4zvutQJoen8RiTkKPGNgxG_50y2rf7g_5Ia1EWIHUGL3cBSvXpxNR17bYhbBRr1aJu1syFvf-ZSjZeIjR9MkHKjjPKemQ3k9bPlgUalq-espmhF-xD22enGYn1bq5pg5t0lxIGOFdLLpVnKUuQk0IGB1ZKD07jVBEt_WMdWcbp855z3taRYWj6MqxeGvvg0GOYByXwEfxHvSoJTY_dauX6IrnmV4BZjq88DhE_pC3vfr6OwfjMxvOjweossdMvwTzRI-IhyOa8kPjlwgY2H70N64YDvJ46RV-axzFFxAN9X40kuL60ANR4zI2pDrSRj2SZ-puBnwdAUzpu65Z9jUjrf7L2OVQH0lGl2k_MXy8W8qRAnGSdjMEtiDfK06fG4mQrcn_LRy3Kf4eXlmnsQ/media?maxWidthPx=480&key=AIzaSyAc-ZJG2uARUs32SfidagTCbx4NBiRLFNU
287,Empresarial Maurício Brandão Mattos,lazer,shopping_mall,Recife Antigo,2,4.4,-8.0593938,-34.8718989,https://places.googleapis.com/v1/places/ChIJy-Ob6KIYqwcRjUP7swVJBEc/photos/AaVGc3kUpoPhWRNJWwOqTeAqUskRVTlEefqyI8T1taILIe0QRIdsCAhH5gYws2CMwFkaxabMhTjr3ro3Z-2SHNIJl6TuxulCRbekRFJbkWK2R-GTxJrME2DRyoCUZh619Ve_PRq7xyK6OhuI5IAFSV9Ns2qiGWq3EJETLx2m99G4OUQi6ngT-q5s1umxWiuKXbrSYeKVlKWaZmxhI99tZ4vpC0RFhonCoEZFoXMH282bFJwY2ny61SztDArTjcUZMzrJRrWgXy3d3yR3IAGnyZJq3sfDaGwgq4NZXKcAR4vyva6d5-TTvN3tyMuIoFAT6fPV5IQiyFj5lrGh8Tyfr2NuP-gYc0qNyFvkxlfiDFV2fp7LQfCEbT11khmso2ei369yAZVDQxvslMxg7qBN2thnehLuMe6clLqNs7Pqp-HScoqmJQ/media?maxWidthPx=480&key=AIzaSyAc-ZJG2uARUs32SfidagTCbx4NBiRLFNU
288,SMARTLET - Recife Antigo,lazer,park,Recife Antigo,2,4.8,-8.061602299999999,-34.8705561,https://places.googleapis.com/v1/places/ChIJy30noE0ZqwcRRtTY1B3bZtM/photos/AaVGc3kSr9RCpaT32n27yD_sEJrpmm14f0rrskUUdpvovvGE_EXT8uXbTcLlfZjH4P5NisfJaNoWuyrU3wmmW2fElfxjXFSW5F3CLpQ0VPlHGhk-lI_DfTl_Z1-FWHEmy8LKqlVju-C4AXWD1EdkSrysv72AMbGzGR3PpsLmIdSZ4-oNWwEQWrR7XXNAUR-ZGnrloYZenvcijQ5tiY-_FupH_M7ZT_f9EfnY7jY8LSg1NfyIp3j_3rhj2HudWYaPtyzpSGNeWJ9vbYKC15ay8TU2ycN8u5bBmz3R6xdfiD9xsSHwDBAy6vh4nF8HuFkpksrsiV9E9XTNg1QhUtIcdFb09iT3mte6zN44pbI4dTatKDlVy_-Bi8WILt4z9Twl8Qt6OBPYa2Vu-AbV_pc-942jYmytgcvFyCUyFGhL43cC_eWTftE/media?maxWidthPx=480&key=AIzaSyAc-ZJG2uARUs32SfidagTCbx4NBiRLFNU
289,Praça do Marco Zero,cultura,historical_landmark,Recife Antigo,2,4.7,-8.063102299999999,-34.871201299999996,https://places.googleapis.com/v1/places/ChIJRcEDj6QYqwcRJAoI_Tis9A4/photos/AaVGc3mM011STvtwR15xpd2xtDSi6Qqo3mivdKo47fH6UmMggt8Sy8y2qytrouyVdiuAVHVRU4nfthL79f0e77uV0nIjFmPIfb4QC-9tH5dnOvAKoGuArMgFP1zhgqEfhgIAJLnKGSkeEzdDbpV8sScLDsJQwr17Z7PGx98z74A8-IR2u9yg7A_mP4WWVrAp1pyqlbkeeQNjnzGIZYIlohIHqtRqO2wI-We5oDsre0XckjsmDJ-5DmRVk1XiNEZ-ILmsHlW6b2tFNH1bBExQdzqK85W07abJ9PzbTvv-Pf0VZEMDEEBnXFMgzxm4lpXjQS80kHVoFJdPVexuELla4E6d9J0OPiw0eWYV_2bCVzgN46qwuTt8cBH7EqKS7Qn-THtY3XVTpL0y4cAwccgGrOpry4dKlgiU7cLj49imGtkPCy6OXg4/media?maxWidthPx=480&key=AIzaSyAc-ZJG2uARUs32SfidagTCbx4NBiRLFNU
290,Centro Cultural Cais do Sertão,cultura,museum,Recife Antigo,2,4.7,-8.0603021,-34.869999299999996,https://places.googleapis.com/v1/places/ChIJJ-zmT6IYqwcRXb3PatX3Z78/photos/AaVGc3kcoPEGhfV5b5eu3q0IvXLogqfw8_SXekBQCBShzMl4-nG6QACG54gnY_qTnX7XRQdlYucMOmg88idHzyNlmiNAhKUbt0UYVubCXY6tU21Gn-m47DgtuvPlPPJMi_tzqQbtCr5BjQ2j7bnZEKCUXjrROeCc_WHEu_lOOFKm4WSmxZWAxGuB6ssiZHE08VGIHNpq4jS761Iue1p6_gdCuo3JWIM9Y_BRln8R9I7CfgocVcHivKmZrGXetwyvVcPe_WXN_pY3VC4OgGYCAMV9iUrt77tceF_ajYjTVdzgdi2IE_MmwfhFzs1visNEz0uI9ST3uZoHbgy5b40EP0heZWg7K2yhEE91cD6JOeA0m5-VqUsVK16-CzIYKN-8rkO3vNtaC1NKsQ90g1BsL3caxetXFmp0hpIRG9AvFDyIlNcpig/media?maxWidthPx=480&key=AIzaSyAc-ZJG2uARUs32SfidagTCbx4NBiRLFNU
291,Paço do Frevo,cultura,museum,Recife Antigo,2,4.7,-8.061397,-34.8715486,https://places.googleapis.com/v1/places/ChIJhddea6MYqwcRZLkn1P3Hqaw/photos/AaVGc3msrgZxzS4xcr6u3OgcJ2wSf_cbeMSeMu_o92MB_v8fp9rgKmaYR1yczaTyYixn0YDI8C57pSs-eTzqdU7d09XAWwWy2A1VjhIg1JbG9JhItG7bF_J6ioVbwvzchL6grn4HuqA3Qo9Gz9Kkh0n0I4ieDm6TzjEbvHLfcVVWC9O9Anup17GNKDkDgGCVUf7kvDkMsn_8vgs-V7aU1axC7r0i_ND6xtoS475CC-h2Q4yURximjTBdmkvcL-ABt7UisRtPXsdcQ5Tt7s5TDmT0kaFHUZH41Zdkd9uHarrwh_b5P4ejSqoAMy14_d-JghT588irD5sGN_vh_MJZi2LcR2NEFNcn-RuQWh4AJ9-omdB8Yi1ZefxtQqKVHy_4X-0IuonGbfyUrz3M9zfKk-Pk9N5OGL7ffD6BL-pjw5RgIvPdPBfEjfg_xH16J9a-e9ho/media?maxWidthPx=480&key=AIzaSyAc-ZJG2uARUs32SfidagTCbx4NBiRLFNU
292,Recife City Museum,cultura,museum,Recife Antigo,2,4.6,-8.071733199999999,-34.88086620000001,https://places.googleapis.com/v1/places/ChIJp6P-JLQYqwcRZTIWlyRNvpE/photos/AaVGc3mPoZsDF-I6O1EBeUX-olw8qm_4Pq6wuqOKaNaXWG5ElPuKvq2eorK2_KY-9USWYgTf-K1s7KQZGxwjmaiN4BU9bZ0Ju8ECQDsx12MGvxk6ZYB_zR67_OMjlyO0qzoFeL-rGHIY_ZiSuKr5tgvgcmcyQZA2G-x76PvqrziV0P58FS--rtjMjMGTRNPQMawU-0H1QMokh4fM4PusA7sH34iOg6rS7AEL0qE171848Y-gOw-JWUNgxNiuaEg2keai4ja55j-7AP3h1vTCmYwDgDFt5uGcad5byVP48iiSlfivdL5K6AEdlOTbYV5pt30RUDUJl61cynx3goXo0DhUzS_dchqMRWRAiI-WnwtSCVLIMbuohIzvWRlOUrC5h2i7pqFRmVOcbMxK5WpHOaILECaciNv_NWgnwDXwtv7yfgQaRED6/media?maxWidthPx=480&key=AIzaSyAc-ZJG2uARUs32SfidagTCbx4NBiRLFNU
293,Palácio do Campo das Princesas,cultura,local_government_office,Recife Antigo,2,4.6,-8.0600182,-34.8774533,https://places.googleapis.com/v1/places/ChIJ6Z0ISLwYqwcRbd71FPFPGss/photos/AaVGc3lkBuj1tK9hlr9sNTUznxMN8FN-s6ksu4wmvn8n4MZi_9YZNV9FQUKX-1nclZz9a_GVjtqbntDfvjr3NsfEjJ4W6yY_-EsjZvYcyKSOA7j9TWApIy6h5chg46jkrjxU_k_eEj0f3Wc-r1yuHA0KveGpH9XI0Dnzeg-SeDqiX-w8bCfkNBHsqZJDvAlRwJYH-ZZ0sEolUTHvFE6BlHCAFtIRBteWymPKCrmOanjqOBiuLcVHvjCE7m93MB-IEZno-SNh5G2JbEUXFW8SYKcHdQPCVtVq3toy2lA7-gaMhmlxLf0--BUW3i8Vee4DZlJbVGB7p4JJ6IJSoM2_-yhsSUDt8Sz4ZsiK8bDSCcUJskiUkzu9yzoTHCc15PTJd4O25z3OhTdorFjWUYDZvYT4yYRvwnGMNinFaFyveAXrqU6TZA/media?maxWidthPx=480&key=AIzaSyAc-ZJG2uARUs32SfidagTCbx4NBiRLFNU
294,Pátio de São Pedro,cultura,historical_landmark,Recife Antigo,2,4.5,-8.0670234,-34.8789351,https://places.googleapis.com/v1/places/ChIJg1Ups7AYqwcR_L6KHivAhnU/photos/AaVGc3lFPJn2a6xuiNxo513PqMeveffe9Q2kpei6ubV4iYCHp4dfLqGTtdDHGu0WSXjfK31KbPCjAb58D_2ffvKh23aaBCa9FBdQcgHKnGEpxuhbF01b2bEAxCivT3ER3WycYNjVk0CoV9TYmy9Vu2msEcJYPtH4qBT0F9DBh-qrbpCz8HMCFg484kmEI-mZKtrRWJ2hn5k94tM6II5X0BLDf7es3h5WmtVx759bSUVW7my6xdINZ_HheMo1tLcO0aThERQMtlYrGfO6fsUkJRzdLbXFzOuBnBD_ps7BGX4EOO2TCS1gkcQOCIpzu4sGdiBCNHQsqPdx5n_2Kj4LWHdnl_0QPcFuNchY9YKZhxT8OCBcfactU5HR7FYJfR_OVYG_5onQQWpoc5NpaunlK5q6XODZfXylX8Oa1BHbFBeghn80Hg/media?maxWidthPx=480&key=AIzaSyAc-ZJG2uARUs32SfidagTCbx4NBiRLFNU
295,Forte de São João Batista do Brum,cultura,museum,Recife Antigo,2,4.6,-8.0531008,-34.8711054,https://places.googleapis.com/v1/places/ChIJ7eaEnpkYqwcRi45TC10Z1Jg/photos/AaVGc3m9QBcyFqAlcLvoWzIAJm9ikm40lL_NwBnsYLtLHraEbsgh7kjU_EwxpL25kW-XhIlppRDqtN-BEOTxh7TAW1QmTanQUpefnCj8Z017btHoQtNylLFkQjBTCeJNzLmmB14qFbUHEToWkV4NaHinVxQehgHpx0hEZF2qCe4frGY73oyP1iH35VOHBRXMMINpy7CJPS2hg7xu3Kpf6HYMJcuF32rls9Y3Xi9MKdQAbATW76xx47L7umtBqqozdjaETanZkpv1gsZwNnQ-oLFy8CAcln-g2vN1JwIC4MjBzsrpFXXmv50eVJiM9pHWU6XFOeMni3B4eBQQ6Xa5dOaFRlf9MeSV34W91B1tqQvEndJn3wHlYnw9OCTfORe5ytD0sosaONKLIz0RWJGqQhV0uebexTxsgiiQEQHrKzxO8I56NcjS/media?maxWidthPx=480&key=AIzaSyAc-ZJG2uARUs32SfidagTCbx4NBiRLFNU
296,Embassy of Pernambuco - Olinda Dolls Giants,cultura,museum,Recife Antigo,2,4.5,-8.0619449,-34.8714142,https://places.googleapis.com/v1/places/ChIJHR6yZaMYqwcReQ2c-7DBHQg/photos/AaVGc3ktBH2hydGwET6egqMHn9FceLpE75_Vyp01Xs3AwrP9_OD1wU2ewyMup06AOlnDcs2sMwh5oVs9F49dM524GrA1ThBkoboxCUEqVM8oXF8rIwQY13K463uyPeiL_ktGyXvOi9-KZF5ogz1MWqnTS581_zUdHDzVA4x9uyUSBzEphxRvXY0UCaUAHp-XxSLHsQOoz4ojjK1ZLq7Ba4w0srw52zVVlXfZ5qRhrpCEMqGuej2no84p47KRyYksXRvsrgWZ5DoUwF2t4J1vf4jMbV1CvBvMM95cFggnCblk8a2OaygCcDrAJo8lxpDe4A3oeXr2O22upVwhs3IaO8bAO4TNISbnNnys1J75yctezE1UMsmUgdxPHQ4TmLgXOarNnNEObBtDpXuD6Z7gEGNm1pOtFZRfTa8fpBcTcsFqNFLeQw/media?maxWidthPx=480&key=AIzaSyAc-ZJG2uARUs32SfidagTCbx4NBiRLFNU
297,Basilica of Our Lady of Mount Carmel,cultura,church,Recife Antigo,2,4.8,-8.0661351,-34.8798293,https://places.googleapis.com/v1/places/ChIJXVpNULcYqwcRivx1L8l6phs/photos/AaVGc3njyWcEf_rZphLjKhDUnSHOiMi2vwcu2QbRLV3GB0n7Mgc0RFt5EFMuSAmTiAtdabBGOolGt4bcVazV6mS-Af0SlF_9gPAFjMSD193Z4FyH2fxWdQ8ZffGv1jBBcnNC-gnYY69-zYW8k7gzcUHZR1aF3FMdYHyyIQDRTefZUA3dwEZMEgsec9-Z5BTf_ydwzCzkAMuYWGEAXUhgerpW3mTMpPUQQvkfmoXm7vlkbPflxJB58sHrLTtIK-fAkF5gNYtdjXdklc8NnQu63g3DxE6sYAvyF6620oeFeEsTtjrbXiZmks0cajEJXYFZLvkaRJ91Zd7jp6L4QVZVQncmBAbdnUxJRh1pzLa1BH3h_xQURhBfrRXuYHByx-SWVI96BmB2Zv5WlW9Sl2d2Yj5nd8NMQ5JO_nKY_xe5P9El2vEAYg/media?maxWidthPx=480&key=AIzaSyAc-ZJG2uARUs32SfidagTCbx4NBiRLFNU
298,Caixa Cultural,cultura,museum,Recife Antigo,2,4.8,-8.0625958,-34.8713013,https://places.googleapis.com/v1/places/ChIJ6bmPhKQYqwcR9M3rfIbVFXQ/photos/AaVGc3kyfAhWJWEiw6FZTDm52wdFqcmYobl6ghEuJXZeMpdxMOc27P9KxGux34LlM2FtPzz56NGiWYs8g84hkKhkFDiSym_dxfGlPyfPolHzD_LlAMEE850zUnzOxJOFdH5e2g8UenfcbhOzgDh2QwvFlTZjKEV6_bAnrJcHmsJa4weUCs7Bh6Yg-VEhTpe3FyHSqkUV3fxUuCtrUq9kH-wmBR3K6b9oObaZCdRwQQbCaf4yrNzTZmD7ylBzMpGiDtEeAhQmjz4oDs2-nFVkEAPzKBOhlqW4vfd5UGj-HhGuUY7WdKIQxPESOmhRI9Sa2-ElwPn5ULeVvgauoghp4Evq0WXo62NYNrp52iuB4AtX9AYX2WWUqKpp-VQTFwMFR0Z0I8C3EsWM8Iw9L1jb_evuJCJXV5XZrfR_gSFRkWdOU3Tui2B5/media?maxWidthPx=480&key=AIzaSyAc-ZJG2uARUs32SfidagTCbx4NBiRLFNU
299,Capela Dourada,cultura,church,Recife Antigo,2,4.6,-8.062323899999999,-34.877446400000004,https://places.googleapis.com/v1/places/ChIJY88OkbsYqwcRK84ZfHqFCv4/photos/AaVGc3l-ZdI4JKDsO-qOE1gwDeRvakU3_C2SWQywfZ63Yz9ygxUMY3F-f53-wDROrV9noFJq3Z0E4fG2kZgswvldpeiKmqYp5yOxm71ekDHOI80FEhPyE_1SIHAMA7eMMg9MCd1jIgMI45v4tlA08UNOwMwdBOke7WrMnJEKdrTifGYh0j5AihcKJ6Xv1aQZd5Zl9u636BUnBSJxZrh7t_7-LKfCOemRFgO-4I7F9fFAg87qLpMmn3KAr7iVw5Eh5l9jtsQjf8vl5i96xCKGkRF-c2bWIyFIVw-KNlI2pOR1EkuM5sgO45AF4eBDGEMmvBngV9vpn9w49CKCFqGfqtrEOgrJa2MbtML7R4e5xw-HkH6wSfuFA9NN_5AGcLA15wJNrlGSgzSQ58X-OL_lPeTEbcyAv_dmaUdlStiPS_01UhVIsOQCYkitQHRyH7-gatBh/media?maxWidthPx=480&key=AIzaSyAc-ZJG2uARUs32SfidagTCbx4NBiRLFNU
300,Artesanato de Pernambuco,cultura,store,Recife Antigo,2,4.6,-8.0639281,-34.8718017,https://places.googleapis.com/v1/places/ChIJJUw2SaUYqwcRzJtRquMOTnQ/photos/AaVGc3m5kaCt5i4y2_iz8SLvbeqMkns11rsQfOWaLNOr5oleu6CSyBm-UIiItgw3G2Ap5SqIOUOhEJeLhCZI5prq9Ov7s0MaUWS9FsMR0xC_0YIJu9kwO775oShFZeG-76uFuLlw6z2eIZxwGpNkujoqIyneyEQQh5F9Vy_944u5DEoui79MT5d-nSW_-fr3ZZDTyJWhGz2wPk8yJMC294-iFtFJcvwAoEdZfQFukxPLtUvxUZYx0ua-UoGeM7MCGefLDxNZRHt11ZcsLmfVHs8Q-XbCLMygkKkFFzAJD133qlJW_N9j0rhTGO1QV791IV4Fjw1v3ZOYxEDoT1Ngva6nE8k3_u4s_zg0si2xdlWto9bx1CmHnKq4qCj4GFNOkU4Ib7Jns2uF8j06vihI1_xKUBVxK7TiiBDH6r7Y5SrNBElv9oN1/media?maxWidthPx=480&key=AIzaSyAc-ZJG2uARUs32SfidagTCbx4NBiRLFNU
301,Malakoff Tower,cultura,cultural_center,Recife Antigo,2,4.6,-8.0608269,-34.8708087,https://places.googleapis.com/v1/places/ChIJqz5pCKMYqwcRJJsjpRzl1D8/photos/AaVGc3kFA7so_HBG7An3n5rcas02NmUoA0eoT3X7DpNIBzCyKDoUHTfWGhPZ4CDR1ZFRDpYaoB8jels-F8ra7EVCTVAYKxei3Sj7EKK8rxmIhPCOLAlMA6WeULZ0RuSAz0Oqa10ki38R7XC80Tg8M62SbD8ifNP8lAb382isSxmg8HBtPdoQyYiue9Xj8uZAlg_LXfdUJU4Fzjhh-lYyrjmwTaZneuz5URtEKBqnEy0d6pG2NUpG2zS1iKufpNQxQw6uETRLnlANaTkLmXxHxBgmhEvjsDwQ-qMf413OwsD679KVNKKoFjPG_0N1V9YEVMX2DrfE35u57nJq21ww860KCfKJLacvk6N4yKTw4m2OjEHFePCEFk1_cVDP0jg3xYLZaGG7pep8JlXPn0bGhHsf578qtLeooxTG1-8DhHc_Jf7eiDzS/media?maxWidthPx=480&key=AIzaSyAc-ZJG2uARUs32SfidagTCbx4NBiRLFNU
302,Basilica of Penha,cultura,church,Recife Antigo,2,4.8,-8.068501699999999,-34.878518199999995,https://places.googleapis.com/v1/places/ChIJQwhh1rAYqwcRGiE27qZL334/photos/AaVGc3lAkDwtTbEp-JGc3QDaXRqXbXC2CyKmSDboHPRYJyrjTD78HLqv36_z8obtNRoHRiz8ubeYU0c27Vwpgeaf5i6aUFx84Zbhga5w09zH04oaUj4IrbjvM0y_BHy-ExJQ8akt-d2Q_ZnN-QsIpzkuDC8CMaympvu30w_V7EA0O2f5DB3sU5ltDuvkFdq3au1qv5_ODX1vpk8tjBWzv_lTy5IgZeBWemUVrWyUdi_Oz6eBvgPf7CKEOAGfEyEX2DArcjhAr1KWdfetAZwLx_AkXJTF94VgV2ojKmaz64j_2BnO-WfQmiVFO9RoPaQnU6QaAmI8_tgdve6PyFcYpQEphcVPrk0mRsLmf_2jKn9BgUtlGE83T6Jc3NjQ2pf6ILj_zZl5t3nX5SW3IxwU4iHDiscXzk2YkQW_H5fZHue42lhH8A/media?maxWidthPx=480&key=AIzaSyAc-ZJG2uARUs32SfidagTCbx4NBiRLFNU
303,Synagogue Kahal Zur Israel,cultura,museum,Recife Antigo,2,4.7,-8.0618448,-34.8714108,https://places.googleapis.com/v1/places/ChIJh-qKb6MYqwcRYpEFfohHdc4/photos/AaVGc3lEWJQWhPSNYkZHW7dxNnhIUFYvakNKY_j2YDU0SYHnzRI3B_ohpBMpr_PZVloMcawc1Uno469dDVDxyIPMZgtYFlX4LGNKViD9TpzLqkHLJh2ikkaWxIZAIPr_ILBuWD7C-UnAcG7QgFKC8woNt665hyHcDsVeZfD6M7PSmXzGygjuuAyJRIqJVBz99uLp3G9plR-hOx3NMflBVoEO6KuUgfOlZUTioNW0RsAYgj1srf7JhZbYkN44HbJub-zaZConaJITlDUuoW0VKfkpUSkAAzEMAApqJTmFb7th8Ubwt7h9yRDcCE_yLkUxk_KEZ0wvk8YHjtMRoCqJenXR0zmcUf3fIAbERGO0TbiO2Yl5bAnJ4BVlUI9XmKz3dBA6jzXG6x2uLLvAoIvWHMXAzM1DQzgie0DeIdrQoRTBsjLvPdwk8wfg0ldgi7J1-B17/media?maxWidthPx=480&key=AIzaSyAc-ZJG2uARUs32SfidagTCbx4NBiRLFNU
304,Mamam - Museum of Modern Art Aloísio Magalhães,cultura,art_museum,Recife Antigo,2,4.6,-8.0613116,-34.8814012,https://places.googleapis.com/v1/places/ChIJWyD-KrkYqwcR8nhoM76F0ZU/photos/AaVGc3kA8I1rUPW4xNdyWBgxZL1ETl8RIPi8VWO70d1BnjlMrhGgakzVhT1Q8O_CW2614Esg12Sxr0qgkEeimadY85Ufo2tTrUt7Z79RLmOoQGFEe2YDvHZsfsyddWG1fWPuz3Ufm2OKK-ngbQYs4A4x-KQFokMMNYGvK6sGv7rhrzkbWEfiL-ewGjY_8oFUj9ME0WKV8lUZ4Xz7Ci3HtIPnlMugiz9j-6F_ehpE4EOt6vaWEGSq8QfkA2aTKGQtS7Z4hQvj1B0TvXFkFWUgSceq-xnBHCcvKfEOH52p5be1wZ2KQmUpEnLXM-nWAcoWM35WC7roh1F0fIrKWg60GgF2ljgqQc2mxrWZp6DpcKAtSebv2Whv0VUa7AFFLh_03BzaXeK0WXjU6fzkCMj1CA-zWrZk7wtq1OE5pEGUi1EdEP9T9Q/media?maxWidthPx=480&key=AIzaSyAc-ZJG2uARUs32SfidagTCbx4NBiRLFNU
305,Igreja de Nossa Senhora do Rosário dos Homens Pretos do Recife,cultura,church,Recife Antigo,2,4.7,-8.0652888,-34.8778723,https://places.googleapis.com/v1/places/ChIJa32hQLoYqwcRPhQgj3UDgwk/photos/AaVGc3lF67QYSf8vpxmrPREmqax0NrIVXY_LCP2neCwb7g-iTQibYG77VS2vywfr1KPLhDCbUWOY8mmBvmhGlLib9cL_WUvMrozTkuxCxKI6uQZBKAUQ0n70xPB-nyqwNAwPyPTkClz_YTaB_5B5n7dFtcbwAaMr9LIWazSRtmg3glWyQ-6tDUgFtYsQqhZ23-yaejcw0e9njuqe7HW4pkcmON2QpWR5slJCtpwp4nRyKuCgk49Y6Yi883DzGiPJITP5ZsnO4KZ1J6qo9yEM-oHIvskmfPFQbG-GRQ1kfdxWzrgjYsqugJjq_eaP80qlO_9y4JAOZP3Xgp7_6usxLIsi2XzKZ-GONRTDE2kdRvPUqCjBVbnBYK4Tedvt45BM-B5fsInRNYV6dYvEyfCINRBETlTIq_L2UK2rDWN9Yopo17M/media?maxWidthPx=480&key=AIzaSyAc-ZJG2uARUs32SfidagTCbx4NBiRLFNU
306,Memorial da Justiça de Pernambuco,cultura,museum,Recife Antigo,2,4.6,-8.0547816,-34.8703627,https://places.googleapis.com/v1/places/ChIJt8-37qQYqwcRGjVxnPCLUdM/photos/AaVGc3lkMncNbSTO2L448eNFQ_Z5wPC3oMHmxLCpZJSnZUEocvc5QPAgaJvYi7cZROzo6q0nvwqEFa3suyULBGIhvasZdxQK3t-Cnb7IW0j78GdnOAdjgmkOODvUSuQqz4oJrkutqn81bIYnItqBRkb2lkGyI1aOlHpTeLVChPfJ_7m7rLG4Ed56aDiEXfbHAr1ISwgMbQ1QbeUoLC6pjfixKBd1dKeLSFGp7Jzk5dvW3xVDI0RObBv0m-jOw6lU4cq4FjmeDV8qxHmFArDBT75lFBfFTfZIpRygHBxO-pN0HcEJc6LffTAn42w9A8wyxVp4aMiikBYDOd3mUvK6iHcI2dxFZMQnYJNvizwnYhm9eN5CQose-qovOrxskyfBLmIQA0LM9A_GCgNj88-Q_j6xQs3BCN1xQRXXe5mW5VjtWPXAhw/media?maxWidthPx=480&key=AIzaSyAc-ZJG2uARUs32SfidagTCbx4NBiRLFNU
307,Restaurante Mustang,gastronomia,restaurant,Santo Antônio,2,4.2,-8.059004,-34.8877169,https://places.googleapis.com/v1/places/ChIJ5yXUBMEYqwcRMuu9OjuN7KU/photos/AaVGc3kokePEpe6ITlShnY8oV3QTrBNPymbRy6BekUlwb2RNlqxrsnQ6X4v11ePqERDQ91sLKvf3VxjgWToTw6tvathafiZZeh_mSZfCGdiS5NtSjv_-plvUVHkNTqogRLChVrZsrDNCmXA8MBkcHg2k2fT9aE5owcJ17l3wcuoqt2dImCzKg5nWuy0M_k53a-169CJoO7bWKcygUhDyp8r0zN_nx4-C00aq_ItEzlGBk47BEnGBduyYnjrVXeYlCTBQ0InrSF3xvOY1N5Lf__HeM-KBrqXheD1IS9HdxdGk5BjNFocR6XsEDQeVjKHaYqpha_padhK_mBO0H8iFbl62dRG05L1WU-5m38zkqENcim5DpM_8EPIWZBos5DPeAogi9vvCQYWr2XWBjr_4f7iA_rTk55t-HQwbJ4dvmGMdMyuJztEL/media?maxWidthPx=480&key=AIzaSyAc-ZJG2uARUs32SfidagTCbx4NBiRLFNU
308,Building Parking Shopping Boa Vista,lazer,shopping_mall,Santo Antônio,2,4.3,-8.059211699999999,-34.8866119,https://places.googleapis.com/v1/places/ChIJuzC08MAYqwcRK6KehBDnIw4/photos/AaVGc3k1J3qwtgOOqzwa-bISHO6kVFSf4MsquhQSJD0upj-f8q_iQO9Yqq9etLTIbfKamp8TNouaYHILm8gx3fLXXHkojCA9PuZPTkkkFfnozDLZCg2ABYqANyJOz7BCurv4d4KoB2hedabm0fjS_OXJji7gM9wOU2OTPZQ-q-uuaYCxEOg75pyR1KKfzENNxDwtTNP2pymZ2a-sow1M43KBMcJPEcklwZtLZ3e-w66N14sLD0yTbErjj25pGy4Lqh_JsQAzFWHQx7VlgAA0OQupegLyJv5QzYrMe4s6XNIseXI9aTFsgkYLeybUz0N5sOV3XTs1ghT5umXHZXZHmaSkHht4puZ7YA7MQoxA06D2WadeaUkr48khQKeV_UUifb5Va1BMaunNycGp--R-BarP2Ox3ct390ZKhl4i7hs8qKWo/media?maxWidthPx=480&key=AIzaSyAc-ZJG2uARUs32SfidagTCbx4NBiRLFNU
309,Edifício garagem Shopping Boa Vista,lazer,shopping_mall,Santo Antônio,2,4.4,-8.058949499999999,-34.886435,https://places.googleapis.com/v1/places/ChIJgy0ANlQZqwcRcQr5HFrX8lY/photos/AaVGc3nC1LJXNZqX36WCR1ZcQlQ87TOFDp1FFkNE1bqnMFxLUc28gq1X53QexY6-jYc4NxZj9OOmK8Erms48byEjHzamO0rCi7u9gjvlcU6RHaUnNgNoi4Xo2BzvW7CaNJkubHb9qz3XGk8jXhjO-LKGFxGGbm9afRKEVzRxWPkc4QUOT7oX4Mjv-J6E1Zn6lE_MrpOwhZ-jcpZxO9XPhlKLr8dzF7vAx64PRk33ldY3GBpWnxlMngjEUtwKvOUBL-kl62qqZL9Ns2bI7eKPxYvbM5LA5a_hP2GEgLKlF6-PETmOMQmRLv0EueNqMc-MmP2i2ABkX5XSGi5fLFtEh6FW78bIA7rKrMETkF40twTK_h7NblBE2vs2GztJLca0tz_0RsHJ2FiNSTN_aF1ksY4iognItcfB4Mz1E3KqLXwKUE38mw/media?maxWidthPx=480&key=AIzaSyAc-ZJG2uARUs32SfidagTCbx4NBiRLFNU
310,Provinha Bar & Pista,lazer,night_club,Santo Antônio,1,4.4,-8.0574508,-34.8858325,https://places.googleapis.com/v1/places/ChIJ3RSnL-IZqwcRkFDttQVqL3g/photos/AaVGc3kQnZDNMmdJSHULQIZxLwVuCbS2OZf86HYMSzDUZD8E4ORlwkjLVo_R9tFq9YiAkVQoR02F_Z2AuuRpNnI_dI4ciYozSV3Ct7U5asr5rcE0Aqgj0DGgaIIFpVvYODr6AqvfkycKFMyHrekeOkbqs74_9jzmXjj9Q1YsyC00ApJTqU8G4IzY6o0sIB5RPNSdYBXzhIXeNDiGghmOLFoGfHhXMR5-Ggsp42rWSqKoCpCRiVL6vKjX3cIy-o9WuNv80lY3qtaT2AKWoLrPr34RcOW5Y0Z5PPefleMELxEpbehBORsNUYyGnany-nUHTZYcmQ1Sl_-kOG31tKiiLTtkBW1LSgFtFJQdaxqnkCxrkbE8NAwBLszcF2m2qQpXgc6XVKKk90ftO9P1FM9Iwe_vPgAhYgvr_EV5NzL0e7AmmSfWybBYCXKIBYCVkvqejd1J/media?maxWidthPx=480&key=AIzaSyAc-ZJG2uARUs32SfidagTCbx4NBiRLFNU
311,Pátio de Santa Cruz,lazer,park,Santo Antônio,2,4.6,-8.0621707,-34.8878913,https://places.googleapis.com/v1/places/ChIJPXZI5sYYqwcRYtwy2W9-jy4/photos/AaVGc3lFN5E-O9yEjYlzxKB803BjosTllaW-XONng6XNZ17KVVv_CO0HEno6708ddyrgjbsXA3KOkcL83WVY4O7nNd688xR_dRmathTfu5X9PcF8zy-ZBXuheFfXiIsEv4x_EiswJI7kGFTk3N1l5aPzY0k1zpg-VBDK5EXLudz0J94hOFNniNzhP3l4jKBVmk3GnfFAWqriL7_t8am7hcjsldLYmXDpK3dtsRbuCTGQSMp5kusUhzcIDdD2xmbk-04LTj6TNDcpGajnRCQtLb5ahGWWAYrKUTc6khd9D1Ku48ev9clMsp1VUYJ1QXnnM-0FuS-GNH4qrhAZGq6N2mMGRMO8KfZoVHHrxBIt4CVPAoZdgjRPq6G8qW8eIEIDZZW_WYp4dqfo3g4foq0-yEfdF0TP0bDzc_fT0zcoJxHbCoDrSfTeB8LYsQbYd_yEpT7S/media?maxWidthPx=480&key=AIzaSyAc-ZJG2uARUs32SfidagTCbx4NBiRLFNU
312,Recife SPA Sauna,lazer,spa,Santo Antônio,2,4.4,-8.0581597,-34.8868948,https://places.googleapis.com/v1/places/ChIJue681ygZqwcR9IyqtuC18rg/photos/AaVGc3lW8oj_mRDj9eXDCqpC0RNpwbi02_Pd8Al9imq6VLkIAvOpxjeK9wCPN6C5EM4SfftF99dwY05qHYyE0KqzAenOrb9KqC_dQ2C6JV1phZSVPj4cAtAXrZoOyqKPXUXpgIWRMKNVDkNfc06s_cFlCEHitzN6FgWmBN_FpLD6Yfh8uYfHbyt8YkjMcKyV80_a1oN3nPGTmVm6qDmxewu30OtS34ACtg18HTMRxf_W_6FEkAkyifCbwRXV3KK-thiaPAyOBgOF3ldEGFQtCZNXMmLOF_0Mx-K-YXssuaxhZf8QMs76e6TGQfX5jOjjIIhN0z9VFLPf_RSuPQuW6LSassmPH437EBx98LqZl9krtPhe1tu1gY7_9KhC5EY6ZXN0VEO89jY2JoOzy7ewwI3oZwM33e4GgFSMAs18rB4wJvMsgyUOpK7z7Kx0uTxM5xdV/media?maxWidthPx=480&key=AIzaSyAc-ZJG2uARUs32SfidagTCbx4NBiRLFNU
313,Central Station Capiba / Recife Train Museum,cultura,museum,Santo Antônio,2,4.5,-8.0672055,-34.8832824,https://places.googleapis.com/v1/places/ChIJu6l9y7cYqwcR9OY5D41_Kes/photos/AaVGc3lSw4-E5OXcfk3AlNuyGKyyEqLV1cYqrdj6J17EUjm8jqNaTC829WVCq0VtWEdOJxeMVCOzy961YTJC4v8i4XCZfmvmZqcKbRbDEU03pQyjllxL3AHN7pveg9vemitz2P08mPiukancC7xjM2KtKBcXM-KhaG4LFufogDkjS_M1k0u4HiOD0nTs15KbLx5ij5rD1-h_XPylyxEV_rFAOjXuaGXLJwo-YZYDeEfESX4pSVRILQE4wNeYoujBOkzUTwDFydV4zw8S_j1HWG_Wo-UdtxCSEZEDy8yS6uJgiiqogZ3hrXVn7CD6zVI81Cx0mmCOZ5jNQEUMfUsBC2-4Oqfska-u-IORVp3sCcOGVSOjBzz0CQpc4STj2iCS8RA1eDJ8vlX0FsAx5gWR-HQU6qutYciVbh0zzw-tIC8GEU_0pw/media?maxWidthPx=480&key=AIzaSyAc-ZJG2uARUs32SfidagTCbx4NBiRLFNU
314,Boi e Brasa Churrascaria - Caxangá,gastronomia,barbecue_restaurant,Várzea,2,4.2,-8.0378021,-34.944766,https://places.googleapis.com/v1/places/ChIJP01N8nsZqwcRFvweSTKC3lY/photos/AaVGc3mUZuOAkAKJQbuVxqQMtGjr9WQ8cVujelQDC-ThwWo_Z04p5g-J_mCeRRhDjGcHxcm5KLM__yZp6QHgNZkbJ5QZLtH9m06AZL6xzBJPNiZD2xU_CzMw9mcyVcEPjOOGig9bKf_EuRTofASFrU4caahPBHfGSxvROZWs5yeAAW9acHzFy6KJG19NWSg_na1ZZPxkWzsIT5XsObHwZ5B30PKBK8yy8G4yvoqfSyifhiRciMWTdW9yLo48VyLET3bDEY8kwxfofZfhJw0OUUJaBQmTBIQcnwiImHtHx71YGds4jKAHgollYsmtWPrZAyBmSlaNR3uct_RV0JhAmiBYeAvdnLgXhIedMz3-2z9NC2x9bMv-6_KHVKYDNJMN40UNTUQFTL8ASuQ6pmr5MEzfcF67ZomNgqo_w14AAEjp7xAMdZLaj1JmC2W_NwHgx2dI/media?maxWidthPx=480&key=AIzaSyAc-ZJG2uARUs32SfidagTCbx4NBiRLFNU
315,Rainha da Várzea Delicatessen,gastronomia,bakery,Várzea,2,4.7,-8.0492318,-34.9598765,https://places.googleapis.com/v1/places/ChIJPy-OY90bqwcRKQeZBghQFiM/photos/AaVGc3mktngKTu392d9XOBOyvWHW8bMbIWXrPDeL3CPj0IhXwe9Z3Ky5zRRrok3iHWueMjuuoGItOLRbGd4mL0koM8plvL8Z_aTNqbuKCQodOBdWKPLnYR3T0oPlCi0y3zphAZNNjfw0dMv1kuuJOjJ5wB53mjfHSztLmYPXSBn6Y3gpeSpmxwEDwIob_RlNOHlfFRhHsgenpNMXV1-CrJIRBxrNOOc_lIqpLymPzfO2dL2kvKxX6KKg0fswChnzVJ2glGEpi1URTkIWGqdAEe4ui0eewPbd2CC0jY2FgZQHQ7ZxLL9AZIiHCZ29iVIkzha9LsOQJ39DvbHOanmJk23hnb8Ql4li2dtI4z07GE2ltEA_DNvwfuS70dlvbCIjtILKfj_L3R2zv_DyiCvRbpXAZy65a3fZU_kY4qG2JdSS_IvvKUo1/media?maxWidthPx=480&key=AIzaSyAc-ZJG2uARUs32SfidagTCbx4NBiRLFNU
316,Gota Serena Bar e Restaurante,gastronomia,bar,Várzea,2,4.5,-8.0424826,-34.9426064,https://places.googleapis.com/v1/places/ChIJy2kc2WQZqwcRoDkAHaJEBK4/photos/AaVGc3mr_Y20ZFmsbKo0EnklCDxG3SE9VguMulsb2DegHaR098Gdd3PzH-xWAKhtt82vsajvNgvEgvmS6WZgdV6QTGPBMmstJPS-mMPpXp6Al4-iJmaENZR5H5N6y2U0KriFvNpYtsETAhaf4g0cakoTM20MWRvbOxXp6l0cZIReg6GOaxwcfD7_yqObYTlHg5OzQMauFMZBYwDy_4XzTryO3ZTMXcdEclt5ZsohZtfmwIBKZF4TQ-wMkAm5Aq9x0Uj3WjQqfS-HRwPQ0xdY49PRrSyndlU45vahEHSEYgThTH0s3QstZnxX_lsw9gKRgF7-kr8sCZ715_fH2JKnYd5mjngwJ-vXt9TlLYS-l_2ZrGxL9GmcF9NAQwI-0hz9a6xX30MV8BU-VJNHVxDzJaE90y3Zg1KBqGC1HQRcrCwSgP_GMrqw/media?maxWidthPx=480&key=AIzaSyAc-ZJG2uARUs32SfidagTCbx4NBiRLFNU
317,Brazzettus - Churrascaria e Pizzaria,gastronomia,barbecue_restaurant,Várzea,2,4.4,-8.0381872,-34.9438497,https://places.googleapis.com/v1/places/ChIJCRgHlXsZqwcRyPm_BVwOrmE/photos/AaVGc3lCIT4eeAK-ROShcM4bb0Moi0DEI-0FZpAGmJivxpxWpIiI7f45fFdeclhOhv1ttO26BPHomC3JqxxXOKnsdzr0Lka7KRpUGEAtg4N2yoYUwYkzEdxIxO2Ls28E-9GPUCcwnlQpAd_0vYFWKNwIaGcKiwkErHCglRstLCiBTDepWUH-NgB-ve8gUNXd1ipLxn9IgOyC7Jxff5DAfYTtMsu6VRviD9T7Lt4yW3CEK1A3tvW-zUQ5JVdEgsf3U1_kep2Sf87OMCytdUC3DZq7kFH6zwBqFIBfzPGVrLETRMKtH4tpyEhhirtrlW5P4cBjEzAVBNvHTupYsGCkyp8I5qWZj9hkZcpQ30XK1S4tn60bSPODcl5UGLA0OSrZBO97xhXKMqchOLbh7nR1rZL0drmBcjIx-7JaFrKwa376vPtgkQ/media?maxWidthPx=480&key=AIzaSyAc-ZJG2uARUs32SfidagTCbx4NBiRLFNU
318,Brazzettus Várzea,gastronomia,barbecue_restaurant,Várzea,2,4.4,-8.049091299999999,-34.95648810000001,https://places.googleapis.com/v1/places/ChIJQT6Qkt0bqwcRTbFBr77k200/photos/AaVGc3lRXEllC62yg36S6yZZF_RKS1PiKZMCSIHnvRdU3gFu9txz8RUeBr3nXl5_cRoXMqviPHz2h4duU950RLd8qU1Nyo5_ewZvIZJeSczwJz75KgchMlfcag2t1wXa9afRyE3v04kw-pk5TFnYB94Neo9tTFhw2E-lQdfsOPObDXwQPopK_d-PjXOKnKTLm8lufEJzgGUVpj-ROAuBR1fH8dhroVchBBKVmXvp28r93hoJJb4to2O0PnGKlFCfbMwIvC36XQGYlJ4EoSEHwtufrAIKtWayOM916YYDs3zULqILNjVL6eg_9t68yQ-bR_08Ss4AaE-CIBQIv-MPNC-fNBiLyzqwXv98elo5oqyYkvTZ3ZShigJ0gNzV8JV_DR6aSUfXSjffmWxaxMqJcT5iX-WT4d_XGYAHKdg1dGXy5P3loQ/media?maxWidthPx=480&key=AIzaSyAc-ZJG2uARUs32SfidagTCbx4NBiRLFNU
319,Restaurante Universitário da UFPE (RU/UFPE),gastronomia,restaurant,Várzea,1,3.2,-8.050810799999999,-34.9525844,https://places.googleapis.com/v1/places/ChIJxYnaaOAbqwcRgoRsgGVKCgw/photos/AaVGc3kKaMsECd-d53DwJ8clFgQTrvwZMtkFDdjN2M4qpRzCSYK9WADoyc8tiR-i6Uvwys4RVDV_lDOs03DvduOOzaJ2pMnD_QkyMn2PIj6sJRhPVgX7TPUaiC-rjI8G9CXNR7bDxiDRxEr1b-y3jEoGGG-oYGmpjnScFDTdifpY4ix1eKi9BTPDB8pBKTvfPkNZlHyugmnjxtTDHwZNyl-HVfLHP6rYcsWTFuuMTxj9Net3LPiN2cFkscda4REMPKrWgwpZBIKBDiLTIpjMNFDMNpCz8rUJAGzL__1LWkBAdT59j10iZQxaD9aLPxzY37aqCfGrORqFUOpnpi7V2Wmbd9Xr1-TGVsv9dNt5MYLSjvSE41hVlarcXR3onvkWLqJ3Yl05cs5kFix7rfoYFJfyKYSPGiCOsI8ufAXVEDJyFj-ZSbs/media?maxWidthPx=480&key=AIzaSyAc-ZJG2uARUs32SfidagTCbx4NBiRLFNU
320,A Vida é Bela Café (Várzea),gastronomia,cafe,Várzea,2,4.6,-8.0503883,-34.958537899999996,https://places.googleapis.com/v1/places/ChIJcW8Uc-cbqwcRq-BkwJtGSgU/photos/AaVGc3n7fbeK4enfOMVIYNZjtbz1fWuEOpfSJZVbntOD2GRJtfvYOkvAaRmBaFNIJ0BP5h5aoHEVjwqsFbD3vjj2fX9HsMti0Ywq_K7021SFzS7589rDSXKJthmGVD8xwR4wkwquRPmlnNXUM6MJTVqNn1kPFoMegP7WLTn_gmU41gRaHQKPVpbC3Gl84KsST6oFGvEfll5pJhT7YYwuQXnz6yXAlkwJY2t5hhhA_wsK-LpbpDDl3G5EXSQT2Bm9v_MA-3tVGW8m1KCaPSA8zbbB22Yosk7DDWCDkT1sGAg2Bt-cbWo9pgXnIF_bf3UslgMTdbBkWbrJKlDTm2MEmcUfR701seU4HBnk7VWJTLBgO7UK4Wg1gAO3jf2hhVaO3z7Np1263RR0HIKn18VfSv4BANnPzVg86ggxez_P6t6utW6AYpxL6tBmd2Oanun-xwcV/media?maxWidthPx=480&key=AIzaSyAc-ZJG2uARUs32SfidagTCbx4NBiRLFNU
321,O Melhor Cantinho da Cidade,gastronomia,cafe,Várzea,2,4.6,-8.0503388,-34.9584877,https://places.googleapis.com/v1/places/ChIJxwl9_5IbqwcRYBWAsmMENfA/photos/AaVGc3lJqXCsgrMfYERyeecOr3QtzRxVVLcqe7zau78_FuAdRtYQ9nNoU5l7d-TZulcdVRtWEmxDdItd4uJ6N-iA0csoBcxzUyk9Oa6fmOFXAT3_eptHHqf3nNdNgIEovDAIf4XCm1iGkb5TQSFRJiVeduWZjE3AP_4AdLSWHymxzIX1eOHNNSXCgoEdGGDJZYXLrNQm--dxThbvqrIa3vX0UcMjcw-4ltzeUTRqb9ikrysnOg-EErA6KUrVAS8Kx7DlpC7p8UBTxGkJJu1yGylApON4la826C3mn8nMHrtN6YkO-5t6fvAk3i4eWWB9cj0Vmgy6S9CvLEOTBSN0XHfSxWZC0-3UOpzEO2clDz6HJMbPPQ4FXwN2EBOF3aToSpjgc18ojT_b5FSh9Xwo5iNYMKlmn_YQZ7vd0Bgu-gJY17CBCw/media?maxWidthPx=480&key=AIzaSyAc-ZJG2uARUs32SfidagTCbx4NBiRLFNU
322,Jader Restaurante,gastronomia,restaurant,Várzea,2,4.5,-8.0365433,-34.9499139,https://places.googleapis.com/v1/places/ChIJrV8nK_sbqwcRxa0DKX4UhTQ/photos/AaVGc3kbo8ZgP9k8UVyuo8zE_-CA7Q5NHPNIrc1Ujf-8v-vzabjxaJdFayC1KMNbvsn4cED5GU-7mDkXWTYWV-3wdIMGOSJiWhhFFjpcb8ZE0mDWDfVZyfzYnvlDxMOYvG7CRwxJqHx-tOTv2xbZ2YP7zLxYQs5L7Fnl4cUYKo6aMtLGNJ61dnC4y2-4JvUMywDkx_ipE16HustToOl03kgzRkRHBFbGJtaHzvNGvgfa0MweeIyQUppzl4vlkxxD-jecEU5Yr39o_wzC0prtuWsqsvPzq0CfvwxJ8vcIA8Gg1_IJSV0NKcn8SEevju8j-n4R1Xk15VAz2s_MhID3vHlprVLX8Ox5DP8h--oqSmEFHK8KUmC5QiriuuD4LJzL_0KZJwG8431xymOH4OMB8FhesWFzUUErBbWH0oKAuOz61JtXaA/media?maxWidthPx=480&key=AIzaSyAc-ZJG2uARUs32SfidagTCbx4NBiRLFNU
323,Pivas Grill,gastronomia,restaurant,Várzea,2,4.2,-8.0488647,-34.9581449,https://places.googleapis.com/v1/places/ChIJgQwWs9cZqwcR2gdzGImirEQ/photos/AaVGc3mxhjYkwWRd11bXo8rIWed0FOxTveXudlZWFCKehXheBbxfJtZMbQKnsnYnHraiv5pp6bizcDrjJ7gdDG0PqWH97MMLlKOwkpWTD_qS-6Tlh7fuVeF2U-QfbBs01W4C9uq_UUV-X6hxr8wXRALXsYdRUQdouGp-Jsbrw84IydSRHtxtd6UApOBoZTImaghAnlteG5pN7BCCtwqmO7njn5V_V3iZacXJ7A1GYoJ3cdC6n7IJYwJat2Yd0bI1B3AybRWRCFfNCfWYY1yFfGALPGASe3xoPa_-_o2geXWp4-9aMQrwthDn8SCqMlKNo2ymINacaG8LFHq6aIFPL91uzQyEdB9TLo5jQXiBWhOngczHAsOVBFe1nPNzew_RgIr_mhqwH9KLKTu1bbfb57d2t38dInY5BB0TU4_mcF70kfVI7Ps/media?maxWidthPx=480&key=AIzaSyAc-ZJG2uARUs32SfidagTCbx4NBiRLFNU
324,Petrobras,gastronomia,gas_station,Várzea,2,4.3,-8.0554171,-34.946107,https://places.googleapis.com/v1/places/ChIJYeOMTFkZqwcR6MLr1BwVmzw/photos/AaVGc3k5OOE-sW607ubMwsBCi0TPvh6p4pJ30l1bqP-lAdS5PGhOfkONszGlUAMq4pIFR7V6oGxQ3dc_KrL17dOs8DxXacfDAJVB-V-HAdmEPTa6zW86X2Nsvkz3IieRv4wgkKZAU1eFb4Z6jssFW_o2mlwiKMQwB0ADph9xWIEAUQYCvKo6Db0U9dT5ecpTYKzAotQ2uTjitiwJvOA0tElTxsC6NxKIx2rr1oF6L0s6tEX2Jv2gIKHmRBC2WDN2X65xq8EJH9w1ONgODF2gfEdAp_MuLEB5R3CKo_GGzV01BzY4RgtmmpAhSlqwPrlIMtPV79FSXLOboPols9r_IrxXwtZ92CMDttxHGnYbT-wpZgD-lR5or29msJ3xcrM7WCKTGKmOb7NOiWxOnOt2iS1nEfXEstvBxaJ-Uk6xnt1nm1uOjm39/media?maxWidthPx=480&key=AIzaSyAc-ZJG2uARUs32SfidagTCbx4NBiRLFNU
325,Casa Morim - Restaurante - Comida Portuguesa,gastronomia,portuguese_restaurant,Várzea,2,4.6,-8.048152199999999,-34.9569392,https://places.googleapis.com/v1/places/ChIJ556nAQAbqwcRxlwb2osPoNc/photos/AaVGc3kPcJjCOleAcnXs_ckD4EqqrCuEdssmbF8ss0q7EtGShe7gpdTcQG6oQJqrXs1Hudw98BwnBWV3aFST_SaawXwvhRGT98BhIRyHF0A8-LVneXUR0fR1OW8Vq-ha3rODIGlQ-cgB-bIJS8Oo4J-jCnQgOhiNfTlYF62r_Paqgw-f4jwovQ9uQ1g3Bu_C3g0v8NWST1npaoPoU1umW-4RPp4OiMxS8puQYkTH-80YMQDTEo0FRzQz7KmCqscwlF4JL0pRob41nVRWY3DLX3SSyDcIeFHPKr-cFI8OLAPSojy7vCVPy9qmT9B3wChhD3MViSJCgNFBUTwyqLvRiUlKnZ-fjFI7LHSuRVx5Qfwk9raoAZOE7qqZ6KgSPx2Nd6F0rzz8qlNpwvNp8MMUslQgrdoeHUhKSpcEH4xuMTx_O0RmGto/media?maxWidthPx=480&key=AIzaSyAc-ZJG2uARUs32SfidagTCbx4NBiRLFNU
326,Restaurante Varanda do Engenho,gastronomia,restaurant,Várzea,1,4.1,-8.054789600000001,-34.9460674,https://places.googleapis.com/v1/places/ChIJ89cgul4ZqwcRGj0DprO3FHw/photos/AaVGc3lSDH1re2zsRFDVADFOoLYX8eRDDnR-K0qBXUThdLMjkxb0OTaxZJfWaSJtjPf0z-WhyxVF0NNFc7ASyh6QMf4aWMwM5lntGyvdw00Sh4o0PCcj3iYzeoz7acNgF77mpe5BPZhVSwNUX_29QBApP4rM0Ccp8RkDBsY-xomYLAC2o5HL0PdPjsDu0UIIpqk82yGy8GeYRUHpKRtF-HGw9RTihMF3cuCGH-CuB8CpsVs-XhQMsl7ibZAixiim1_EcdLWEbeWoFqnR6s1Wn67go6kKnbtEz8lcOZnICllVYbXEM0tWbXZ3dOv6B_98jwgRvTS_Jruyk1vAlEzcDNmNAW7UZHZxSV5a64iAgIvtZ028tdSAHJlMpJZdA9lVD7qMRjPd0egRn9rBkw5ZthC2TqU32pADBSbOlBh23stXrCxuVg/media?maxWidthPx=480&key=AIzaSyAc-ZJG2uARUs32SfidagTCbx4NBiRLFNU
327,Bode do Paraíba,gastronomia,barbecue_restaurant,Várzea,2,4.3,-8.041261800000001,-34.9582981,https://places.googleapis.com/v1/places/ChIJy9hNXdobqwcRtSpVvb7ERBg/photos/AaVGc3kOAcPvmyEqir9UqoCKdgZv7_fvvYLl5zzfDL1YtOobHmy8Rk-5FKbgnyebWGxUenHv2md9ofEgJnRjJrpmx_KjNHBHbfPxFVWM3VPmlAcp4SQhVw7YqaAsQbYf-v5srE9gETNxsbs79smfeVW6vk8LRf9BnW2J3ZzLTOLCFFmzsITjGdV1C5diS1H35OIjSAxT7N0mwzNXQyfMBWbUYAq3Le3HcRJcxtMc_bAH2zG7B8VJ_qG_qO62VoNGlNMTz624xaP9moAn8MS0iVlC3af-HoACWuZ3c3yaENX-bVpmei-Miw3x27lZZ7M9uzzRMgq4Pwy4XkycWq5PldpVXhmSQyOBYO9UxvK-0TdE98tsV0HMxcQbLh0J3eiS4wDR2cwsYzlYu-xSVYmXrL9Slf3kAcEWiWXXsRkNsvVO3jU/media?maxWidthPx=480&key=AIzaSyAc-ZJG2uARUs32SfidagTCbx4NBiRLFNU
328,Restaurante Vila Universitária,gastronomia,restaurant,Várzea,2,3.7,-8.046291799999999,-34.9492331,https://places.googleapis.com/v1/places/ChIJQYIDkWEZqwcRVggQ_qD1wM0/photos/AaVGc3mW9DsAD52hxgmIWqB2C-hg6zXTj4rxXmQXZQj957S-jvu2KxUuMsSP9KeQ1_oBdUxS0eDwUv__TRr4BJSALIRQVJZZ0aUZpee1fN-kbLDFXcGcVePF68OMs2J81Yr6khq5QBSh4-uA4bf9-PMtrmvhpTqeZNdgeqsC_eegxqogPuJ-xkLBJV8oD4M3FWcOH8sblYi--0xNuU5dX416EOLDyi6lTlcek1AIB-ya6wIqjE7yCpqUIQfmIer2GmvZLHaS_fiqPOjXynu6tx2oWN3Md2OxHNB6WriRS3PYybZQ23SLer_kFSPXQbPnFCSAhNSuAnPVKf4MNdVxOaoup1EbluoDwmar462GE_shf2d3WuSW05N1Cu-n46AIh9Ul46gNioSoR_Vs-J99onFiSCpJQVJHsMJMqXgsQuIQQdlFGGs/media?maxWidthPx=480&key=AIzaSyAc-ZJG2uARUs32SfidagTCbx4NBiRLFNU
329,Subway,gastronomia,fast_food_restaurant,Várzea,2,4.5,-8.0453423,-34.9476784,https://places.googleapis.com/v1/places/ChIJm0ur02MZqwcRitZcMaqg5DQ/photos/AaVGc3kdVxExB_rGYPSw-v7Xa2g0XQ-UpES9dp9r0b2chPS6i53d6eecY-wGzcj6dKKJ4GAPVpyW7iNEMKpJJsJXcahcWfB0mjfSKvq_P4AXyJtKHtNLEbR6-gaGkFpgVm1Zjzt64AgxbCCX36S7cFOtCq0zhnyxtF5E3sqMfudBlbU7NUGuToXaNihDPte56a6P9MoW10LMw_UiOUsvFJkDA-UvnT32751fsfE55hy7geXljGIvyBU6OLgw8D87aFZ8pK1rX-fENVauulcgWubysMyKSNWtLnCuOBWZo8EadKIMksjLath-401c5NTCasHdAxlczguS5u51AuXAhZQGHBXxmfHnZLmSxePa_ZSCzftae4l1IR5F1yX59oTCsnoR4uiydAwlF1Gqb3nC_8nCG5nflSN52UaHjck1n_bQTJsRJ_bH/media?maxWidthPx=480&key=AIzaSyAc-ZJG2uARUs32SfidagTCbx4NBiRLFNU
330,Machadu's Pães e Pizzas,gastronomia,bakery,Várzea,2,4.0,-8.0417759,-34.9466649,https://places.googleapis.com/v1/places/ChIJI539D2MZqwcRZIlYXO3l8Bs/photos/AaVGc3k4OWz9wZeaua1Ad52NADouPWjOQKSd6FMjCVZ4mK_lRCRh7WfTUiieZRo-6Z4SqjmIZwVEkIGBkFartd1b8AsCV1uBO-bWgSYABFZoe44PKhyKbwy-zFr7FaOrbzOB_E6NCUFH-_PrZEd04KTlX-0SAow4yr8W5aS8KXzSTBx9pAYFmWv0obsegmZn1y8YFYLNzPt6IUvYLh_YmFp_YuuPK1vkQ5ijrUHgvKT8y8uXGDpgfJhVlDLSYXsC2NB2hLmMiQ_GrBmW1KwDKI6PgsMHVd15KedSY2pLcXkhqB_mrT1Mui-T1l0aneUZV5aAYSIR-AnqlxgRTLD2VD8eOmhaqAXIkjI4jVVHXcX9ENEMzUmk9-YTYec90GTxyeIxDSMFasECFbLFnakd6mXSYmksHMuzOyS_3JetRF8KANCgrg/media?maxWidthPx=480&key=AIzaSyAc-ZJG2uARUs32SfidagTCbx4NBiRLFNU
331,Barteco,gastronomia,restaurant,Várzea,2,4.5,-8.0439191,-34.9396798,https://places.googleapis.com/v1/places/ChIJ00QclnYZqwcRyb55-NmynM0/photos/AaVGc3nWLWgxARxn6QfE3jRZRxjsTJvsx5BkwdiFpqNDaUujpI643MX7KLOFreXJP0MIiR1BlN2U-5qatpkVtuTxanRKhjqobnvXFGuMTeqwc3tskeFq28f8NfVu5TiUXX_6brqe2cpHnY0FA4IunHTfMvV40P4QjNeGHWYe7B5ZTwx5jWPP68UsyZn9YiKcsniNBvgLx8SklcR4RLaZnlU6OBxuHPfOqKkqlT2zsrdQsiewInIDvADOskTXsOe2w9ocQPirRlZM_CFgDWCNHHAgN1z4uQEVTrQwHaA8GHhcC3E5BT3XxN7UL-boRnR-oyJWFDYVoBXO-DkEt7d7BY65sgv0dI2n5pQ22JHfp9H3pXMzjkiY35pdm9LhmqtKRXYTF4byDgVo9K90-OoHw_D3QOzs11k1D76xAcsZsOhNffQHKA/media?maxWidthPx=480&key=AIzaSyAc-ZJG2uARUs32SfidagTCbx4NBiRLFNU
332,Michelangelo Restaurante e Café,gastronomia,restaurant,Várzea,2,4.5,-8.046018799999999,-34.9464871,https://places.googleapis.com/v1/places/ChIJObE5MZMZqwcR9Lz-MNnp36s/photos/AaVGc3kCRue-PF334iswnv2D_I8e2XXOuq9dFka2E0GpA0bsvFFxqDNfTHj7E7irIv8p_5YlW1OkHPLE2YKPo0nm3pEC_De6UA946wMN_DTYQ6EseOLUPqXi_53VNss-EF13bP9P7bv3IyEXhJi19M_Ubg8kqNeDkM_WiEaiLurieySO4A3PwBLZ7gT6-BMka2Yy4axwEkMhKkQq7znLoVbfsETigzSxFOf1PYOQ6XJDt1P8ZKh9xqGEJyL30VkA3mAw__CF9eAyPVU04WxP-PsODiDlDrPK8Eao7zu1C5HUk-n_YYnL85MsWF7hwWfqeKLSxkH5CyIWsMLt4e-nnLZnWXjU6Qt6Q7K85Y5bmijGspwRWvrjlu0TFQ4WggJqyk3aN4e6YR5srlQ_AlSbmWj_sFa2cWs5TfOUwlfKA7NSsAuRqvUY-lQZ1SuIUqKJAqPx/media?maxWidthPx=480&key=AIzaSyAc-ZJG2uARUs32SfidagTCbx4NBiRLFNU
333,Bar do Pinto,gastronomia,bar,Várzea,1,4.5,-8.0522479,-34.9563422,https://places.googleapis.com/v1/places/ChIJn8OXM-EbqwcR5Wt6pMkT9CA/photos/AaVGc3m6zsyAItdB-o16MqzdxOTUCtcEwbqr8UBkJU-2E95sgpXuITWP6NBWqhz-iBj16kr7q3hIuPnF82CBNJV5d_iTOXDdDANsA3GN_ijgGzykaBQuWBWc0PsyZdrtci6kxpWpbdgcRgEoqDh9ZGAJhCuAOnlluEMvnBiAjM6nPz5J79DYhK99IMpmj2fmBJeCiZENv4Y98Vc1ADrmctmk-q8zsvdCNKYB2Tag3oc8M_DEwCBYhAGDFIMWZbLJdT_hJJ4-zuYQ_LUyfMx8iHUU8nBXl-w08uR7x_D3bZr5E9n4lH8h9PJaYgaQ0nNKsbK9dhBm03_Nlu4dQgQk0VS0fdnhztKg5Okc6q6EiO-kwK5_QOOG-rbKAfZDx3q4fSz7oVNVXKtK0RfdzVhJ9ljUIQbCDOyqCeKdRWaLy3M5xA39PQ/media?maxWidthPx=480&key=AIzaSyAc-ZJG2uARUs32SfidagTCbx4NBiRLFNU
334,Praça Professor Luiz Ceará,lazer,city_park,Várzea,2,4.0,-8.0432572,-34.9439019,https://places.googleapis.com/v1/places/ChIJExG5kmQZqwcRlZ7A1p8V2ak/photos/AaVGc3kEOSLEfthcdn4zGiiEu_-z7EdzWxVbv6rx0rsu-uas6oviIiSHI8A4Vb0aR9I_GvmWpOJod-IHJGtFVM6W0zeHo_9GwEW8t9-R09xOiWAiJwUKLaRxrHejT7vInYNSOAvX5MDXOX8uxEvPrEyJFOOjC4PCtUloEslcIas50pSV8l9vPGhb7_fC21InHpBkiXOXyw-QiUWu7nKcuDWZrxM_KzKdroWWfevuo9j3KUWUP6H2MznF6ZiNwrEikBzDrEQ4GEKSCpyBBV1IFuX5EZrL2D2OhITHU6qEDj0FJWZ0TimhXpgGt4FoQKS7MSkZjFGpAILT4Whb5OFL5ijhsVkmQH86Iw2ivzwgamdRhDIyJjqhZhcUAnIUahmpYnuWnVuWV1gplIrPepYGKznFbNRKpeBEHNwfGy2fR5nyJ82e_A/media?maxWidthPx=480&key=AIzaSyAc-ZJG2uARUs32SfidagTCbx4NBiRLFNU
335,Praça do Engenho do Meio,lazer,park,Várzea,2,4.6,-8.0568952,-34.942079299999996,https://places.googleapis.com/v1/places/ChIJAylYDAAZqwcR6qSbPGy3oJc/photos/AaVGc3mrdAsDrOksYsaaa14bcDt6fvmjiCUZmlw0SGmErLAKWhVPLoyxYLO4MbY9EYZXQZf9bRQTPTIiIvCBi17Mo1Vm85vY1r-Xp3k5KJGII9suIAWIxLTyvaHbWRQKnGZG1qI_pDa0WyQR69BWb4CBKoRp7bEKm5N0dztfin-_g6m_OwrF-d_dWEqsjOhdWrkXM8IwIPM7kMB7RXZx8GmUY2o6mKL2ULkJ9Oufehj77IbDy70oESj47jTkwB4B2oymXKrv411yBXRj1FTygDLrr7yX4SNEKd8obGs2ewIkduk3KbM4RfzawEctIz1X_6hmOA7fV7BcdDGIsOoN0XIpR21-Fa85uxWfAG9WUO7cliTMbeT7fSFFgROD8sLWsdsgNuBMJs9FNGKHVqZz5TWd0KyzWFv89wcYPGkYKRvDh6NfGBWQ5YLyf0awSgvRx-O-/media?maxWidthPx=480&key=AIzaSyAc-ZJG2uARUs32SfidagTCbx4NBiRLFNU
336,Square Damasio Pinto,lazer,plaza,Várzea,2,4.4,-8.0483999,-34.959413600000005,https://places.googleapis.com/v1/places/ChIJt3Kbe90bqwcRR1JMes_wKSA/photos/AaVGc3nl-ooI5TlMcsJFGrfe7rDcxvE8mwA_B1Ini1YJ713gWK7RFpM6xM4yA0f-tULu5LaqpwezbmIgC06VOT16Lc5Xl6840_oRbI6CqVzym5lHwAwg1o9XcCK-xSDIucLJq8xLxzHX12erJC-DZ0NqOVCwICxEQLku1uL35D9liSCSJs7_G4TwXObxWCNjW8y768h70Db2DDiHls77kE6YEEC7CUN1ALZAy7M8u3ZvHXVGn_AoV-0emdcb2yH2068QGoosE3LAqYh86eecEAMjPe7vrsODvZhi7vLi9WBWo4RO-249ADCmLftIZ7m8lPC6VgTW8yiVgj3ZPEzPmjnXVP2a19FYsi_Q3T8w8v3h-HAX3VS-JTvv5IFJZZOXA659MnTKy1_XRowmdtuXIwpSfIdmkPc5BpNQ3hjaKtl8zcNvrr2Y/media?maxWidthPx=480&key=AIzaSyAc-ZJG2uARUs32SfidagTCbx4NBiRLFNU
337,Doutor Arnaldo Assunção,lazer,park,Várzea,2,4.3,-8.0570997,-34.9428141,https://places.googleapis.com/v1/places/ChIJ58jUuVsZqwcRU9FbD561rBQ/photos/AaVGc3lui2z2R1Vh9oO-FO1E0NmVP2S9a_DM1d2N2BoHQXSLBvXlJkTyicXAXWrQycFnHI2ip3Rg023P97fwYQTblvBCpgOR_nOO6SmuUyJi8dYjHgZrLZjz2zF9ebTTb1kI7o1LQdW1p_nkQiJHHX1Invn0wXkpCXbP7mKc-gQIohg73xs5HIiUQUEimOndoFT3IOT_VMNxJU6s2ZSlKtuztQYCFQLQDxEHBljbRzrDRyx71n1jyHugTBqjK9BBF_VJDNMnurPTJDoOCk8He6OWTAYtcM8A9PhHwAsOfm02rkT0v-itkhNOHLtzbtPDiA6MlD5IqeQVfXPvdLu7KNnpEf_87JE7oj6l1zZDOUyG5Udmm71ana19wvj-zn2WifboyeEZp9a9T3XFuJvsxEoV51Xo5sdNhQ0J-f7QZ5S7sp0/media?maxWidthPx=480&key=AIzaSyAc-ZJG2uARUs32SfidagTCbx4NBiRLFNU
338,Source of Cavouco Creek (Laguinho - UFPE),lazer,park,Várzea,2,4.2,-8.0481718,-34.9525607,https://places.googleapis.com/v1/places/ChIJH1JYo98bqwcRAi4n183xIlw/photos/AaVGc3lDh9slmW7M3F3-RlOyt5pB4500Xjslwri3gRm0_Vijo7zZ4-1bvr32xp1V0fDXn8Dyacq6hV76TPwGniTnvkaC_Je5vjFb1eFQ7cC8YEj2y1WXgNsiaYd2cDsAAz-BCvCRUxSTM-W1cejUpP3v3_5qsCbx6XJbwwpPxkgnR-JxkUtQ4rG_oQRMD0n_WxfB5pEyZsHbKE7kEGXeAfCepfWnCjVIuN4SRF1VRD5lBZvYAxS1UqH8FF8HA5MKgqWgHL0I1mIqe27u-G2kANSsV_v1MZFmHwJzNpc0Ih1HD5jrN14DP5CQKry5p5rqb3HouM6WKF9-Za8pHQ3F56F0wBNKNA-VTiiZ152mks1gFsVFPj3LX7Oec7Pj4aQgmTxXqsMXtCUTBjTPVUNTcssjyvYjzRCNwPci7VgFe5gxdr7woQ/media?maxWidthPx=480&key=AIzaSyAc-ZJG2uARUs32SfidagTCbx4NBiRLFNU
339,Shopping Dubai,lazer,shopping_mall,Várzea,2,4.4,-8.0415951,-34.9581336,https://places.googleapis.com/v1/places/ChIJ3ftjkWsbqwcRYea88pyKSUM/photos/AaVGc3lx_J5ohLU3bKyTox29_MFTjhFxL5IixpM9UeWleX684AlahepBlHGm6urSV1h_z43dMzdc1Aj3EDGhHMdi2CG23ElHRHe3cFk47toGTIHySZY8SUK2oXtI4liVTyOKgqFOxCDJpSbVGhyYc8-67ghm26Ck2T3c0I7-VEjtkqlPdyOtj0OkaJePQeqUSZqpwkq2_gYe--labBHodBym9rspOXvCOn7oUbiOD0mNcODykLTlsvK1Ux-LtqtETAEW9gwgmzkkqjCI1EOyexjw8jJWSrEZ-UVuR9REDHAJxrYgnrRLyM_ssplHg-JTkt4FhmIbKvOgoUkgBp7OB9FJz3TJqnnWVjzdKSMyOiWY2HeC1Jdi6uMkeFcsBYwDad3LSoWDV2Uv-ORQ47P3PiMe7M8OWn9A_kXuzB_CkZkNxyTxYfKH/media?maxWidthPx=480&key=AIzaSyAc-ZJG2uARUs32SfidagTCbx4NBiRLFNU
340,Pista de Cooper - UFPE,lazer,park,Várzea,2,5.0,-8.0506449,-34.9498691,https://places.googleapis.com/v1/places/ChIJCSXvbBgZqwcRRefrhSYhxlM/photos/AaVGc3msKzn3JL-T95mt_nBlM8BqUUgKdkP-92Nv8mcS7vIyYJPbe54OkKiRWiRGZnDV19A3bzqOb0AzdzybHTysaclYYKtRYCZqMe4ZVr8eoEvCFepaHQjs_nQhzvC3IcLiz95ylQKjOGlbFmlaG-BEc7HYSWq8M9vFUE5I-qq5QYtrZqmsu2aDvqcGnXD1_ecsRAvCaGzVDx69PrQZtf4RCk4zxL72FBkEAFZmc0CXki6Tp2BYYdHE-ViCAO__tRb5b1cYiT5lPEhFQaleOogjWGCNx9ANLAyPRcnAin8XUji8b89_8DYBCIZ1iGqmYYUt0CbGxREq008_fh5isN5ZgjqvQ-0e3UqFSQAAP0eHIlcKwSE0YaT1JEhCrmZJ9Q2KQgedCskXeBa21nYsyqy1kAFRWtMtd6RsIAwfJNsGypjzPAQ/media?maxWidthPx=480&key=AIzaSyAc-ZJG2uARUs32SfidagTCbx4NBiRLFNU
341,Marcelo hairdesignr,lazer,beauty_salon,Várzea,2,4.8,-8.0431929,-34.947367799999995,https://places.googleapis.com/v1/places/ChIJE9zfBWMZqwcRHkazF4ZzXDo/photos/AaVGc3nR727A3IQY2MKD52uBKiS028Z7xqObFoX9d8rRyiODxpEP1p-JTBdRfgef5XqYJIK5r7XElgyIGJz-K-8HLeSzg_mPss5NEdQNfycvT3Af9CzyFmedfQ8OplDg_Zefokak0ELQktmzva30DYjTruFozV18R71wMmpUc6jY_lsJuMITbfKYCTKCoSz-93zn0M4Aqi33D4-x3Nm5Q5SmwQIvh3seCApq3MWSLYzYOfnSb5_Efz0GyC2jMQpaW3e79cZbO584x9YBVH-Vqx5bpobFzKPylOvmMxwcLPjC58Ov2_kHIPadFHFnwmvL-7VzbFst7GL5c1P5Zz716I2ehTQfpT6fhLjFTw1dzlhOp4S22NTgVnW4aU1JbnuXrHwFGqIKYPdvt78456-KXImSbPPGB4OnCeF_XyPfl8v7qGkESJ6Z/media?maxWidthPx=480&key=AIzaSyAc-ZJG2uARUs32SfidagTCbx4NBiRLFNU
342,Galeria Central 585,lazer,shopping_mall,Várzea,2,4.8,-8.0574821,-34.9375897,https://places.googleapis.com/v1/places/ChIJ-zppFdoZqwcR7IATOMriaeQ/photos/AaVGc3l3Otj-F3_hj1R_jMnuUrrfyIkitP4uMxfRHLPlhbC2cQSzMk5uhICdLH0B8uTJintZhWcw3ZoZ_VXhahEmCz51oOln3uYu8jkm13Uex1DCOyg0TZ3J9_69gtwTtXso6tisv828u_rBz-AxOphmWEtwI4CGaza_KEBf_t43XbWzIJpDPmDdQTvP6NHCCs9QP37okqtAgUnqhnEfUkRKNigJcml4JGkFzALTEPS6IvH7p0T1qoJFq1A4G3yE1iJ-ne7jy-ahL3tlEtmSBqtgFALkJjxe6G7UV6xRMVeP1AJnnaYOeKXpCuW4s9n_ELE9KM4e6ZRIA-RWS0t3jvGrTdptBdXtwwjB4MH43K7NEbpIwNSNxtRjfCU5qILFWY9wHT3jzqAc9Fed8iOtDeJ_TR3iBMX8eyQeO2KkhkLdVKHm2oxZ/media?maxWidthPx=480&key=AIzaSyAc-ZJG2uARUs32SfidagTCbx4NBiRLFNU
343,Praça do Rosário,lazer,park,Várzea,2,5.0,-8.0506081,-34.958363999999996,https://places.googleapis.com/v1/places/ChIJAYZgpqgbqwcRQ84hfyz1NwE/photos/AaVGc3kA2MHfuXTDqCEa9n0Itm9qOFCJZcKnJnKAey028yeFJcAUiStTCRXF1EK70KODqbsTBiR6n3zpl6XW5cgKulJhrEkCPpj3HgmAn27eGTZCdLW3lpAOUgZrVJfj9bCa9RvL5xdhvP-nSBSyhKz7dVZ4vXIR1IxcQyqOB9t5w5njJI-Iv6zFw9ya2FNKLW6Z5J-SCIo-LxE1QqrmmO_V0Voy6Vy_-Z8U7cyVjhdqHTgGvrXtYmcG_Re4w7mvyH7RW5AkznwVZU93K4OqKv6K4pHBQpRDoG4HHvIrTmyrApFsNsjMajQenV1Isjec9pnFqTOiQXEwmxWraYz1vUk6DAVnBoIBjrNlHY4r_m7Tkhv8TwQ1kzOSgX_4nrP6ggIG0Z_dqAR1OFR177F3iD_7-WPo_Y3oSqhMSkR7SKJO0GWpKueZNJkTK9GzbSh9-Q/media?maxWidthPx=480&key=AIzaSyAc-ZJG2uARUs32SfidagTCbx4NBiRLFNU
344,Parque da Praça,lazer,landmark,Várzea,2,4.2,-8.0488682,-34.959476699999996,https://places.googleapis.com/v1/places/ChIJRZAOe90bqwcRjN_0e9s9E6c/photos/AaVGc3lwNZLxK--hbSQ2v6rtYRZYmg_ljAdAVtQKXxq3KEJa6ZYaLtzGVSrNNs8KKgzdcR7OjDxy_qqXWMzERLuJOmzfvvSXlmog85RtJPfK0pmBjfgTGb4oI2nEOGmcD3oWBwvImFFRATBIHgy1C53zJFPuTBb5NFyXjtloX3DwpBej0ElQ_86Ux8o5FHkcNaNpUuJ8ACthBGPwxgH-GJGuPBCEpMeGLerug2wGWGaR_Nbq662D3Nl8X3O1-lOai_7EpoazX21Xw0SDqJ2FDwB2Ipgo9FrDqTIlXEadn9nl1Huq2JiGqdvlgRb6j-LOAxZ3oChVAaJgfEW-Z-rDGIpGWz07cjUs3arvffMG185dCWzp36RHWF5bu8fhgPA7n6mEEED2bC1wdClwunUQVeiFGHCu-72trN-MFngLwBOQX1ePGRFu/media?maxWidthPx=480&key=AIzaSyAc-ZJG2uARUs32SfidagTCbx4NBiRLFNU
345,Praça do Bom Pastor,lazer,park,Várzea,2,4.3,-8.048580099999999,-34.940041799999996,https://places.googleapis.com/v1/places/ChIJgdRidgAZqwcRSOOja-Qzz0A/photos/AaVGc3mXh94Sx7opFC2VYPyTwYRDtJ9v7TaDiqouv_R3di0hObGU_1HX4L6k9tDFg0HjopSX208VM4geh68NPwbh9vyJHOu_NJizhSlkzj6dVsv7NJnoasQyBFYU19I90ohpTj9aw8ziB2hCTtrVXSb4RFosYI0bVYN5pqTPxBP0L9PfJU1URopibGKx3odaF_7TvRVQLq4mLk2LlTVFMtZJgG7dbgN0MNuCNqQrcBaHaIHQA-IEHE-cLBtOodfueh6V91qJQUFaWHK5f6t4wVfFSzbPtd3JWMuGzxmClGbej6q2cRza5VXf1SjatBaM29K9rCBZK7hTOBGd9kzi1zEHGPL4GsF_I9kxV5lIuK1t95H_s85cx1jITUNPqRfizcWxqLv7mlB-lnIK3gO5eTlRvbxXDp2jJqZJCir67RgDx9zZKWzPjLwU3J2V7bcScASj/media?maxWidthPx=480&key=AIzaSyAc-ZJG2uARUs32SfidagTCbx4NBiRLFNU
346,Galeria de Serviços,lazer,shopping_mall,Várzea,2,4.1,-8.0445502,-34.947264499999996,https://places.googleapis.com/v1/places/ChIJtQv0tmMZqwcRMdTbI2FOieI/photos/AaVGc3nyeom5hRCgUOptxY60ZUvijPQEs03kxdT_dWjfCbH-aj-DPQ8IT07A2-O6nCc7ItmSGPefJi9LK_WI_AjSpGzVx-OdPVt0nnifLhm3OvLBOKzWSPRnR9E5jggevB8e74lpb_oNP-t5gmqzCd7Lx9H3dsP_bHTTmOrsK6YyPpA7YIc51plMsRXaTMzFVVuFsE1_gU4k6NLGoJNAo_jgM4B0wFwpynLzqJj67K9DwicT_a7GSW-EfdOpf1Kju0xi8z3NB3JURwpzbXw42kKC_t1QmacEBkpUFuW__5T4Y1uAIzKsXcJbpq5pWI0R4WwKhJltoCR3OeYR-5f6qBSVM7lXyILOO2Z4BQNNIM96iWLdHfd1pHFp-95X1_33EvUFY8W3i9wyS_PrIBraE6ujminHWpmQiCIM2jU7qgI1oRIWAQ/media?maxWidthPx=480&key=AIzaSyAc-ZJG2uARUs32SfidagTCbx4NBiRLFNU
347,Praça Jockey Clube,lazer,park,Várzea,2,4.4,-8.0431901,-34.943857699999995,
348,Praça João Miguel de Souza Junior,lazer,park,Várzea,2,4.4,-8.059019,-34.9457528,
349,Reserva Polidoro,lazer,park,Várzea,2,4.4,-8.0394545,-34.9466281,
350,outerShop,lazer,shopping_mall,Várzea,2,4.4,-8.051295099999999,-34.9595767,
351,Praça Ministro João Gonçalves de Souza,lazer,park,Várzea,2,4.4,-8.0481112,-34.9436854,
352,Praça das Humanidades da UFPE,lazer,park,Várzea,2,1.0,-8.0500759,-34.953408599999996,https://places.googleapis.com/v1/places/ChIJk92DIwAbqwcRl98ykq75MwY/photos/AaVGc3nGGlutGtl5uj6mCDPKwABdnyMbQZfFlgdh3iHnng-QXu_VNdmsfpsdUGpqcq_QbAAN-PZKw0AuGkstNqWwrXmscEcKhrz5wYqpCwY_RqRkMqvXbVwyJ9cI_QKN6CJCA6cqUWjvgq5bClnjkylmnsFsflkQcWmxt9aiujJQW86zuk2vHoy1rS3eB5JIxa3YqasrAJ-q1RfeebczG3_gNVjK1L0eZgZSqh2m3mRBbC-HvK-GGzjmQJreImFZunBdGvsoGz_JisbcrijFdy02hGqiyuNA0dUW_mMMevTIOf44ramJE5W8KGqR2WNPnbxR3Whx9AB278tYJNXTiO9wdSlJbZ3WP7tohPY6HBvqPWDFtEbMubpnfIu_mtwui5uynjPa07PvNjnHkUd7WnvVscG-ecl4a5VrpU9EbcTnycwpmqtRiPYIN-RUAKgpBhPv/media?maxWidthPx=480&key=AIzaSyAc-ZJG2uARUs32SfidagTCbx4NBiRLFNU
353,Studio rebeka mello,lazer,lounge_bar,Várzea,2,4.4,-8.045783,-34.9518522,
354,Museum of Nuclear Sciences,cultura,museum,Várzea,2,4.8,-8.0571896,-34.955216199999995,https://places.googleapis.com/v1/places/ChIJnxt2dOMbqwcRh--FbSg5Unc/photos/AaVGc3l1jTszdxsnJ4FcRujGsNMBB1FjLf73ixAhbmVfCo3-2zqlVnExuKVlxSWg7oE_P04dgQTsAy-K87JbTeM211HWouQaMg7dTamGtQkuCr1B1UfFcb3Gprz4A4vTQE1PTOPjxQ05gYHt3PRt3vNS_eQYMH7kPxnUtov-Nnnlak5r6fAq2laPDjQe7uUCG4wnX7N3PpCWd7uUavqqe5E9_VLWS-_NIAt_INVYZJQchT38C5spRxQKjPlPDxyWqUhIiMuRtkbyyBiM23ppyrYEbBrm9hn-1sw4zwrqnOz0n77plshocjiRtbq4zbCRj2mW_V89uxclJqTD83-apdj_zdmbPSuzJOD5txa728PWVOFrAdM7EQyfP-bH_-HI5F5g-98hNY_xFzkMaovNk1bHLqtY8LyTeDFeIkOa9gFbRtbG1Lpz/media?maxWidthPx=480&key=AIzaSyAc-ZJG2uARUs32SfidagTCbx4NBiRLFNU
355,Rua da Feira - Várzea,cultura,tourist_attraction,Várzea,2,4.9,-8.049925199999999,-34.9588351,https://places.googleapis.com/v1/places/ChIJT21JAGIbqwcRwQrAn0Q5QDE/photos/AaVGc3nw0lS5vjTpinyJJWFICdCbVn3JJGS7JTFNyUXUd0Cx8kIahuy27i9QUQ-GON_6PBDkvifJZcgaV6TPxi75NOFAIRmPzTJxMj8P9Cn5xc-R_S4INEkbrh6vsIMlQ43fMUFzRwbK7XXh1iS7pazMu8EI2rAXLafAXIR4A6QoIRPhLy3-_Bfj6-B5SEzSDl-VSuyF1tfPp-36agJTtD7k67S6kF-GwmQbKrJV-2SPMj5k2j4onb9xD8rkpr0D2BG6kbE9VzNT_lECcOSYerUomUznewlEGm57bSjbPg4ESxogT9eD8HdvL7voswLidar3dCFwrTWEl4pScc7atDErQDpZS_5VxIVDBVIn1apNMidSkHWAbjxPLpJeo1Nv6sTv55rIqK1SGJMKR2V97mswS74OHp7VBqdhA2aaOKWParogTg/media?maxWidthPx=480&key=AIzaSyAc-ZJG2uARUs32SfidagTCbx4NBiRLFNU
356,Museu de Oceanografia - UFPE,cultura,museum,Várzea,2,4.6,-8.054704899999999,-34.9533043,https://places.googleapis.com/v1/places/ChIJB-ZuK-IbqwcR442pCPw7zPo/photos/AaVGc3l7Oqo5_MGMIylOERNtDf1ByRryzGiu9ywsFeLL_kY2mK3uW8GrBo3-2YkierEC71SumRlC6569Cwbvg3PNwg711AVu2E6CUXMKHgJIVg2A-CgYJKH0Cti9xbyKLcb8FUiJmfRrNnTcfDmeAZ03z-qVtDS1rPxdYlqbBIYtZwGPgxPxN5g0rDaSlgFUGo-oSMy9QC8UKbbr6MUNi7_v3AVc1Q8Uh-Bk83FTTAnjNpwt8obttyG0_7RrOIBl_wiQ95S40MolJDqLVr2n2G7fA6A73PcNsyEesNIa0hfseQXewIwtD0mCD5EqEjJUjATC9D0htYhkabwfSe8tZAcy6HED2kL0vsZbfjcGpt-WIaLewGe1LwYgta6-zLHzPsZOxswusKRP7b_oLpZitM0le2NgiuurLgIAz1IDl8z4A4qUHUz4kVweuQpo8oUplg/media?maxWidthPx=480&key=AIzaSyAc-ZJG2uARUs32SfidagTCbx4NBiRLFNU
357,Museu de Minerais e Rochas - UFPE,cultura,museum,Várzea,2,5.0,-8.0532776,-34.9549003,https://places.googleapis.com/v1/places/ChIJ1T_sVKAbqwcRoUTcLRcV2cY/photos/AaVGc3mQzHwPAu4ZNzhZcmMrjHgPlw35Uvgfv_W4nveyRBrNf3OT9l60Cq0tADBiwgrPMuwtlwPfelr3hsxPSII8ZIcRtxZplJxvzdFIMGg3me89isInKFFU3HQu4BfLMsDbvxzSDay4k-yBg88_JFiqQpVGQ8xlJcpcWg5M_-f0ypuLtOAUJM1UtT8DH2SDcv2761IJN3vc0XVT9YBb-A47Kp3KzlOwlhGutlaRtUvwkkKkE3x5X_ma6em75t_I-hNzQcldm21qGw4hPTTLphWBQMxNcDEq06fdBQM0vaRcF6sK3RsaBl5AvV4Kchyem4DNm-lFhFZKZgPlAK2U3tilwTQMiIZl9w_JWmKqi6wY_RXHLL4ZA_H77Wf82F8IeEf-qMUMug6m9GPQ1ELrZ-LWwmMDIpopjBFUpwUcgF35RD07VQg/media?maxWidthPx=480&key=AIzaSyAc-ZJG2uARUs32SfidagTCbx4NBiRLFNU
358,Monstro da Varzea,cultura,tourist_attraction,Várzea,2,4.1,-8.041049,-34.945871,https://places.googleapis.com/v1/places/ChIJef5rRQAZqwcR_PzQtAUC9Zs/photos/AaVGc3lmml0ddBOhOFI2IkUGVbFafsMETDmnAthKpIRxWSaWGDoAs-nsYwjHh0-g31LsdZPcbPdwCi-EliZQHm18_8x_gxIvNONhG7nRcgRdJFpy_IhqKi4MM9vGDmA_EOq1pAyoxt_yA9_7S8F859akBlKVVOrfnJumoG4JXOo_XZJxwlnfAbzbh4qPjdVcDCxd78ixa5Yj0MpIuP3WKE-CeYSZjY7S_iVU9dgJoBgDYsJRIa2_dmfDF54aufIVW2w-UJBh9lZndxNdW15Z3kyY46yaZBNY9VyJW5Sk8sluuW1F8ISy-BjEEEURZMVLiPMCitrxZH0wFdodKwZyyIhkdwo5YT5sk0Q8XmkFM5ix9QUSVNNitUgtM_BNLXmGAV43krveFLn2jfAfMvR2R-9dwYoyQN7EgFddvCWmpW7-5z3B9Q/media?maxWidthPx=480&key=AIzaSyAc-ZJG2uARUs32SfidagTCbx4NBiRLFNU
359,Samba Dos Trairas,cultura,tourist_attraction,Várzea,2,4.5,-8.0499571,-34.9587157,https://places.googleapis.com/v1/places/ChIJX0E2yHQbqwcReHmh6HPj6qs/photos/AaVGc3l32TYIiKTg_8mAK6oQbRygRcm3TVGuUTPlu95l6r1khst6GyF4BB4UxxGAsydXbImff8A-Ws6EbQUSGky_UxFza0qSpp8TpIH13qkmJY9sR9UUI3iT0nQxVpUk4OuDutdl7FjoYrQT1fPsLVsZVU73pK1Bh0kX-KMYykyoF5XMo-Etwk_AuCbDWye8FaAbw7H-QjI4zxv8rihuAEi9YBZwYM7dzS7nHyO7ECNbpMOrAmRIvHE2wE60CKyRTfEx6fHzZxLjgT6FyiG6qz0YJpFMOJtZgNKn-eUnvHthweIJV3mYBQMnCRLbbT628jLPJxBVf-wJdr_m_n3qfHA5lh5OzwVPELv-lNNJzcgAeJzYSB4BDQBt4V88wLiD1zIG55xbHW63rx8jKsJcTMbIsOBZXM2LctSugkXj4NgoduLjTfV4/media?maxWidthPx=480&key=AIzaSyAc-ZJG2uARUs32SfidagTCbx4NBiRLFNU
360,Memorial Denis Bernardes - UFPE,cultura,museum,Várzea,2,4.9,-8.0509948,-34.951412399999995,https://places.googleapis.com/v1/places/ChIJR4luF-AbqwcROrs3mBo6Qyo/photos/AaVGc3kGENrnZ5Dka-fogbfdl-gF0HaI-ofFeCuOh8FoFsTRiyJUzkpRnJvf9qpsaMuJBv6UeJUnKm1-BGnTR7yZNp8N3aKu5tJd1CpphPw3VoM2hvRLXSykiUQW2Z6chzLtVXZd8Ecjhi4YGOiDU4zreBbe4_c12UdthbgSldMHFBuW3m4AJpBDXOZ4hgerPqQu6S6tMyx9XxUYF8a-b3rTAOdeSSWskf1AYMzvE_WCPetUM1iLPZiEji9nD5TnI3jckRwFzWu-cTS2I3yM4erjtP8_3wljRDt3Sp6rMmpN45F_PtQu-X_jQuKC3qI6jWDMQFQhzaDcH8hEEC349L1wU4W3gYgjZtTV8G3-zK_1JfXRYoNX3wGOzAnBdDLTzgxV3R2wraaVA1J-ZMnomH1CEaJtJezWRgCoOMBGPuER-ChXIA/media?maxWidthPx=480&key=AIzaSyAc-ZJG2uARUs32SfidagTCbx4NBiRLFNU
361,Leonardo Valencia viva atelier de arte,cultura,art_gallery,Várzea,2,4.7,-8.0427403,-34.9407816,https://places.googleapis.com/v1/places/ChIJrdPLNcsZqwcR6Hp0DavmQz4/photos/AaVGc3kvGMSvMIOVzahkK4djbeRTdObSingq_cfFKrmzROiu1ngOni-NPpbmcumy4SYuNOe4aDjdudpvAl47LtGldtgD0XsQwIKjujtcDJaN4KWNiy2TegCjac-3CfqG2ptHXmEDH_cSV3iH5XtXtjkeAjDAgAMwzSPZMFitHgiYsgvmS78LX6ru7YSp_vnKj1ZaWH4XBWVdIfi5b5wCcJUoYLidQg97ifLaszLLdCid_RgUshUwh93D-5TwH1Ni_V84PWTIG-Ok6EEw-dFEHd85qKApl1SWjd04P0zJkp1Gynugu6NFz5D2vBnR3tpRFLTKnJIcCP_ry3JMHAvLAkqjVUw4CaH17rKdlLXD4aeejo3eZqTUz9Br4fCg10c7OmHOpoHlxakxbUenzOaDTOjXS3rwMq_rAvPFXDLGqJjQm6SZiC8STFr9xZelHq3qO6pJ/media?maxWidthPx=480&key=AIzaSyAc-ZJG2uARUs32SfidagTCbx4NBiRLFNU
362,Ponte duarte coelho,cultura,tourist_attraction,Várzea,2,4.7,-8.038142200000001,-34.94177880000001,
363,Posto Petrobras,gastronomia,gas_station,Boa Vista,2,4.2,-8.0598444,-34.8889943,https://places.googleapis.com/v1/places/ChIJ_9YIRcEYqwcR-4F2-JyKsb8/photos/AaVGc3m-di87qzxSGcIeIs0SwZXwLU7DINAjBVVxQbBi1Es5uSDSPMjRE-F15Qp4CKKw0IUaVGxmHDxIXuzri2kGfAioVCBzyBYNaLcHzde78SY1zzAy47UGkHbfFV27BTKxXA43fvzKgOa180TWguehCWThaL7qs9PAPICd_czjXSv8-IxkgjfavZ7NxmvRtlP4GpLDmtyaKbK6ylpAjNlqNv5YjHSa5lwd6PY6wqgImhMFYZ2fVb6C12AE3TSZAiKnOveUs36Cc8zgtSf79XoLdfr6OzMRqkXG5tuykszyuKBmTrrqnAJYxGN5qh1reZNGl-o2_guAjs7n2kw-Mg9A02mvZ7f-CDojLvm7EmTo0r2eTSauWUjWR2cGjrvHfDPq4l7T-VBrZbHfz1uvsFXHUARBdz65tp19K3n81wxOfuve1Ix4/media?maxWidthPx=480&key=AIzaSyAc-ZJG2uARUs32SfidagTCbx4NBiRLFNU
364,Club Metrópole,lazer,night_club,Boa Vista,2,4.4,-8.0595718,-34.89141430000001,https://places.googleapis.com/v1/places/ChIJJWonlcMYqwcRzLuONbWT6-g/photos/AaVGc3kjwOq_KLfXQhJ9NASkeTL19vZXo2G0PVwsWjbpR--w9ByRWzwPTEP95TFRZZMegrqUrqLFFBB9xn7TuFDYui0SBesBYwwftkEm9VaRYu7FUNjs76WupwSjgke59iJOxUmbQrp66Q4zk9lTiXwMRXOd3bXLrhqHKelkoYUW3YmSi7IBjof80pqzbokfyFtlJgBZDoxlf3PvMj5-l0MK53I1uhOrVEf6-2YOj8fyXA0Ed7jiQ5MaHkvsHb5-bII14I_UrN-UHjqj7u0kf1DjP8KfBWpQdmiaJciTPaPKl91VO55faV8llWgVIrlus5ARVjlohdmWFY7IVRrbHJi4qE3yXbtqHHOwuaJEmU3Fj_Kc6WFX-oglnSdCsC5bUTz2XhJ5l_kq3Lrb_jVjDj7LNQfTJyiZe4WqYzqxtEtgNvfcsg/media?maxWidthPx=480&key=AIzaSyAc-ZJG2uARUs32SfidagTCbx4NBiRLFNU
365,Pop House Bar,lazer,bar,Boa Vista,2,4.5,-8.0589842,-34.8923914,https://places.googleapis.com/v1/places/ChIJn0XsQgkZqwcRskSZ93Jmvd8/photos/AaVGc3kmZXQYxsOXkUHrH1w2FgKCXXG8HNgZfry_pS7pIe46N-rOtufqgsbToH-xiYLrkiJeejx0fIKAGjPZNKQ-1ZyvcjERONCd-0dEc2Xbe1XGF1heDYNBpz1eU3pbdrECKxOojonaf1ztHJmjSTvFUBK7e8ZSJJVPmz4T0brZe5M6n_NSluq5CiAB7dpBec_-QOEx7FUygTTvUP8qsQbZ0Tmaq8GgjbEMyFi1WGMVVLZmtrvIwUt_qwE2rqi-FhjysfdjyoOlmZH9a0xmZbmBVtrxfi_ECxLy3mD3RM2mXUvHW8q2YXskoIwphuy03W7QLVMB5vHrIVjc6vt6IM74pZN8NtjlxGim8Hc4s0USjTQw3m9QEsHkepcOADhEzf1jbkOwc1TnE3KS2UQcIaNK_svR_PwghlZHxmDF8ymB6FpSnVHJ/media?maxWidthPx=480&key=AIzaSyAc-ZJG2uARUs32SfidagTCbx4NBiRLFNU
366,Paróquia Nossa Senhora da Soledade,cultura,church,Boa Vista,2,4.7,-8.056365099999999,-34.8898629,https://places.googleapis.com/v1/places/ChIJ8wUX-cEYqwcRTxSeteBpT1g/photos/AaVGc3mFcFAZ7ZCoOVYH16NRl2AAZyqPi8LsmJRZnR3PbuOXs5SRsWpARBxhxCPdSh_oShBHRd7TVVrXGr6iPcS7dmS9YPdzQhyQi5680gvdkBWvmgWzhV46gIV5J9hGoxIb5hoA4irXCfpIS7zbaxotUFItpQQQk713zvle_sbm-NkYi_p_-labPLnf2s4ngJbRV986OjXinm1cv71fR35yqoH4VPmCev8DZRUbDJ0NMZ09KDLyC3xM3IniOB84wP5F9KnBRFV0sdTxdLbCtAvZFNoJwQMGuiPXzNJNgDvzqIjKxqhYed9UloQP6ZWi3UJSsW715Kza0YoocTHf0_K79yRmupRFP_I_mIXMwRQCchDOpJtZ29HtY0PkbVSkENIUC30V6N08K8qG5AUJj8O4KO_81bUB9ebJEOsudsSlY3SXcE0/media?maxWidthPx=480&key=AIzaSyAc-ZJG2uARUs32SfidagTCbx4NBiRLFNU
367,KiYoi Galetos Caxangá,gastronomia,chicken_restaurant,Madalena,2,4.4,-8.0489031,-34.9231711,https://places.googleapis.com/v1/places/ChIJI9KkGBQZqwcRFhHKLUMfapM/photos/AaVGc3kV3SVRGahw1kaXSSYO0c42tsO9DY2Cdpmcy_m1RIbluoqPt3kkeAofoW1HihvMNct3uMIRPuE12pwzCaalq3IZ15mWPd4THdm4MrB9mWLAblj3MA4M0RPGrtaro02BiSHL4l9kuQ7jb4JO6Ujd_3efWPtx-uFTfomd_UklQsJ1y-t1TUVU5rywlWmusM2Sb8A_uyjPM1LlV0Eeu5xQU8ons8Qb5-MQHl-iga5D47X_A5YaF4G3OC2MjRxyZMSsmRxAa59P9GMr_Q0BgzOMuvH6XRwAl7XILwibHXzxTm4Lbybr309cWfIwYg_rVLzlxyqdoucy_pncD--kG5mbejJ8OGM8xE3CSRAMBQs5MFSReqzCddwWoDY0w4xP5WFUNNwjHry7NEnSB8MJ1I2FlLEmKk-9MxtyBwMmT1DZbZbK9Q/media?maxWidthPx=480&key=AIzaSyAc-ZJG2uARUs32SfidagTCbx4NBiRLFNU
368,Prazeres' Delights,gastronomia,candy_store,Madalena,2,4.6,-8.0516509,-34.918119499999996,https://places.googleapis.com/v1/places/ChIJXx_AjRcZqwcRNNazA2AAyek/photos/AaVGc3kJ1_F2u0V9n-XT0JwH2i--Pm7ini7ZC-oSWiq21G4QV1neBSZC3mPfbLMrBTl2iELDCBASY3Bf8rFq2QfUZ_GrkoIWrXkLvkJUb2sV8nhv6hqF45Vsq96HerDN8e7H9EXtsGv615OnVM6fG7dWmd5Dp9jBYu04pjv5ZAP1ik7dNHvETS9g7D3T-axg0YSZuuxt3UCc-Qmq3zJ9rHKIWHUo4CGnM0ZxtnddpBGWFCHsbpatMw9dxpobefiakGChbDjBvJ1-fYv1h_Yd2ZTCnAL6cdReWeP4Y5APsQskZHst6jYcbmvdaKL0SXlu-iCrYOZK-E7zezFSeVlaakjVbqHPX9BE7fees7Z4h2mm4eOyeia6amz6wQ0NbwG_PS6KdFsGDf5lPdPmAyd4r0u5s7kQkBaLnr-Sgo3-XhJqgerSCfwqKlPBuS6ceYViFIEQ/media?maxWidthPx=480&key=AIzaSyAc-ZJG2uARUs32SfidagTCbx4NBiRLFNU
369,Massarela Grill - Rodízio de Carnes - Caxangá,gastronomia,steak_house,Madalena,1,4.1,-8.0449329,-34.9317223,https://places.googleapis.com/v1/places/ChIJpZ_w520ZqwcRaEqg9h42cdQ/photos/AaVGc3nbcVSH1C0Yw3QxiRw08AnsQorpmG4ENYIIgmneyYJG8ug18AefShJfo7Op2KVhO_bz-7n9nE0FBQeFHyPUmFxS9EkA6Qbt-QXagvXFv8eB0X4MmGtn0o8HvGGIxS9ERIeMSCsL2U490QifDEF3xs4NlTy_6VwGgPNnnXlfv1MHuAXCwGORrujC2drUi1-gGyrJg0kMAj3EsstS-bRm8T7nHRnI93nezF4nLKTc3WXruElfxkTx7AYr9o56ngeImaF4GitpD5mUUsl1zItO4UxqKAwOZXXPWWiOLI8yrQ4QgeVusAOqbxU5tFPuCBVnWoOU5b8eyVyjIWEFf3KcKe7oILHn7yfFCrW6kxisHRSHlDhYQGeFcNPtTtzHQgq1RamCxI1JrAWG12jaGqWhOB5U87DVFISOtlvTeNCs1Ai2Nw/media?maxWidthPx=480&key=AIzaSyAc-ZJG2uARUs32SfidagTCbx4NBiRLFNU
370,Seu Zé Madalena,gastronomia,bar,Madalena,2,4.7,-8.0514861,-34.9067826,https://places.googleapis.com/v1/places/ChIJZ_MSmvsZqwcRf3buAamr9s4/photos/AaVGc3n7qzJ3625bTRLdzcPo-sXGNDQhO3hSqYwDasM-8HR0XGR3lX9AIPtrjcebqUeqZSGcxGK7x_irBOqWq1G-CXY4oRb545sBLvA1LGQEapopegKfS3nNhvTCchXQrff_xiQbpIJXfbFc0om_2I6RH95L4o46DsgEbKVHhTpLAFunm0LMKAXOihuf0CgF8MwYD1wZvF9pVAmzgC-vjKF95LVBfQl_yfcpiRM9Pcy_26N5Qk3WiafmxKQ0fw4uYv5ohJ53Hoi19HRIZxSvMQUXGx69ymkg5DrH9onHGiMp5PWpKFL66StvjSE9uSfVSUbvcgdpp_vVc6v5LDlbW6PX_fgakJ6ez-JWSjLs733aRi9JzD0BDcuedEZthKmROOcP9U2ZjU-vVY5L0CKwAyqddOXR-oMTaHRPe6FW0Hxsy34nWg/media?maxWidthPx=480&key=AIzaSyAc-ZJG2uARUs32SfidagTCbx4NBiRLFNU
371,Terraço Capibaribe,gastronomia,restaurant,Madalena,2,4.1,-8.0361035,-34.925823699999995,https://places.googleapis.com/v1/places/ChIJPex1h1YZqwcR1fhfTGi2obM/photos/AaVGc3k2-0aPEpfz4PdiEf54JT1-QIB-ijLPbU876L0svHDHWiDnarshLuYVgsniNnQ0UWlJ_KGMdDRzCkPiqU-VvodyKQA-XQlfA8QQ6oXWhVWjbPZdupI1yhfl63GooAaPVOByP3jljot_Wvj-Luu7NhCxtC-7Bk0I2lSs-khFZDCLaBO5kF0O95nsp-7GIPrVjbLvwzjpsjWjbcqhrxZpdyumzlQK22bv0cV2QHyjQkmmBhlwtfWvA-WgP02n1chJsjSdDsbM6a_-jkupkAGpDZsCKRYzlAoO1a6U4_gtot0Zqv3pjFNe9wYbastLN3oyaWl3drRqKYwgKXn7JCm9OckTNiHwwDaQh77T5Ql9Q2dDEFmLmUZG3W_z3CmIEdUCKRPsezTk8KdDTV-6s7pWTAfQaoL0AqMvJmB77V2YhDpN3Q/media?maxWidthPx=480&key=AIzaSyAc-ZJG2uARUs32SfidagTCbx4NBiRLFNU
372,Bar do Tadeu,gastronomia,cocktail_bar,Madalena,2,4.4,-8.0431335,-34.910523,https://places.googleapis.com/v1/places/ChIJUyRWbuAZqwcRwAccIzKCB-M/photos/AaVGc3lKa3PjDuETPQenPXTvVnqGNPyhWQSEMmkwwGwtE5hrHZIkVIEqdNsFH1atq9Yz3HcM_KC-QNCiChTeHL5H2cNfGcO5p6tYanN5HG9OmX70lLzgXdECBgYSrKX0vvl-lRZ2yJw5vFDx-VTe_HxbKBd1XzbHFQBhNQNa8iex93RjH_qIl0kod6092nYLQyt9XZtNdZfUuxdcmPAF3jG-NbGEjzJpYwUYKDylQcGENc7zsFkAswBqQZWSjPvC0kU2CTGgIrys90HbWTwWAvx3nXp4eXA4xmfc6jksl6NFFotCtc3bYyV-x8cSLMrhf09Hy-9SY3Nzs_aUuNjWWHyw5MKqmbrzuPuLi0jdUcBXDEkIBGGX9-oULRW5C4g9FpmxDfrUjBnnevCCOc6NIVgZG6Vu4NLfFw509cMrfktxQU2FOc7ZL7byB4AcQonYYXyk/media?maxWidthPx=480&key=AIzaSyAc-ZJG2uARUs32SfidagTCbx4NBiRLFNU
373,Jockey 365,gastronomia,barbecue_restaurant,Madalena,2,4.3,-8.0606761,-34.912708699999996,https://places.googleapis.com/v1/places/ChIJ83EOLSQZqwcRbNJHkspUwnE/photos/AaVGc3meQRoEj6ilWM3R60pTy1Mv1e1O5Aw1UIeW2sr0LENskPF5DGAcVRdmsh95v7lAP3MKdzlyZuC5G1GONMiaVb4A-cFBS4OLXUCLXXFHUWNx0SLWv6os2iRIZ8a91YgLwxaGfsImFXn_gWvX98Je_ZfaJDeCD-SE1obhvwmMehMFLDTh5_Q7lg4HnXVZhkJxAabIThLKJkHSaRhvMJCUZLYmNVMu6fzmAxXcnkP3vgHGt0_gZ-xLjbE78ARWiLFmorn_I0lfekJwLQ2Tahn_Oq18kSnuSRgLtklD4FE3E65JulSjvTJD0Ha7YWA-eLxyVYm4pZvHJS4_eX2--pHi4D-7Kgbk35KnwIoROvrBN6ZO2b8zAHcFSaFbVEVYFrteEwMOW0n1Ja2p7KxshlAS3ES36cpMnWMJYxMqLP4v0Ja9Yoc/media?maxWidthPx=480&key=AIzaSyAc-ZJG2uARUs32SfidagTCbx4NBiRLFNU
374,Costela do Matuto,gastronomia,bar,Madalena,2,4.2,-8.052194499999999,-34.9077023,https://places.googleapis.com/v1/places/ChIJeT1cyR8ZqwcR-m6lsT4PapQ/photos/AaVGc3kA9V2ik8LKoc6LaDbi3BUrjAYjrWYJsHJD6wKYXmPYVNOuK9GJ1AURPwIzmuCq8-tyKjXeOiOAIKGMYSvdKioWLYhdd7N1pwrqV0MzwD_OaaHnQMK3C6EN12wVVdIZDlKqsC6L5dhDi9Uw8Q4t4L1TQtcnufkRA5UBMsU3YnRsLKSF09jKw06QgKz6EJpitzNPFKymPPhyeTmvHl6BGTUHo_uT3VyHTcPFRZu7ccKUJoEO8Fe-0o0TaNxClua7CigomrcdP-YN9ZPbS-fYhh5frC0pqsNRNXVumF7_CXX7CVHIwOnaPWZUBvmRxVR5NqM8Erzt8RINrFq1fMo1gs_ImW-Xvy-BEITdLu5z-68zDDkt9_s5tmbEpGY99LBlIucmWiMvyC6Pub1Zxb45dKjGCQcRRdw8qUIfElnOdxyiQoGN/media?maxWidthPx=480&key=AIzaSyAc-ZJG2uARUs32SfidagTCbx4NBiRLFNU
375,Mamute Beer,gastronomia,bar,Madalena,2,4.1,-8.0441545,-34.904902799999995,https://places.googleapis.com/v1/places/ChIJmR9voVUZqwcRa8Fgi4DdMro/photos/AaVGc3lMZXYp20-rSslMD7V2KMo5_HsoMjzHF1HIvve7sEVvgz9sm5Z1SRUJetYK_bemxAJY0nFTtJSumZJUE3Ho1leYo6exEwc272KeB8rdH0dE7QVhtWmBP0CpR5YHhwDSYUQoA6uGmvQ9YCJNnDV-cyAEohEWt9x5YuJamlm0jvIjp6PcG6Ge3lYqw-zHTiqM3yz4h0j4BLsfoRTWjjRy2d3uIzXYlkfPFaVG3LVFcbkdaA2cOYptWaA70bJA5DW4792DHX0eZkwGtDDOFBMSl9GzTgbwxhFshECk7erESeAIegeTLRz1kHiX90AiJUO6-m0-mMDo9wQF18OYwtHj6-ls-ox4l0iwBw7smRvYVbQ82mhRLXA_14TPX2rV_X1gfQMrM4F3rB5QFPrU959G_YqWM5JKM0stc8V0SVe69RSjkfss34BO6VHLKlS5DM0V/media?maxWidthPx=480&key=AIzaSyAc-ZJG2uARUs32SfidagTCbx4NBiRLFNU
376,Mak Burguer,gastronomia,hamburger_restaurant,Madalena,1,4.5,-8.045766600000002,-34.9188873,https://places.googleapis.com/v1/places/ChIJhcm5ZxAZqwcR5jibjQPrQ7o/photos/AaVGc3ma0-T1SASF1DnyidQHbnXIfSE3brfJDrKXit0c80z5PjvbeHOEZdYrdGgrqJt40JyJlXAaAVkbKu8zO16xOumrrdetMbQU2quLuSRfxF6sIT_LzjGt7sZ3iF6Vt2-Ps0wG_9_-lzx5Jg8Kbnz3gxCPLq2qyKadQWjCFxmCbgKCvm8IwN0sqA4GK91MFy4GjxL1u_zE7c_ASzCpx6pe97ao201dnnKp48QKpI8tWfpNGachTzxvModnosY8p-H6rZrGfYNcqWRM6jAr44KDszLDQcm6lyVkEMjk7CJIw5Ip4TuyCvPsdpxtBNJ8vA0mT5eC9rCumDV0ss11VJp549ZcYRo5AioYhqfn5jHGUiaDSr1jFDsaoIU3BXY60gVravSAhVb1djqzx1dvHrpxNNeepYtByZd0regq274cUf21B2Ev6mP2oCVw9axRdA/media?maxWidthPx=480&key=AIzaSyAc-ZJG2uARUs32SfidagTCbx4NBiRLFNU
377,Fogaréu Restaurante e Bar,gastronomia,restaurant,Madalena,2,4.4,-8.0498985,-34.927145599999996,https://places.googleapis.com/v1/places/ChIJvS8Q5_YZqwcRaWCp3WyqbfA/photos/AaVGc3ksFfknL21oZEazHeefEKp2inlnK-06OZhWXI2GaECf9XbgV1fdRAqFcuvxoqvc9_aY7mzYWa0cmf7jiuayLK-EMfOjl-Sy0aHOngoSsqACck6nYnemhI-Z2ATyp0URz1xWMn1i2QBTnDGEQXlnnxe9ZJ1ENBJ2DliU9vdAhbRoIIyV5N9JKYxGzdktJ5Zzm_b4pdlwim8Awbilk63pYmnqTDFZLgK1mDtkdHixke_ZcVkNMJadjUcvcGjHOjylJm95nxtx_i_kzyZ40ICW3kitZHSsVZc53rVlgiLQuIKJiiPJyUacmvJZBZe35CqkKxzTNwFzRnu3OrhX9iS2xg74e8cvcbr3zx2LjfsVYFybRtLT-Hxm8C1aSm3vsAePvlqCPUT0eYf0dPRczbUCIrzDHDh8l20zkq1vm1j0M4x3wQ/media?maxWidthPx=480&key=AIzaSyAc-ZJG2uARUs32SfidagTCbx4NBiRLFNU
378,Cafeteria Santa Clara Madalena,gastronomia,bistro,Madalena,3,4.5,-8.05064,-34.9075365,https://places.googleapis.com/v1/places/ChIJJRIAFx4ZqwcR0Z4h4bQNjC0/photos/AaVGc3nS46ALmNCmGTDD5u8Ye8Ud0YH-ahEN0q34F0GLRmjtJ6tllzJ6rvzY1Nrpdf6uiqI1qq0-whJRnvVWYWAgzRPObTbJK-l4sTMDDQRvdGEM_fcvM8u7YsasvQN8h_DnIW4kwARl7Qduksoo6hhY99yfnqIXDub1W6KYeo5daC8TVTfDbY6D5GA2Bjk_nTqI83NMzeAIIHuBt1GFyCVbSTph-WAzbrZ3vqi8o-fHyg7hVWDhpaaD4ODH3EjKNgrwQE7bS1eGZfD8fd1ICI9CtJc1N_j9H2fbImCi0q0WwKM9Uov7vS-HX2xz9v12Aey-mgECz59OCfL-KamGtK5VeW6x5hX7rTTBdGOXsmP-TfKrJsW5ECtgO7DA5L6jpHwIcJMjnzqVnjfEBTyuQJ7EWLbbPdNLNZ_BOMKYLXCvlCvYALRZ/media?maxWidthPx=480&key=AIzaSyAc-ZJG2uARUs32SfidagTCbx4NBiRLFNU
379,Yokocho Izakaya e Sushi Bar,gastronomia,japanese_restaurant,Madalena,2,4.7,-8.0472646,-34.9059673,https://places.googleapis.com/v1/places/ChIJ4w1acl0ZqwcRmKE_mv4xmtY/photos/AaVGc3mcfKbsoI8HqZ3hxnH6fwj-St2fQKGM2w7uCP5jR3cPCXvOGkNeZA3mY4eJtkr_gHk0AI8wrUyH1JT0TewO9zjccDqQZ9SvTbsXPXdeE6snsRmBBfrpgKkhrK5scGXV1oxPJNzBVrVor224iDvww4PHFTumN7xQd8s8KcPza4NcelJWSr1Oz4gSfDDi_dNzclaDaRAsTmB3HHAYeKL_3ZuwY1LjBMk-_9KBDTdNYbWCmlnYvl1MneOdty-mKyXI002HwhpgjWbTsreHg3lW5SgUwzeU7DZTSUSfGptk3TCzby1Zj1flv5tbPOAfgfQRZ--SsnyIg4izm6d929ygO59-PPaq8kom2A1nxFOzonGH50mXwnzWKGvS7KFpvsD4OCHpYKvbBN53CqzN5wUAHVUjHjhqJAu9e51LikXl9xYJbA/media?maxWidthPx=480&key=AIzaSyAc-ZJG2uARUs32SfidagTCbx4NBiRLFNU
380,Olegária Cozinha Informal,gastronomia,restaurant,Madalena,2,4.3,-8.0393741,-34.9213683,https://places.googleapis.com/v1/places/ChIJpSwq3NsZqwcR_AhQWUi5jq8/photos/AaVGc3lilWZWKfk0RsbmM12YRzQXDWLqDztQlX8BV8MLNxBeGpArLOOoxs11kWhQGTD505UfsZZl8K5wK-mOPFHJt7nHdK-DH3YIfBQOt6elZ6gmyxqkLsxzRPENz0hx1e7Xs2bQVD3atOTRF_Vu4-2Z5NDLBZ70yBuK7cFGGWJy6vYs3pkjfl1pONx_Rq8Ud3_BGl4ZNW3hMIISycz_GKK6ZefYj96SejJBFcU8kRDum3iLAiMxSRQfcauyYj0FP3RWV-_umAFBrAwgderorChsDBW_2sOVapsvvKqgVDJBDNtb2WgqE8aqBxiFEy9snxSl8RFdDyyPab4GkXnh2bj5nmTTH5gsJF0HpiHiumKkFamgkMGrex6f5KDiaJRsLri0oRZqZ5EGfwjSglHjzPTA5wwHV7MT22_8oeBjA28540w/media?maxWidthPx=480&key=AIzaSyAc-ZJG2uARUs32SfidagTCbx4NBiRLFNU
381,Cordeiro Rural Exposition Park,lazer,park,Madalena,2,4.2,-8.0447407,-34.9253497,https://places.googleapis.com/v1/places/ChIJFcr4QRMZqwcRKTFKswiFM94/photos/AaVGc3nUW_YifgcpCBKK9FgmAzciaixYb-DzrpM4tAQc0qV_n-x-0pqlcjgg_bDzRe0vsitGtyskuXZ9DUoaEOPdnhS7kS9KQevAjZjQJ-cGHeFX357IY-DQ4Mq9cOXDtDA7FmpCXagt0p8BqstQZ3SRyMjwdY7mauWHTI88KO3-ON69zhwX8ds-cRza9abpFR67LuxrmGrKXpVOFnKyR5wKDNKmkwEMmfRrLQYCJOL7SdNJYYiaba6Wlyk9ojnfr5VGaHvdN9a3KGUCR8cDZDiiy57rCQxka_WuHhCP4_pNkUnqCErCXhaJV8aiN79_o9CAMeG7RxR8cQXETYwBkLUISScKeK9D7fLwoxovoteVgg1Ot8ZQizXpIqyxOXXfDDY5-KFSOi-V8HpIQz8pwTflNrphrlaonFuZOx2PRaK_fHP33Q/media?maxWidthPx=480&key=AIzaSyAc-ZJG2uARUs32SfidagTCbx4NBiRLFNU
382,Parque do Caiara,lazer,park,Madalena,2,4.1,-8.0387535,-34.9277385,https://places.googleapis.com/v1/places/ChIJO0ztWgsZqwcRTTIEwHN9A-Y/photos/AaVGc3nwDcm5yrSh074L63Ha--mHMTvWNE2-diUBYWLfhwF4S6bLtBC5zmg4LOS6bxv_qUteGN8V2onpL5sSFrfAve42YGupDJQtc-J1AZhPM3BpZ3IAQVyjWZA7gCUpGb73YlZCYpc0ZnxLriLfBhqbHalqhb6Yrb-Yt5hhY4KKFUrjl6qHBup3WvegIcWKedqOvs2iL6F7_rnWPKswhxfyaxsJI1JpCpXhyvlJLs49kHoLtS8F22pP7CinpVCMjjqy9zsfuB3lJsoFZ5IR98vqoeWoOUuqx8-8tyvnAoqWgtmGWqvtrbTdpIy7CVxXcn66fkYGQX-u4SavNwIoQ-8S4GX0efp_XZUYVDwM3F7A1MfG_dxj9NG5AsB7VkyO4_x6WkkR6xVaGiQlVvCFqUrXul_lrZDyBJMJtXfkVzQzJtPcn0-b/media?maxWidthPx=480&key=AIzaSyAc-ZJG2uARUs32SfidagTCbx4NBiRLFNU
383,Sala de Reboco,lazer,event_venue,Madalena,2,4.5,-8.0536651,-34.9201748,https://places.googleapis.com/v1/places/ChIJKVpGdj0ZqwcR5V71db6Ms8s/photos/AaVGc3l9_RRWPGJzvrLp8SdQf42dvCVG3rxnXQni0guIal4RU5MPLoS_D1pdyTaEcUoc4EcjUH2T7zfFImwj5XX-KbXN8Y_CXVMANjC92FVlTLheiIpnMG1T_ZRUQEcV04uty4FBUWQS44MyqFSlQBlQFsMT4Vx0YUJ7s4HsmdDfU1_H8SE8sAz75xM6paXL22S_uji3GfIhitUJeiW_P0T-UJMQjBbBWI-EFMHSkumgmxoUJbPHNgVScxa3muuk3F9_eqneCphyfFzdThX2GZGIgzN2exfo37jHV_ZRziJKSaM-I_VyyUI-UKVCZtiNu1VEgDmOMO-rEg6WeMBn9GQgdmg73jLrYaXIFGPS0M0IDt1Me-KAQk5MPd2Xx_X9DYZJ25Vxnz0J7aMJjflgcTf1t6eSdNHcdDTUxvbxhfpjlX0/media?maxWidthPx=480&key=AIzaSyAc-ZJG2uARUs32SfidagTCbx4NBiRLFNU
384,Largo do Poço da Panela,lazer,park,Madalena,2,4.7,-8.0369143,-34.925247299999995,https://places.googleapis.com/v1/places/ChIJBa_qrwsZqwcRSQplFqglvSQ/photos/AaVGc3kUDYwQFeBE5dSynNml4qEEUPhFxYj6MjHg5QQO2YaDtlWEMN-sUWlitKTYfT0mtesk2OKKhXQw2hUGpEcMj4lIxW8CyaylJXxby8AobCcfUbKtplylTNdan3n_tLQDjAzEapfZ4kbhpsJ_nXi-6jvSshOfi6g_WN2uGaNLbA2yi1Q-xzQEJvFHJWjwu_q8qtVcmoLF5ICFAvL5DKD4QZ2nTlMJx5G5mEPb-2BPznyyv8fINiQ_9jpoHn_rKq-firFLcJ85bTnMD0tle1ixqxBYaTV86rqpBZ0tOAY-wo17MByfFXZhzMVCnKgkmjOJdXdeWDf4-3RRsQhUqnJRecc_Itfc1h8H8ruJLEivCEafjKNi3C89Lb_hQzU5CfW0vytDp67t5aULbRGTdQ2VClWGXeVneq4gNO77_emRMZ4o5YMwAMSsPqgG7DnReM4K/media?maxWidthPx=480&key=AIzaSyAc-ZJG2uARUs32SfidagTCbx4NBiRLFNU
385,Centro de Artes Grupo Vida,lazer,educational_institution,Madalena,2,4.6,-8.0530516,-34.908405,https://places.googleapis.com/v1/places/ChIJwSt9DboZqwcRndKxefj34uA/photos/AaVGc3nplIOxqVGvtBrwsDWMm58EhcIdJcry_xbXBmjJ5j-Kxg7ilA8SiFgxVzWYOyBY8_E7AXQMJPj5IfCDwQPQNjJUB40T83cmDPJImBlXIQCW8XXWz9rknMZV4BD0C246154hasQCdL5b6VlnYJ66ruK3hbC5YMdAREFRgd0s0uJcNsprXIBQUgfdQCiGci1PbifRI9-30vg23wm6uaVstSf_-JZPwvoacY0VEg_7VQJhELHKvHl2-d5nEdQvYGJAw0R6TPMkMMI-OyXpldahDcMAs15BJ0nN-8x28haRojffPVhoM5P6K729aF9JE9rurVPbbkdkZXqO8yyFrZpEAWGB5NfEIgYCAyGcRABhlH8wG-1Cl7J3JEsL2VGp0Q96GsAmClcPnbZp7ns1V6tgmxvyydznNLT1Ox4qR7NvxieOwQ/media?maxWidthPx=480&key=AIzaSyAc-ZJG2uARUs32SfidagTCbx4NBiRLFNU
386,Parque das Graças,lazer,park,Madalena,2,4.6,-8.0500353,-34.9037462,https://places.googleapis.com/v1/places/ChIJbS-oOwAZqwcRZt1QTUkklEo/photos/AaVGc3kcDVqZauwRZwdKgVvD4rPu_xTjW3zp4HzWK7yUaeYYA2UxK4G3YvW3yENd4l0HOXYwaotNzNzDlhWQiz71q6N4DwFQ98ILYUFHyIc6yWzoVxywlSE0h_6BPDMUFxa9yELf9jUFaVB_UgQIoZ_5OW8eBh_UPPXFJG4vClKx1AkhBz9e_PzAWi6Nzgrsov67C-r-aO8AFqpnmBfRhq_HSLyOUwzBaPeR4nbyvQk78ScKfkKXAMjEuw91pXt8voN3Yxt7zO4yVLRbtTTZtxiFvDQHJRWCdHsYnLeYAGJ6iSJF8UZNJLKva0kG9KH7LaRyaobFR1Z1hgYt0lwGfsbyTxj-9N-XdlGV8Dz8-bmXCJFsNQTL2IvEjXZWAm8spmptOHGBV4vgj15EPBD2KnfaLi6w_hTyNFiCNCKFoTPubA8/media?maxWidthPx=480&key=AIzaSyAc-ZJG2uARUs32SfidagTCbx4NBiRLFNU
387,TROPICAL GARDENIA SHOW,lazer,night_club,Madalena,2,4.1,-8.0545926,-34.9112888,https://places.googleapis.com/v1/places/ChIJK1W09iEZqwcRoEIo7hA4J_4/photos/AaVGc3m0e3BUBiLUPVMEtTwBC3HcRuxh-HUEcvdHecqNUUyPOc8zjT9SyIsWVSH-oFJmivvLrpv5raNPawMEpX8rmceXImpVuteB1RaqDjpVX6sH-93Oeq7hyIeT-jyOcydAaAKKaR_F3oYpQJX_Viqhc_53qo4e_ibO3-VzqLcTqnFdDeGj9JYXL47nvnosirOhQwc8MN9eLl25NkM8sEHCdlUuPYDwda3M1CoZA53c8QqDSa19r2N03W_pRISVTWRWFM9VXkdeerddZKFQbsj48Bki53v2dC__CpubaPRepoawJoDXa0i2eb5zUhVDoD_RkkBcks7w0ojcwdphMmNUX92X-rtn0CcIxmQfc_KaTDVgjf9NxtajOwl5CVMHa3h0tNel-bEKt_PQgrh2Ixnxu5ogYGXdNaj47r7yF_UBHy0DxaLx/media?maxWidthPx=480&key=AIzaSyAc-ZJG2uARUs32SfidagTCbx4NBiRLFNU
388,Cais do Caiara - Parque Capibaribe,lazer,park,Madalena,2,4.5,-8.039051299999999,-34.926407,https://places.googleapis.com/v1/places/ChIJtcX5SrMZqwcRknfYaVXKC8Q/photos/AaVGc3nD55DTjJhPkEmM0yic7OYTcXTmW5x0A4Dm1n9tnALrCnmPc2SJ1R_L9pvarzx5B_VymATQN-pttEYv9ES57WFMWE4zPBxW2YxYBJNgJ1PqnJUcPSDI4ZJa4S7cERj0hvYddMS6vwwurdMuBykjx4xZBFWxUkRWDbuCoDi5UGv33yhFjqV40-dMGpZ3HNj6Kkpmn5bgX31r3ESZLnokKXx9FTSaJi0pn_mDXFWRokHCymNy7j77tcGdn2LkMxZB71R1KvXH8nybcMhqBkdqiMb-3cS98NXjWhNS37epF8rta4TSK-RAAydLkLXJSKDa4wADBBv5uHUs3pKjPnBzbgTlIopBp1F2HqWlavMtb2bffBz1Iz2wJmxypS9NvZZ_qfeiqm9PxiGr7DIeM0PF8iYDt2BhZ4dWkuCP19VC7M8L391Y0RBIxQ6ctey5m1r3/media?maxWidthPx=480&key=AIzaSyAc-ZJG2uARUs32SfidagTCbx4NBiRLFNU
389,Empresarial Executive Center,lazer,shopping_mall,Madalena,2,4.4,-8.0492061,-34.9067224,https://places.googleapis.com/v1/places/ChIJMYlL-B0ZqwcR58m6iTIDYds/photos/AaVGc3l4Y6MS1eJg-ELHj4jgaMNhhzS5f6PHjCOqXH_ww7zDX9RF3jCf3TaSsuqPzv2uwOEs0fooYxoKClG4hf5fTKo3IOXSOugAWBhVWSDGbPKbrieULoZugwUX1khGfmxFakQTJqPoJ5GDeJdc1Py3xXmh_qdrAxdci8YSqclpvWLKedcJS65UvfYVI8Q8-jbhQyaAxCVN7BqvdikcG4QSNnvDu7RVFt2Ax_KxOSEpH2ZdV3xsgYbDE7zRTumULVHo2rU3pXrZsHrUm2YvoFHUdP0IdrCB7QTjfWtrDorcGrK5LkZmlSB7cgsRWRV6IQGwQOKeImt8nqrPW4n3LfDY3TxzN9OyE51VWJo1iapWfK1Nht90LWxNpM-MiX_UogQcTO2FOQZPSiRnmFTRBXnKhNuh_-yvx2bU1xDp53y-YkJS8g/media?maxWidthPx=480&key=AIzaSyAc-ZJG2uARUs32SfidagTCbx4NBiRLFNU
390,Madalena,lazer,park,Madalena,2,4.8,-8.0515559,-34.9085728,https://places.googleapis.com/v1/places/ChIJKQBAzJ0ZqwcRwm9NZz-Dh6U/photos/AaVGc3nf8eFPe56TcaaUNTsXn2PNZ8vMWfgqgJ6ka4AeC_1kChuYvwj0aOunBOM60V6FwbYQfggo8pA02Vx5MW7GNDCB2KF1YKTzoDr732lPsdNuhnlg9SaHw0e0NIbMtUniY1urekIG_07NQGcITyb02JtK5as6AJOliH-smxVVbq4V0tAimAxJCOsGYGftRyhj6rQ2Al2iQ5_GmFrYtSwCP9u1AfYF5mvBJrHy4ffK_3dfqlUuuSfk7DFeC4zYTt9RDC_UhmWaX5tVRJU49JsFJ4Spo6mR8SKNWmywlFS29gJOn6cpY2E7V_xrU4i31r0HbrVU2M6WHtzyYOay4F9A5D4-cjGy77IDE8bksfVA0jZiNj8O24nWIqCncQ4gKwkCi9kyAVDr01N5SWPh1Tp9J3AxwhWlZ5fvWmrYYFQ9Hv4YBnkXbdN54y-vvvIBiw/media?maxWidthPx=480&key=AIzaSyAc-ZJG2uARUs32SfidagTCbx4NBiRLFNU
391,Cais da Vila do Vintém - Parque Capibaribe,lazer,park,Madalena,2,4.7,-8.0380866,-34.910513099999996,https://places.googleapis.com/v1/places/ChIJg4cMdx8ZqwcRQ_zerAIaDMI/photos/AaVGc3liPFlynBwRxvXCLdr0TkJQJzSLJNiuAuGxwh9rxUsL3pTjKMJ0pupJ7W6uElyB1GrMVcnunDQ65HwhuwUKwLB_BDc6X7egPMES7eea17LDYOiuFNV_UUC0gYcMVFL2AnxDgGdV4Cvsap8Kt6qcOcXALwSveIggU74pVId-AxA4Pw6MmeN6zRTBW9DTUg4hO28TZgAEUzUenfZdKweVOy0bgDCKlc39pPNKW020Qhx3fO9UvGSCwREvKpuRrhjRkrxgMv8XF7JjDAbu8wkyas3l1xE8Bys0pRR5NqaJqwze8UMRjLtIC1smKGEh8RLMTBQMouZjWZpZM-KO9qCSiTYHiDlvoRZ7lswX4h9sguq2SOht6p_nqQdzqP_x75qmhT4px45Ui3ufTzPA9pXSjnPU54h7KrfNFRiMCAKShQMNABrs/media?maxWidthPx=480&key=AIzaSyAc-ZJG2uARUs32SfidagTCbx4NBiRLFNU
392,Estacionamento Shopping Plaza Casa Forte,lazer,shopping_mall,Madalena,2,4.0,-8.0363937,-34.91320770000001,
393,Galeria Campolina Center,lazer,shopping_mall,Madalena,2,4.4,-8.05779,-34.9088388,https://places.googleapis.com/v1/places/ChIJe9up3SAZqwcRoPzxFZSHgHo/photos/AaVGc3n_qT9HSMF8HhhoKQV4u3X57xEzBlzS58Q-1cuShvt6JB_v-1BfhSp7pEvrOSPklrb7i2Y0ui5CJKL6RB14B-9BcawemYnOlqsulHeR1MIguUhfeKpiy_qas5VzXEVD7C-af6_LMiRKXE04_SvcJBgS1BhTmF1Pr0N6GScQyvb5qPERTxuoziGtqF3gvh0fbIoXWr0KzDSsS11PvVZ_0tW5o39kMpMl_UY_ly3xdaKzdADctq2YoCcVsLyi1EDJ79-pWA790OurucBfs9j4TeSV1fb_ZTV3m6E--wofogQVbHUYV1xSeywVwCR1VRtud2q8tRI7XuGwNmernYm4_Fm0zPm5u6czp551EwPFyj1iEGEaW-WTFUCjA1PFMzR7W7eFd2IIn8O7VgQxq-ZxOPaHXidxxhQz2IdY52VM_0TxEis/media?maxWidthPx=480&key=AIzaSyAc-ZJG2uARUs32SfidagTCbx4NBiRLFNU
394,Praça Prof. Barreto Campelo,lazer,city_park,Madalena,2,4.4,-8.0468152,-34.9137643,https://places.googleapis.com/v1/places/ChIJW4HADaQZqwcR8-Z-hWXO1kA/photos/AaVGc3n0CRfJxpaaT7eItS7yI0eBbFFBzGJagUMig95r9YvIkvzvqEVapLeO8nouGByYoLGv4aw4C2omZkaOXlL_XecfJnKb0kxrlRf5LakD5EwtQbPrH4biW8SO_DY9hPZLgPmnCOJPCe2hQOmcs5NY0JeVGvRamyprQk4usNbtFftyh5-RDOxJOolfjo5Hk06tn4P2ZUOhHaQH5EAhVFOFmTVSZD2ZTcDe66WjN8s6xqy5lHeFpGN5UQx5bA2Ig6ppDc6Kjqw2JxUcjMkaBOFH6T1zNyZ5Sfsn-Wc4rqNKcsWz7nmpmnGifwBh1KYCki5x1OuCcpAWNE8jrY4aOXk3D7i-kqkYRlnMpE0kS-o3tteRaLhkGh-slk_4RImTqqly0TEkRtHt8w6RoOVMt-JIlJ9VPpx44TWtwnUIKvCyTOOKOS-u/media?maxWidthPx=480&key=AIzaSyAc-ZJG2uARUs32SfidagTCbx4NBiRLFNU
395,Torre Empresarial Center II,lazer,shopping_mall,Madalena,2,4.4,-8.0445098,-34.9083639,https://places.googleapis.com/v1/places/ChIJmeMdzAIZqwcR75yaptTCXjU/photos/AaVGc3nYxZC-1HLM-It1cIT97SI1AbqKem8wto1CYLOm9sPpOrj5gFOtPsbLJv8HRY2EzkKxD8WXapww0yxl9l1r2GFFnqF0RRcuM2aRs6WCArEWyC31jdF6bxdsQG9glQSRI7NkTDwxBAYfNn0OC_-AGRtl4o6tkFJT4uf2YHZqcrIf9oT-HW_NQH2-2I_yaIeDgisHNubIihTA9jA9G_y2wC7dvJZ-0l1xfB_biapuTPMaO-PsT3xGcZK4q992VNEJnWvRBdqb2AzVioEbsChe0bsvsyDDz1jBro_vM20bnDJrJWTz-3Z2EcxROj4fvabXt9anX2zSCkOAgyqhkP35E9k_miDsJgtDnIBRnwRO33vcmJuaRVRRQnX2vIFdZcXMQDFyBxNLL3dBopaQ4CvdVuPnl8TQedsQ6UGz-WT6S6PxipqK/media?maxWidthPx=480&key=AIzaSyAc-ZJG2uARUs32SfidagTCbx4NBiRLFNU
396,Church Our Lady of Health,cultura,church,Madalena,2,4.7,-8.0369279,-34.9253041,https://places.googleapis.com/v1/places/ChIJz69bqwsZqwcRpYVryTq-1QU/photos/AaVGc3lkvUG10BJdQk6sDYkBTaNQJsSwWhsl0SJzwlSNqGiFHda6yPB7kkpxeuBPk61k0iwlXdpKsKper2ltFokAlKHmTw560GPxzfGcyf8OZqYCegRe21azqUFeIhEn7HeXRiK1zA1i-6DckPPSV27Cj8kmLXu8C7021wYHwQDgcKisPARzK5SNu9cPvSY6qwnC2BxI0gx8kFd6pfpe8b-gi_-yAxNjWkQm-mCXFfDeTSGpj0W1pO-R3gIm4vWHhJFyeCG6j_tBlt7UfQnctysImRY7Nv-eDmYY4FRH2jBbPqwAcC-qKRQpb5SCr644N6XIifIOOHNUnNVP8UfRbKjd7PcMReGMt0-vBzlag_B349pp9gyhpIvpWNHBck5jYt_XDkcHHIpgweCpBq3FnwAzmON3FcS-iFVWhk6wQYkn_0ryquH0SVu-Ar4bhjW4al9Y/media?maxWidthPx=480&key=AIzaSyAc-ZJG2uARUs32SfidagTCbx4NBiRLFNU
397,Poço das Artes - Casa de Clarissa,cultura,art_gallery,Madalena,2,4.7,-8.0374071,-34.924883099999995,https://places.googleapis.com/v1/places/ChIJa1GzvgsZqwcR_YGgIBv91tQ/photos/AaVGc3nL-2Pe4PMLnGvFkgU0ZJp1K8UosOEOw1-rNqVYPC-mHpecAJYgNuz9I7n3Yz5pVChdTD0DiwDX6FuO7uFJ7nNTv4sp7EOsdIrPXALMIteSiH1JfGslMdYMwp_mwcIh8JiFYU2s0feXFZLiJaB5xUS3AJis2qRYnugGxM_zN8bvYbu_DFGmpS5rYubgVIFylTqtjEHYjb-biI2okeUs3M5lLRLEJyzzymVG7b8bUkXBZ-YdQTb05lpq4pBhjRsYc5vjTMOZUhgSqHUNNxZ25lf94eJWvT5epg0Tt05IIynkkUPi68CiklfBNh3KyYDFtaipJ_fTXmstnhr6o3RkppjcEyyP4hX0OZJKbEVqv_KO03NlOmq081H7xwy61mzQR38tp_UHxJJFsc8grDj2IJKaYFAquKZPdezNpyvvio8rw2w/media?maxWidthPx=480&key=AIzaSyAc-ZJG2uARUs32SfidagTCbx4NBiRLFNU
398,Baobá do Parque do Caiara,cultura,tourist_attraction,Madalena,2,4.0,-8.038456400000001,-34.9283293,https://places.googleapis.com/v1/places/ChIJeUmUKQAZqwcR8We2weJfarw/photos/AaVGc3kqrmI6JzpWKpAaU9qOuSzSpdCiaY-uv_2VoIV34tb8_eTx7OzseAswSVmVFHheN2rbxwIMfLiDdJsBvb7mCqpjjsdPKcDUpaTanYsxHSLrex9KqGbqDFhu5NcNNzPkcNpbcTC5NXBZqbbUWUcbGHxRC337fgbo29ZIOIxkukijVNDqALJoDfC6YaZmtBrlZrQ6yH8QoIaSQOgszDw5ZbdjNFD-wF8YM9lkJKrn8GbUfi8iZ7AzCjhOP2iET339sGwhb2QnfKiFKL1M7aD0TtEWpD8Xrw2uVy1kKJJyvtSwaGTebTJv9AYe90FRJBF7BTUVrXkirHWYZ94bQR_xjXX1QWQUl2JZmLymCQbGqZ_NI1kVMfHsvLsTv8jiSfNLbEcyc7l61z_Ya2ww0ryfZdtsWFFQbDW-WWhpQtU23KP6qG4/media?maxWidthPx=480&key=AIzaSyAc-ZJG2uARUs32SfidagTCbx4NBiRLFNU
399,Jardim Beira Rio do Cajazeiro Centenário,cultura,tourist_attraction,Madalena,2,5.0,-8.0403719,-34.921646599999995,https://places.googleapis.com/v1/places/ChIJP-RiTQAZqwcRPOz5V4-L1H8/photos/AaVGc3n6bWS6jH5JlZGL6M1LfljTSsiEiCtcbDqGPEWWY38XXz3on_XemhNF7bb1Wa_E0fctVes-iRFBwoT4VEELLpxFhko2oKwBdiDCXTfBbpqSizCd4M5bTr-ui2jYn17Ug2J7LFsS8yz8mDMy8Jny9OX-19ibToGoSeR9FSkD35BkDoPTxlxesTl_bpEqn1sAOvnu_JCj5X-VbiXhXfaMoIX0f2Ju-vOAbX3KEF8vKq49LVfNNAHM_LmQtygZ-vqknl2LxujtrF31THMDHmPE_NTVdT3JKtLgzlrCPwLWNnLAGSZhK2LgZOj5TpXhQ3UpxZGZYfe5xmnEsvOHLGlW2jLcIpmljqWn0xNTL2CQ-eJh6j_QwS-fQx08Orgv274ycfkUm2hlG-4-AFUucPDtp479aw1X0c2xFBd63tfDSBw/media?maxWidthPx=480&key=AIzaSyAc-ZJG2uARUs32SfidagTCbx4NBiRLFNU
400,Pontilhão Pedonal Parque Santana / Ariano Suassuna,cultura,tourist_attraction,Madalena,2,5.0,-8.0435307,-34.916632199999995,https://places.googleapis.com/v1/places/ChIJD7P1FwAZqwcRSQ5H4Ae1Uyk/photos/AaVGc3nTcSu9oloEnqeZTl1PuYlYBtNPiaZSso-Ua5HATDYqxJBdlGqwa7-PvKmwKcLWm98j2X3SLwInQt1hJ_vXIwkgx8BHh1r7gMAbauvX02xg1EryesQbWRdlQgJ1pNAHmDJwxrVdK6Sim_yrKUp3fc-1eeMlq_J7oxLLMVdokpu2DuBisysEW56AYbSeJd9J2PqrErSL4dAyb-B1Xex6Gm057tAm1Bj1OiuuSbOlNPJRWb1NBBo9EPcZEJiegiUtTIRs2XgsMVBIWuJTmHPh0ZGUqx4Y59YzaX6V2ziBwUK-sTmpOQiRa-H6BIZNN0hNJLEN9fAjZ01Ktywbx8Q8wj4zCzdrtVq5NszJ0IMocZtXwzzBKAH3Q03_lw5Pb955BUMrR4Q4SQjDEabKcsEKAebL8Rf6FrEGdhKOsX-MmB1Fag/media?maxWidthPx=480&key=AIzaSyAc-ZJG2uARUs32SfidagTCbx4NBiRLFNU
401,Praça Ichiban Kasuga,cultura,tourist_attraction,Madalena,2,5.0,-8.0558148,-34.92239250000001,
402,Galeria Paulo Duarte,cultura,art_gallery,Madalena,2,4.7,-8.0597803,-34.91164690000001,
403,Galeria 789,cultura,art_gallery,Madalena,2,4.7,-8.0379649,-34.915663099999996,
404,Pier do Caiara na Iputinga,cultura,tourist_attraction,Madalena,2,5.0,-8.0389119,-34.926376999999995,https://places.googleapis.com/v1/places/ChIJ61iRFgAZqwcRWQR-yunbzSc/photos/AaVGc3le-d81BB7Afn14YSa7ZrCDxC43CuGNAqM-Bc_IWwFmxnCepBlVw65dj1ooALnfR5ZKEC33gx-QWVhDFzhikUrYUmfEST5kqKv3JCb5NMp0Kwdcf3k3ObkHzE4xKQSceIwTMGeIrjeUHoiPJ6Qda1bDhqHMOEKaDVpz2lhDfbu1ONG1BZF8KtpPJ8AU8ZVm-ESqCtC1_NqsnPMTkWS53raLJ5cF6xmouWHRSmRSy5TL4YOzefq44LTf7Znl6B2GE-31CWcRt1mCgOFeQPv_FLQpPGEK6duqK2I3Uhhu_d-g21Nu0nb30M9pJ2Bwj5MpGhn1-AhMG6VtwAzjPOAeFwiOcanNmW_p-KYNNg_OGfc5y_ZrG7ZjRWLQkBeKjO9TwE7Fs1vYFo-6ALnPk1SCSSZYSCRA8HynQk10vZGyBqW5ZA/media?maxWidthPx=480&key=AIzaSyAc-ZJG2uARUs32SfidagTCbx4NBiRLFNU
405,Baobá do Bosque Ebenézer,cultura,tourist_attraction,Madalena,2,4.0,-8.040368599999999,-34.9278981,https://places.googleapis.com/v1/places/ChIJcQ2SegAZqwcR-lZCEu232w8/photos/AaVGc3mwMHg8GGXEgJwqouYFuripaoBRBz6ad3MID9mijkcVPSP6kPVeoeBRY37cFYYT2AnfoNbmNmxiP7YSf8vws3ZQ2udRP2dZ9DhIbAHvKgyr87vRpdNgL5UBSBw-IN8VAiSfBuWTkjJv7Wm0hmJ6dLcxwA6HwKTMkTqUJnQ21TajjOIHTACXgDHCWS6dRM9tN0xL6DpwH9N1SfS8Mkc4GD_QZh9p2M-sB1UQ1uR2QV3VY7LWh8n3DrE5QbYFI6elxuvyiduoAZwQ2tztiqykdShqY3Z9wxAAJxbLbhu7ArauHwLkv0OK5cIqsQIpbUgSYNQXqdxn5MA_bb2HGR8wlA9rHS9WLJi4XvpFkxYUbtlzSuc6yo2_XFsNbDzDEqb3QuaFaPIXQyMNc2zaGS72_oAxto6YKdiGq8gNH7mmuAeitQ/media?maxWidthPx=480&key=AIzaSyAc-ZJG2uARUs32SfidagTCbx4NBiRLFNU
406,Emmanuelle Prophetic Art,cultura,art_gallery,Madalena,2,4.7,-8.047575799999999,-34.919972099999995,
407,Central da Picanha - Rodízio de Carnes,gastronomia,restaurant,Aflitos,1,4.2,-8.0348484,-34.8925778,https://places.googleapis.com/v1/places/ChIJAYp9AFkYqwcRbuT2Og5geqA/photos/AaVGc3l3cLalI6etJDll7Yy9AaJx9fzdvbZkjpZ64iAq6EGDlyV6NXvfvD8iAGWHcO_5oi8_Hi2k33BrYmFnf30Cq63ZK1BqerFkcEFodsp6_iZBJXlbdyY6ZoJ35agb3283YpCCkkVegDtHJibt2-UQx7u7fnRNwM7_7Dm24sfMHK9gzmRT2GFph-5zBHqlXCfBVG5WVM3f3zdJd3m9Gp3c0q990hokiUWsUZxyc-4AeHN32EAb76W7ZPBXBQb44aVWYDOfyTag5SiLhNBXu7YpbmYItZYIEQa0YJVncOjApDcbDAAQNZZTgBVGm1o0DBEmsgHRXgaHFFqLfuZdaComBj39tmESEZ1IA29ZxGCyHEnxeWkaccbFkJPUrQeuV1nLdcxrjGc5uraGDuPB2pTRrOp4_otwUGycXHNaqmsTPx0/media?maxWidthPx=480&key=AIzaSyAc-ZJG2uARUs32SfidagTCbx4NBiRLFNU
408,Reteteu comida honesta,gastronomia,brazilian_restaurant,Aflitos,2,4.7,-8.0340749,-34.8936104,https://places.googleapis.com/v1/places/ChIJ9RmVu1kYqwcRPbkXE7cOzPk/photos/AaVGc3nZIeZ8EX9shrRj89nlMLna4HS6zk6U1glxVr2DWOBzqxJHNf7rhrmgh-GV9kJy7DyiOyTn0DVasbZ7T2DaYhIEpadBoWrQAtWBH87wMQWoqDYJaomckuIG2W54jemjM6fRAod6-CzSfov0M41urUZ8WfHGnHB-aerMCUavpSxxOOxqsAuU-yvkpE0Cf-ooypoZkUxv-8JmW6eaDImPunKlDt3UQjATC1OECwTNi8rW0g9iYr2Z3y_KWqxoTFLfXIdCZdjV1tleaz5QyTlRJ49mN4WbyqOsSjZP1U6Fc3wr9SzVupjdgtYEBXwn2w3rPi8VxEDOnr8X_mxqYiV_UolTGsdJaavod-N2reeHZYAAQZrfNozlAS5vctgKjAQ1cI4ncyqoj4xRvA6UH73Hd-xrem5a0it3gSRuBVf4dpsOvXe_/media?maxWidthPx=480&key=AIzaSyAc-ZJG2uARUs32SfidagTCbx4NBiRLFNU
409,Praça Dom Miguel Valverde - Parque da infância,lazer,park,Aflitos,2,4.7,-8.035511399999999,-34.8928343,https://places.googleapis.com/v1/places/ChIJZRkLv-4ZqwcR1CtQf0wAYCo/photos/AaVGc3nZ8xxZkcdGJk304eQpJ_gliptf8XDza0DhC2QZyTbPMzgzEzevw8IJZe8BJiVVvrxOWr-GxsLbStjULX9UlD9CigEVpO-C-hsIZ95TLpzJWcyAYRsyzvkz9bgvOeOHOgTXgLGo2lBNl6a2krMqq4oDQYrGiTalfispeX1i2ERsNrW7zVoK2ffTHujGGpNlFg9WWXYmvB1fTRoncq1RAXlcBjg3nynFEsnMbc0VhteLGfxxkEX9LXCNGQFVPDSoBx9QdN-0aP6AB01y3To2YF2G9aWtuZptpDdCMdv1pfw9H7bJPsNDeZHO-XHQdG4U9Lj2CRJUZ7brgWlmdH4lWlh6XeybW_nx9W6zRhhAtIUQ5JYaF2NjfC1wXHvnVfSqr4f-r6WqxMebtYkufGVm8o-_sq5QbgM7ACPYI9vuG6BpBQ/media?maxWidthPx=480&key=AIzaSyAc-ZJG2uARUs32SfidagTCbx4NBiRLFNU
410,Multi Center Parnamirim,lazer,shopping_mall,Aflitos,2,4.5,-8.031777,-34.9094651,https://places.googleapis.com/v1/places/ChIJBzKynasZqwcRny2ALcBiiJY/photos/AaVGc3lv2ys4Qd3XFX5MoLsDvY8cWaUDkl0DEg0wNiMKmIL0PGUldYHO1a_4E2SHil3EqUSTUZodGKFfEhLwjVIihmu7wUlEWwwP9NYP44FVtAMGbTrE5E9tUmzrIOjxENDUQsyvvO2iQDDfu7knvkIf2y4ZPIYPSEY1Bd1CmawjIUuXz0AlzKA_Zgk71qGIMeBcyCXJBS2RIb44GffeB6P40HXtvk5CnPAzsb2e3xELP4ETaP3QCX3BxRxzFr0Y4oUq0hPcHNO53pN_IUOK3ZleqAr07XtcN96gTOJa18nGe1wz-MkUUpDO7LY64WMrjoAgHwiNW45pcL2_u-OgBqlDlQPdSgzEBgTOZsG57HrCedpnFitljx3YeL1rIFpycsfaRY1ApdLifmplb2sO7xpgaNGFvw6lu3tMX2xJ3OnvtEMiHg/media?maxWidthPx=480&key=AIzaSyAc-ZJG2uARUs32SfidagTCbx4NBiRLFNU
411,Galeria Estação Jaqueira,lazer,shopping_mall,Aflitos,2,4.5,-8.0375515,-34.9022316,https://places.googleapis.com/v1/places/ChIJOaSMP_8YqwcRdO1axpq617U/photos/AaVGc3mAgLMJ2jOBZKUcNoFguG2uN8FCOWasg-4Hy37sBqokmYUZJvl5hq3NLZG4QlP9mMgzbqKI3SZCZdNtFc8SWioVcRNenZLsrVzttMnXZpFsBtgvSWWTCQyZqlMLUOZANgmw_8KSr6QkYrzffzo9Fln0-o2wp0J7h25my1wVQmWe9KogpYF7EPyYVvGnGXeRdQ8eTl7KqWoJzTefMYoec4J4OfprDvCXel_mTu5y19BysY1P2dQioPUj5-z193736JVgNXcqKKNX96bXAwcG4F1rc8ZdyyPh4h_o-s-prPw2Ci-s4Gj9bQrHGu2_opIiuLwUHj9nKz_w9x9l81RCB98DyaWxvz8PvKutVhiaEbdOiM9Hvly8fdwPwT0ug8t5KJ6SFiUB0u0yAedTZdZVBSr6ocpelALvQZO2v0hSZGUQyQ/media?maxWidthPx=480&key=AIzaSyAc-ZJG2uARUs32SfidagTCbx4NBiRLFNU
412,Galeria Parnamirim Center,lazer,shopping_mall,Aflitos,2,4.3,-8.0331881,-34.909923299999996,https://places.googleapis.com/v1/places/ChIJtXVjrasZqwcRW8blG3SngKQ/photos/AaVGc3lzEWjTnAu5IJUEYvl16jEl5oUwTwWfuoAaVzxuP81g9C-oI755nH1kuIxakJ9N5rfhZj23tV27G10huk9rv3H3l59lh6TMBAJaXaI69LtXZGe1xf9XpWiMD5ZVSf9SW2Bxn3OOhQzPybTddikA7OPtnlJNg6lQ8YMCQ8ASHcZapm7jmM4l1HJjN6QGdGv8XE-Qf_h7GW-YXbN8-slwRa8bocqIL6DswvyBsqcc6QFJJG3quVNkErzQQlkKC8Ia9BauKmTuWSfCbKV7fATZQLSAuTMM0o-A2-2GOgQT6NneW5sVHAjuou1z2X_mfipGlxsQU5LmzxQOqcp_4Ut6ZEfPuGlN00weIPTe5rnMnNMpaHfu9whHGJbWONvnoi1jGfO5eb2ohowD4JEowZc5XFQKEoFAJzMFRQtZQ3PsY8IZnKU/media?maxWidthPx=480&key=AIzaSyAc-ZJG2uARUs32SfidagTCbx4NBiRLFNU
413,Sítio de Pai Adão - Ilê Ọba Ògúnté,cultura,place_of_worship,Aflitos,2,4.6,-8.0208687,-34.8960041,https://places.googleapis.com/v1/places/ChIJvaAPh0gYqwcRGCrD3Bh3flw/photos/AaVGc3lWuFLnYp8iX9JJJ4OBBCEe8OH-_RkNqRaw8OaIaA9Ep6vvknZRs1XvPUBaPazm-r_iIfzrYmToGC6rkBFRFJNKV3r8sGagPDvDO9HHQ6_OcoyitEH4xYjUGNrCsFPQlRVKWvhyFr_rEX4zkkIqdHFGj-74Hacq2uyKbtAda7r0QLlsnHhit2hpoebA3PhpA1lsZArne6trtYaUeVSY30m7ssfgT4V-zokDKP6yFizBhpClRM9Rw0PlZPSwOSmpoSEUtJoR17u299805-ffn8SfkGd-_G536uOd2d-7D7T1cwyAH6iKNw0ZJBlaexQysptakM-9KpxOUZRYM3N71p-U5zfFFz3G8V21Nq4FBAR5P2BI2yFx_gXCW69OShlR4dwBvdM113nkuxx59HzO2WbMcYzfj-p65f5TwHIW9QvoRUUQ/media?maxWidthPx=480&key=AIzaSyAc-ZJG2uARUs32SfidagTCbx4NBiRLFNU
414,Baobá Ancestral da Encruzilhada,cultura,tourist_attraction,Aflitos,2,5.0,-8.036228099999999,-34.8923572,https://places.googleapis.com/v1/places/ChIJteyhhMcZqwcRWdbyG13rbuQ/photos/AaVGc3nhJzhpIATp9YloXAmR5ckW55dTCwbddxlDb1-NEXXzT3vnk4ekYS9B3qEHUW-m-LPR95Fv6AhWiNJDHcm18rR2vj4zYkIpmh0QM0kByjh_LKKnoUsUdbXhWb3dlUSxT1SuDRHcMs0saXl_bOZCpWMKborXntdlglgUM-6VYdHoNt8t5n9R2QxYnRS7ZoMPUMrHRsZr0yU3DHDev2atJDSQ1tOa1bMf1j893_d1p6f6is1H4qsVv6krjQ3LcY20TARsFcUxiLK2o1I3_AIwfv8wZxPWJ-s812ISD4NXOsNffWmXafO564_fYa68GQrGtdA_I5ujad0wb-cbmY4ffBtXF8bM4VunN-4mMStU9ppZQr5sKG4NpFYPRZJnGj28o7BHqZvg1YUsS8dSeRxZxv-o4eRg1X_vjtpTXaMY5obg2FRE/media?maxWidthPx=480&key=AIzaSyAc-ZJG2uARUs32SfidagTCbx4NBiRLFNU
415,Pórtico São Marcelino Champagnat,cultura,tourist_attraction,Aflitos,2,5.0,-8.041500000000001,-34.900393699999995,https://places.googleapis.com/v1/places/ChIJWSoNWgAZqwcRnU4FDNFWeto/photos/AaVGc3nqd4S0IxGS0z60AE895yy0v_xw3d3uZtUweJ7hVpQViigQjUXzgDtDilcDmxZc4_LNqVHGYXGF4V9u_DQRPG9DYyiTA_U_IPN3puUv2Wp8QzPs86fx1mjBn0xG7147A-RoGjFphq7MxotGv7CgbN5r3HlD4pr20rX1ZF9jnP1GXjxAoA3Z83o225HoLa8CcVvcJddt3idiI7k3rVIZU42df8_yV0iyFogyu8gFDPAoz_vKoCiuPZi3n18wJe9D1ZKsW-gzS4VUj5oCnmu1tFikutH9qtfInCEMUwUTupBjO1TH2NL6YQHHLM16yhgjNmL6qz8aObuzFFEbocrFdzBOoNLc-pavRuHIw5GDyGEA3xmaO4Hi9ZlTuPtRVxUq5WoP6NMeOGp5qYYsGeCRClNP91Jk2IUdocIgWRIiB_4/media?maxWidthPx=480&key=AIzaSyAc-ZJG2uARUs32SfidagTCbx4NBiRLFNU
416,FluxoArt.Advisory,cultura,art_gallery,Aflitos,2,4.7,-8.036927,-34.892852,
417,Olaria da Costa,cultura,art_gallery,Aflitos,2,4.7,-8.0317285,-34.9081668,https://places.googleapis.com/v1/places/ChIJMwFAjbUZqwcR67tzy1KLc38/photos/AaVGc3n2b9Qt4MFfA0m61H1LwVL_RtXzbJb50C5Di3P8D108JGqZITx520xkFYzRpjix4Nrt8QCL65Ne3VRLSsM4XciYgVl78dQPRQmfVQuXVDTWSjo4vLRUBkadrmTHPISd079iQqUyQRGlpw7kE0IYH0YS8C1DqSXsueXZklVsxnhPbB7AMIAoQrgvGLlPgVmYlGIo5MwDCUwg67gK2oBxf5aKngwzqyiVflgS_s4JbJiM0bMKUOxJ-AZ_ny3Nn5BAMitt6PlkW0fs2njqUAuGsKpTs7QxQJWcMZwkmTT-HdZvbpskoRSbkWQubZOhpYs5ijusYnsxckyJIMz9RDVO-2OCXF95OvHhCkBWL6-cDHzI9G6inOA2Rr5MoXnvIcZJKn7byIHdV_NeztzbedgxI02KyPSlA_zIeIRCC7Ng97E/media?maxWidthPx=480&key=AIzaSyAc-ZJG2uARUs32SfidagTCbx4NBiRLFNU
418,Ceci Galeria,cultura,art_gallery,Aflitos,2,5.0,-8.037992599999999,-34.9022438,https://places.googleapis.com/v1/places/ChIJv1dYp-sZqwcRHYP4ChDK5a0/photos/AaVGc3lOpSC65Q7f_Tk5blnNIbhNGvk-M2sWu_k5iow5PhHfy-VVsR0qx6mUzO_vWRuXIt374uoydsxEZRV_HEt0f1QKUUEetf8tL1mEa-LC795QwzzxEV0DT3keYkm4nrQb2wF1XKPcF_xA2WJmLL28VbmBKAq4h59uyvhOB6Yh_W6LkbiegzHARNpdK_3sXdmej-W1mHI_kKjtOM0R3OW2FO8m-YBr2s9L3RSlPkU9-_GUKdJX1hfehl56DiPsLZlHOsCcYeWqIRA2nGTg3kb5CA6BDqdiz7ionO0mulLrdXZH7tZB-33D1OT8pggjpQ7i9DUleXOVdrBjw1kDtFojeHNjcW4jvnsgvLpmvLeliryP7SADuEVUmsVJ8CP8Z7OC1covUwBas7Ok0xoXlHid0ocGPZOsnsm0rpjyJb_nVWyZMLh8U4JDOfNLAT9semGQ/media?maxWidthPx=480&key=AIzaSyAc-ZJG2uARUs32SfidagTCbx4NBiRLFNU
419,"Padre Henrique - Busto, Estátua",cultura,museum,Aflitos,2,5.0,-8.0330022,-34.910154600000006,https://places.googleapis.com/v1/places/ChIJQ0AysqsZqwcR8t5AfhU_3xo/photos/AaVGc3mEtQmQ98u03ll4_uBdm3dc1qqIyMnuS8_54gbJHPThGTdy8JcitNc8xOgcGZWZGUnypkpt-qHZUFo2oWz5JG_dptWcUzoZUEvTRH_LsPaVA6ypb244nBhYl5XIFpl-nayf3SXWpwktdw7uZEjPYjcW7GJnDUVvrRDGjeOMNOdktPW-ZyLjYZZbFjQX4ndW1ritlxl9sNzyKH_otC0hqLn2kRHib7kiuaVlGR9gENEeG0cZEY1_3eUu6EiH8A-5pDSlHWvAr9_Gd1cp8P3DtdH5SUNbxEpnVpdD86grOgMGsRA7SnDWvmEYtdNiKasiMSuYcZSv8jkytDkzJmQ4DES1wBa_bkOsNWcEvCe_TuzYIyqU1XaYEdKgNedfG7ajRD8D2qzRGD2d4MHG_8LqSf2oVBjcXgj9o_NgNhgAhS9S2UEQ/media?maxWidthPx=480&key=AIzaSyAc-ZJG2uARUs32SfidagTCbx4NBiRLFNU
420,PALCO ESPIRAL,cultura,tourist_attraction,Aflitos,2,5.0,-8.033927799999999,-34.9115721,https://places.googleapis.com/v1/places/ChIJyem_BAAZqwcR3YW011AJDGw/photos/AaVGc3mdlys6klunudpmCD5CeVsVBVQw_5VClFK9tx-0K5_JyajPVyiRIiDVH7XsaW8jNv2k-7dktB3LvHw3gDKyCBYHsznOmmP1p3hUI_ck4egjVOEbz54zipgP7a4jwDIz_3gtmr42OLA0w5B9QghY3305GyX0EyG3-QYtJ1zgPsVcD_1PEnBfmc80UnZqDHysGeE5EKIjidGLk784fCADdDoaAenz7E9Rh9uDo--Xm9NEeJSrOJFF-L1ECL6ewj7qm6E78goHLvy7Ca8TTigGLG3PBVC44USfb964IOY4gQsRPRs4VyS_z2EaSX4P8OJG6amR9UpOikRT4DDNC4n-ieTGtDG2cVMe-R807CyT7M3Gccw55IVq9QukMzNefQMnOdl_T_-WZ80jQtqDYyOFqNTcvpLwAIkTLnUtQhoKNyoJ5pxf/media?maxWidthPx=480&key=AIzaSyAc-ZJG2uARUs32SfidagTCbx4NBiRLFNU
421,RAMO galeria,cultura,art_gallery,Aflitos,2,5.0,-8.035806899999999,-34.9089805,https://places.googleapis.com/v1/places/ChIJ0c916b8ZqwcRNypMexa-3AU/photos/AaVGc3mpfqM03NnCY6VA9v_trQqq9lPKwaQ16g5-1SgMAtvYio7EPI-paRubwFXeFmEvkFbU7qfhSJ4roscU5ajjtpboQZd7MORnLm18UAjk0KzTn9CFC-U0a1_ebW7q2XjKR-nDXwEIg5ww5TG5eCqYWFbpdkW1vLzGeht_f2_n3NNrM7ZMua0cgv6jAcDV4rUz-EU4-k1v1jSgSkq5SaUPU3R9HMBGGgQy9nW0QqmAj2zNhdO0nCgejFM63xv8wJ-0V7vTVSCjdaJ_kBSrH5SDWLS86JXl5v1a7a2JuRotZMtILJwlibvHd7yZybaqJrUAlvAzmL-_e1STWIYUB5JfVIMRNCSOiEErnxxaiMbh31dpXAAvXOya2GRyq8uj3hVSZc2-6i5Peuassxu_lAyMSY--FnLnE1-ptNdrj6-qgb9-5Q/media?maxWidthPx=480&key=AIzaSyAc-ZJG2uARUs32SfidagTCbx4NBiRLFNU
422,Anfiteatro Parque da Tamarineira,cultura,tourist_attraction,Aflitos,2,5.0,-8.0312477,-34.9008162,https://places.googleapis.com/v1/places/ChIJI3ioVQAZqwcROuGQ8A24IfM/photos/AaVGc3kLU1PWutxJcHRxEUuwOH6cSyW4vgVwiI0G1qNl1kaKx6iAKC45lvC0SCsAJ0DuIQ63vkT13G1_TiHaIQD84PpjK2OHWC2AUMAI2aZOBLrq62FgA7T8nBRK7ui6tpsx1nIqJYLjnVrcPdOalW4Qt7ch_TOx0LANjqqRV8lfmuQE81cyGykNEN1jYmMY8rA7SWJH-35POp5bYPZpdbyIpEgsJWbT-BhJngNU5IsLKsWUcF-RZL-pB9PtW_iigutU477iMTdMvOzJJDBqk5hVut2HUx34qbjvQTk6l7tvbX6vuULMTZ9_aQoWqAwAffmLyfiWvPG98mWb4yN5TwcS3hCjjms63WG40zKhgDD8jISPIJuBVN5P3JwqRWLKNlTgs4DEah3Z8PmL893EwIgpIwwQGlZyWolCTVTWBOtGpq7jl8mMwtRXPDtHbDwIkYw2/media?maxWidthPx=480&key=AIzaSyAc-ZJG2uARUs32SfidagTCbx4NBiRLFNU
423,Burger King,gastronomia,fast_food_restaurant,Derby,2,4.5,-8.0621622,-34.8980163,https://places.googleapis.com/v1/places/ChIJWZ3lEH0YqwcR4-nzoGZfN4c/photos/AaVGc3mzCmsf5ytD7ZXQmw499o1y68LO1-_g4sF_kmefzwa8R2L7SzAoShSpLGZqpaNoI_-K59wXlc1HeTrh7oZfitF5fyMEwz4o-Q6z6IB8TxetHMj1rACbhEN-sMPykGJzOL_DXs1KFA4EOGp6lILywH4csRPds0O2hzHIhSe4_Sgo9-ugycAZxWrBmkDAN7EVBN70uCm7-WgeDtdyF5MKScc-JsBusATdF4yqcJVf8D9YDbHuv4poKNSsB169alfIUtxHv05drE12irgX0VSObhWWV2lq52dzXGUrBNXK67-XgKb8RNcBmqCzhnEd940xLOYqpouXbSx7RRNmbS1mQVniunuburmG6jxa4mIM5LcqKX55Wk3u1StcyOl8eg8DCrNT3M6MAwtulqtFg_z_KpJBxn8_0a18gBrHM-RGwZ7b4wSA/media?maxWidthPx=480&key=AIzaSyAc-ZJG2uARUs32SfidagTCbx4NBiRLFNU
424,Padaria Triunfo Gourmet,gastronomia,bakery,Derby,2,4.5,-8.0602361,-34.8944994,https://places.googleapis.com/v1/places/ChIJbZf9psQYqwcRfSJCbesnq5w/photos/AaVGc3mBzJk4LDfA-XBYL0lOR361C-KLrGehKIfkQ3tJzTvQ0g2XLRHgslY_V9Wc47hTMZqYZJkgUdKRxllpSl3QlRJHKgsphE-_smnOc7aNKlLBrjOFvnlDCcKJN3PzmxesEPHV2LU-Q5xBdF_Nk7ItOR1R2WmyUyNa0mpvJXMmkWPPZxyb2nqY49XHd_093BzDxB5LzEAVsddvx84aQPoV0r5G3K_bdnzZ0wIE9XE4CAIs-zREfWqdQsBJVuo8E8i6TfaiW8uDDHMxe73YfNXn_S_r3OJcS1y3_m0ZSTDe81L5zM-mRSngC-Ub1l5OzO_yVNFXtGT94Nwd5ljB91Yu6QyMgxLbzRDYjvThZcVBMdCL49dkpMYfJkfWxDCifjgkKS6EFKjxJFSmqnuhFkE1RMr1gaNqnLfBamSIvBM4gT2mrg/media?maxWidthPx=480&key=AIzaSyAc-ZJG2uARUs32SfidagTCbx4NBiRLFNU
425,Restaurante Skillus Classic,gastronomia,pizza_restaurant,Derby,2,4.2,-8.062835699999999,-34.895973999999995,https://places.googleapis.com/v1/places/ChIJX5qn0NoYqwcRzNdgmIopX0Y/photos/AaVGc3kl5da8Z8-qmIQX0ERfF357SJqwqLXQWFf0P3FyVm0MR2l5Gdrv1og9hJtHWt74gA1ZRHR5Chxh2iA6OD4wU_Lo82OA9FkNdHpnJE5vTl-WqslgV8GWI2fkY9ea9jxy0J-J3heJB0vOkdvF7G9p_A02TFHAZqfcy4sHRiWkSaUIs3f7h5pGQkwq3N7BDJHZ77C076j7xRqqZrKCGQzDVkulkI6--cBetwCZ6VP-hLZXoz0qtvzDf6tVaWWNuwkHIh80CIcpLFKJWKEyHB1-zkK-XPIgQL5iCMgeR8CE9ZzdW9HWrjNj8ujpaBbaMKWj9Aj93xTErAdSPF7BwUP-H_k3i1rcqvw1nhwh01G0iLl7hld3Gr4ZMfbl66IPUjb_MlYJj5BDP_Nu17VxAJOAxQhcqo_SFPLrlOEKxoQY7RgQXMU/media?maxWidthPx=480&key=AIzaSyAc-ZJG2uARUs32SfidagTCbx4NBiRLFNU
426,Boi e Brasa Churrascaria Ilha do Retiro,gastronomia,restaurant,Derby,2,4.4,-8.0615487,-34.9042868,https://places.googleapis.com/v1/places/ChIJo-PIug0ZqwcRMSc_5SelD9k/photos/AaVGc3l-0Rt3y8RKcsV4NfGBt-D7Gq_sVMWuIG6ycrrmos1GC8Q601lKcdJhm5IYC2HW6XDxmT9_WWHvlCTv7_Zku-WYfpjseGJgw2NEYObT-FDnyT9fTIElnD-PzBPF_v9PYjA9k0Uyr9zKPwumojeYHGW84IiK9jmJhNjn4Y8cLmsVXkdm5N71V6e41Pm8B1jY62JDL9K513b94WT76_gxi2OLC3dpuLX0tlkY-t95RZvllQeLJzCgfu6gUz0irlugyKzOA_DaBsUHBZL_qs869DIooEf7-yY-GB9aqCsxiL014hMcR1RFO1aK7fBdFfM1wm93foOBrdP_J5LlaZ-VdsDrX17kjQzSxxxx6Jey8N6lHdo5oYolaAIn_c80jnTjbm6Hj-ga62jbQ9ZDhvDIn0jvmXqCDDQhXiQZ8OF7NlM8sALn/media?maxWidthPx=480&key=AIzaSyAc-ZJG2uARUs32SfidagTCbx4NBiRLFNU
427,Ruffo,gastronomia,restaurant,Derby,4,4.2,-8.0652972,-34.8962521,https://places.googleapis.com/v1/places/ChIJ6YFIBroZqwcR6A5P7IPDiMI/photos/AaVGc3n8s0K9anyLoggJJDa93uufo7wevNmOJNZxB5wIIgQgVg9ryGDcq_Nx3AbFXBZDPwQXp9a1ZY5GH70ioLiIh2IgykSoo7KLBd2pm9-7AlpuUMlUT-5dF59LKl70YErJFv6zrkJkLqNWp7OJ7BmmkSseALTScr4D-ke9l3y_t0Mj2y9ogNbbp_hbQ4q9CSsB2zLKeccNnBNrOvuH1IwL9zTWKDWeBsRkosE52ivULXNPoUQXOdZcd0dRIdZJa4u_gr5xWVriDuVqlc0PmhF35FSs47DHOAsCId8jTW42ygx4hnlfw6XbYjwzhAcSFUDZ-3maDcU_iJGsqxVtydXl4C3ZqAbd7Rgzrnh9WZyyLCMnCNHgJZGkctWV3JmaAb8ZCRoKMZAkSepfBlzKFjgd5_9WcfO2O7ewI_5Ddx_czwvqrZc654hkiS-HUNsBSaKy/media?maxWidthPx=480&key=AIzaSyAc-ZJG2uARUs32SfidagTCbx4NBiRLFNU
428,Habib's Ilha do Retiro,gastronomia,fast_food_restaurant,Derby,2,4.0,-8.0621128,-34.9078077,https://places.googleapis.com/v1/places/ChIJNapfcCYZqwcRrBDDGcYxPyA/photos/AaVGc3lTXHIqThyS1mS7cUhcyj3CwuQ7e4HKCxGVf0iuD78HcgY7OcQ-nZNg4J1l0istjxNA11OJ-1dJ_-b2cclyhaEqve3ttiIYjQBDrh5MnSi02uCY-xg9JVE__3GVKhRG5NEQWRRtLiFWpZPHgGkFEeRAKDd4ecC9yiCLxdP5VeR0rIeWalbX5qs0ao8yfmHI1qSdv2GQsmMFfQ3DUvP7sG8ZMyT2hXlnS1qvDZQ2V64Se8M-b0iYUrhMrPZSxzfY5O7ocW2yIfq0ODVch59cgF6b4TVhYaTEg9P7lZAEVHvdJ3_UkaH95y644nt_ZRCjuuv1Z7lcFAcLs2pps-OTUgKPnPn_X-wP-pA9UxShoM869ZbYXe_sepE1VsK1aOcLzup2dpIDZZkv1UPSN-qLWm-GjFongcMRozVw421YYKV_UcEVwPEkGoc6cLHei5XL/media?maxWidthPx=480&key=AIzaSyAc-ZJG2uARUs32SfidagTCbx4NBiRLFNU
429,Restaurante Macunaíma,gastronomia,pizza_restaurant,Derby,2,4.0,-8.0520257,-34.8994448,https://places.googleapis.com/v1/places/ChIJCyd3hOYYqwcRZTCDnYyqLhs/photos/AaVGc3nXIcgqGoQVBxzUleTRA4IS3FSB5-shDzl9sG0ohsV3KSxTvum3jppSqx829agZzC1dYaoFlYuXoba2MvZBxCaBi_RLgX7rigVJIKsKwNgRJOmMVI8t6T2fLFftDJU2kL5Hbt47geABDfsDwk-aMcwgy3YiXzGx1-ED8ietZhHrY-WhIBRDEEPKta2pcKGNzkTWvfITZ1wJQsScvVhHwm_NGkkM7wZd8kzq0gTG-AwHOteizCjBDDZtlA2QaDWMGbwlC1CCXr7TfBu-XZZPEvtLId8sB7o6bnijT-BClB3JF-1wgvrx2ynjtp-yXTjkLBQwsIzQnsvUSbxRfj9V6JbqCRFLclzD0gTaCW_R2C2OPavofq4rTrn3dLkgQQevfOJq06z1kuQa3sGbhaxuQelu76aErwiggv4xoQseYjxKYQ/media?maxWidthPx=480&key=AIzaSyAc-ZJG2uARUs32SfidagTCbx4NBiRLFNU
430,Barbearia Empório da Barba,lazer,barber_shop,Derby,2,4.9,-8.0453286,-34.896769299999995,https://places.googleapis.com/v1/places/ChIJTeDpYVMZqwcRJEzd-_dVPFE/photos/AaVGc3kcZAGLYCG6wAFp6Q4mwQBEF0qoN5mnl1k9N4TNUMfcMGdaLJUQxsJjVm25cNA_f6hGfvNzp9YygC1KHJauCdCw2DwVEs8XtjTrrMa8PR24Ec98m_dD3haG2QDuBnB3TXzh2uMwNm0oSNw_ablSstrv5IMYF0JavwXbx6To5lAV0b_vE3n8DSoS_5Fxe8rSI9ggF4B9vWex7CJPF_kbScdD_9rvnxkJTIOSstVYd6nzEBjlscKeAE7naySh_AeTNctwfRdg_RRF-831jeg2I0M8nlQVaNNXG9zQvE5BgnZcjolVePZEZB_rAdOtu6xDie9g4fL4LrxiD0QzXqH-O0ToJ2MrLSXqpjmfnB9-eT-sDaw6N6Zm28eeRoW-jFBYekBPiILXQSrX8J4cj2bdo-Jkq4XvADem6aYUmdOxKSek5w/media?maxWidthPx=480&key=AIzaSyAc-ZJG2uARUs32SfidagTCbx4NBiRLFNU
431,DMC Center,lazer,shopping_mall,Derby,2,4.3,-8.0625725,-34.8983591,https://places.googleapis.com/v1/places/ChIJq51--NoYqwcR06uk1gaAelA/photos/AaVGc3kZZDCb4D2KtFPoZHDos_AoPkVbJXsbK6_yO8_am551vZUmPouBKeONCbPxF1r6bO_pyHCYGVdQ-tQl6WF2TxORlnnAqXa0ysxOwvvAua19BR9-CY_sMmcCaFJUqwJGqONwRuDBdXjXbEw-qcQ4fjKXaMMJxy6cbDKeOIMT9cjxPNZCvJDeyzXGsf6GJu0oDs1I51xHWBuZW_TOKeVL5GAzS2K9BPrucoJ3OR8brHxaOhZRp1SVfqSktaFYrT8l4N5BoP5dLECmZ9V9xbSxZ40pxOp22E5mAK8KIstYLiFM-G5TLP3dQ37RfPgZ_OB_bLBvaALBWb6vYT8dxiwZXMVCqUvDMEUqjO-PUptz0yxA5jHn7QsTqIpTsFMGtaTBx5ZkMB7Y7eWnQ4Y9OQtm96sgW7bVitgH-EvH850alsunFzi5/media?maxWidthPx=480&key=AIzaSyAc-ZJG2uARUs32SfidagTCbx4NBiRLFNU
432,Galeria Mário Melo,lazer,shopping_mall,Derby,2,4.3,-8.0450695,-34.8938511,https://places.googleapis.com/v1/places/ChIJFbnVQPAYqwcR0awFLd1E9kk/photos/AaVGc3md0BdRsCq11NOspqK-utgI_GVeLSvsUF65WBzwpwCvA-03lqa1XCWdV7jDb7zuh0rbQpXDEt7jVvNTJsWX-9dvcn7Uj1qEs0Bu2tsTtzmvsQRFxo-dp5Z4jXBACydgeicuZPQuqEh07DVEmeBdSIDNFBD1dRGB970hkoOXyuoIk7dId20h-wya7U53kef59shbxwI4MT2AVYZXC8Wv8VMErCwhVgYEEJgf1bPEDRl4YNYrw1MhXzeDvXXuoCN2maHjvT7J-V6Vm5w8S4fxz_jZvBTuT99ZvKuh9F06OzQKBArkJVO8Brk7nIfLwY-jMMo0g00Q5D7uT5DO5Ps6mWeDn89uvDEgYnltmytH9PN6xsPuDPPPRI5xZ4becMpkaheAVIlbPfKzRnmKIcD7Y2st7P_3vpI3zaJ8IeTbIjUE1A/media?maxWidthPx=480&key=AIzaSyAc-ZJG2uARUs32SfidagTCbx4NBiRLFNU
433,Rua do Lazer da Unicap Recife,cultura,tourist_attraction,Derby,2,4.5,-8.0548118,-34.8871202,https://places.googleapis.com/v1/places/ChIJQdVjDwAZqwcREEn6pq2EiNQ/photos/AaVGc3kCDuZl4q5HNm5J_JqkDmCD3z05T4xan_v9qm4h-5k2Dgp5UX5v88lEJSWSPwlflufAeqbJaCDD677vvczRot7kSeV2d7A0i0bsO6-HTqedqL1XYBxKi8vDl_DEKWBrq6ec32rsjREiCohnZ4TVkOXrdARtC5PQOg7DlSJB42KOIZ-7q_UnTu7oM55jyJavWepjTEM9d7Md2UkNJaz0CD0eabHVmpK5qllg-dNn-mwPpImhncWHnQJkkiv5l4AChkjH9BkEnJ6yTc-acGG7WjRhAhCrHJiVtmao_bmN4WLmn7M0s0akmZkqM5dmN3gNJ7ia92Hhli6Mqtrb2Mh5i65wmc-eyu6sWbs3EOt5oUatfYLGri3Zi4RFSDeTxVtjjl3QvrfqKddMt7V6X-OmbA8YIqiGvIBqcs3BLTLt5Uk6O1qs/media?maxWidthPx=480&key=AIzaSyAc-ZJG2uARUs32SfidagTCbx4NBiRLFNU
434,IRAQ,cultura,art_museum,Derby,1,4.4,-8.056524099999999,-34.8855509,https://places.googleapis.com/v1/places/ChIJ8yM1HMAYqwcRUdwmF5e8IEc/photos/AaVGc3kk8MqkYZZZiSAiKw85c1fUy8jlUeklXPIl5WxVgj60nYlEk8cS6VESsH06xMWN9k2eAR5NJrUoSAIgcMQh4T5tXkHE5Mk6dH0dFKnGXzD2OMRWS4CWl8-kjFlUAPXq4ydj-Z5R1WJcOM3e2FfhwvPBGCisusTyX01l7NtjfpLJNx8tG74MlZY39wCbUz_xPP7M8nVXB7bWJZHyohEDIANRtwdYn_G-NN15D2l1dNXsjuWsRqC4OH5jBgseMQfCew6522gXLd9dC9POPPJ1OuInbbwetls4i0rEz4-d2YCxVFI6meY1e0W7nR-FhOhyd1RtNAiSJyaNVwZffgdDr3aKKsRtf7DXQpBuBV9i6xKrXkRW7uRxWdA25JTF3WepmGNAn8J_n6J7PkBCKLVFjMw7i5qiikli9SlyqnGAAMZKuw/media?maxWidthPx=480&key=AIzaSyAc-ZJG2uARUs32SfidagTCbx4NBiRLFNU
435,"Instituto Arqueológico, Histórico e Geográfico Pernambucano",cultura,history_museum,Derby,2,4.6,-8.0617688,-34.8843578,https://places.googleapis.com/v1/places/ChIJaYjFp7gYqwcRj9FkRO_TP64/photos/AaVGc3mu91C_tzoy_Lwbp8QIhWFOKhPlJwqzMJU-KGou89mlBx2Fqq6huuBVJI7Vk-YxOifUOeZ3opKScq-YCf-_GDaWu2UYVm5Wku_XYjwfCdGHDs2S4T9x6fk4FoLGQIzkYrW3WKjZhg7prWuh5Y7D1GJtS-7HkCU9sowPzzTKBu3JbEU6t90AMAp6ueGntwSLXhFSF0v3FhIURwUZgxtVrifGEbcCTPXO-0LVN2450KUEs7Itb-uTo6xrBVENQfbcPJ_CpWxb63GlRudZkm0VnXwiZomfuMY6_qk9uwe3smKNFV_u4KdW_pZP7_rfT5xujGOJcZ_4dcJlk0GbSxOXNWHiMweyDmJUuKj91dOuKJanpVgUQLk_GOWq6PCKY6rqvQ6myY3bzWFE7Vv22GoRcB5Mb0Dxdoj9tb5opom9sAHITh12/media?maxWidthPx=480&key=AIzaSyAc-ZJG2uARUs32SfidagTCbx4NBiRLFNU
436,Archaeological Museum of UNICAP,cultura,museum,Derby,2,4.7,-8.0562778,-34.8886944,https://places.googleapis.com/v1/places/ChIJxbeN4MEYqwcRVZ4_Mw7T_VE/photos/AaVGc3nysm6NqeftcIZN4196311Wfe05AOPA-4t4gdyXaNfby9dZRvEY3rgnc8STxyaf7hb7WnihfSl9x8XKdKT2tw8tBMWmtRfwWrwQfkDiHTW8O8ImgkGJXDq9DX9BkP4Zchop8qBFQtm6DH2hssRrQqfQuz1oth7TuKKitHmSPXcFUuiKVJZk-jNKgvEcAdNVX6C7PVgIbUasfG4SIt3SKjn-dWwjmCRVvLTPexJaPz43V6I0hBkLujcXr0BoKe2VB2TejzIehLoumnDgn_r5F6UaCu5PytikDuRNG7SfIBc3xSqTaY7GKIRZcvh7UPIM1o5WkE1p4eYNgP6355wv6ofoxlBQB9_FXF0eweDqNrx0N2t10RieQD6cC61H9WQDTps9_TFqxM8gQ3lB9LFpU0Abeg-bBqROQtFlEFcmQFtYvw/media?maxWidthPx=480&key=AIzaSyAc-ZJG2uARUs32SfidagTCbx4NBiRLFNU
437,Museu do IMIP,cultura,museum,Derby,2,4.3,-8.066209299999999,-34.8905635,https://places.googleapis.com/v1/places/ChIJqyXVGpgZqwcRW6JToouRgnQ/photos/AaVGc3luthWjVwAVfUXWTUKeqyHacNv0nTga5myR226moAOPKZ_9VjJuTFvWCtS-8e3UjOg_s-ISlCxorqpQT2MLkbaB7t5TAZ_I2gFtE4JlCupo93VnIH4qI7cBYoG6NiQbTPcAhrnAw6oWt8RqbtIZlqwyZcEk_kx9cw4Nw6eDzDMdS22Wrvms9FvBGRVx-oSWZiin3_zAvojzrj5w-6lxAEShE9YRh65p3tRJ4WMbRjqcZVIU-NvrevY4-YOTCgcQ5z4p2Z-N68vh74A6gxIDYFfWGnY7_xU6HqR0IdfM-TcHYu83UG9vzjv_G7eD_qqFy-dhW85voFTPAr89iOn1iNHZW__tpdAn5A1QqMRiKAnbLFEBc5a1rRB7bQ6o0VgMQ0--xLusi6tXFRqt_cFsLKPEODFQhhZokVovHTeAzYa8yQ/media?maxWidthPx=480&key=AIzaSyAc-ZJG2uARUs32SfidagTCbx4NBiRLFNU
438,Estatua em homenagem a Reginaldo Rossi o Rei do Brega,cultura,tourist_attraction,Derby,2,5.0,-8.0621104,-34.887906099999995,https://places.googleapis.com/v1/places/ChIJkWt7KwAZqwcRtpgPe-zJtzY/photos/AaVGc3nnGfVIcZon4TVbat7TMGIxrcr8VPDTJvSgguO_veZi96MXtFR90UcvFWk7W0R1LGuZNuAvAw3aKsyyYqzRiIs6B-dWKcButt5x6nWjmvjs-5pamngopP9RnwZSz4skRaWZBdB4_gpRVpSFanha_7OsPf-4PsF2XwQcjnbliAQAPz1TGj_dAzRLZC1smFfmqzzShFawCT99DEi5IFQ3Oz2fAhl1abCcZpDGSW-qSJzmB3c8Xrk89yxhFU-7NVvMU0jk_7UM6667mDXedgVgU1KgLOEv0rUtDHomxMZ5Wd8L3fPvQGDjEyN22vQEKk7n3f1XIQ-f5I8mqKLY9lNcRHQE-V-Hs354AaQ4Do3qBfb_c96_UD5AJ9mkzMNA6yjsLTVqHtoj6RguQQbkXz0Yn_gwBWjnpS1Ch9ChyI9XBpusI43uZEI-1tRf1037_tIO/media?maxWidthPx=480&key=AIzaSyAc-ZJG2uARUs32SfidagTCbx4NBiRLFNU
439,Restaurante Esquina da Picanha,gastronomia,restaurant,Torre,2,4.5,-8.0603352,-34.9102083,https://places.googleapis.com/v1/places/ChIJU5fT8SYZqwcRzIonQh9DMHI/photos/AaVGc3m6oJaBYvk119GJHpdSUJUxFJ2C1ug20KrdJaPvMYPe_qdE0UAnda3G0YRX0Noyo2Y__FVpnLNf4SdOYFjrczkW8L4eElD70PkL_JccQL7zRru2tK1wJyi8m3U5IWCF-vRcvU6rV4ESraWXDXfU4LkHfjtqkaMElxE0jx9Oqn9xyIt8WIXwtTWdm0U0itV3C12e7xtyn474S33d-kAUHIiMF92NmF-wfjm4gFtPOXja7ZnOcRkF-63WA5hu2YRR7QliFsRhciSjepQw3-sHKWDjCi5sj4ZJG1qhqVxUOOKI9GcjohWVosibhlQw1ZrIek8Q78Om_1WooZK8ljI0gndSEzDs4qT-ma2CxGHCAuGZCwIs9fQ9lNUALBER2hjmbp-k-sLbf-VqshscSTF8ftcnt-VC0d8-eifENx8TodyGWVYu/media?maxWidthPx=480&key=AIzaSyAc-ZJG2uARUs32SfidagTCbx4NBiRLFNU
440,Passira San Martin - Pizzaria & Restaurante,gastronomia,pizza_restaurant,Torre,2,4.3,-8.0663198,-34.927602,https://places.googleapis.com/v1/places/ChIJjaPqb38ZqwcRLsPnF7MuaKA/photos/AaVGc3nb0j0oW2i-2e1wv4FurQTjtBumK9U9Ubsh4d4FwvwOTsWY_zraCAdJnEJ7AlngHorwNjNP7SsM1djGzVmhcw4x-Sls1RAYVcsSZLFHNFP-Em0q6eoZEZ_Zc-v96DpsEEy-x2bdx0y50hzFDqUaS57kjg5BEDE9xF0EW6H1kCabgrMej7z3qm_3gthzNZVSwyIIA-iiTxR7qN-dD93ygxLKCJbW2saQnMeN8_Vx8SNmFR10pK5dtOnpPylkROHmhYnSBxYxo37cbfA9e2ntq-e6KSD7nEuQwiu9AhIARCP9SQ6EsoLA4zQAlks_L3Q-6jMoHVI2WiJfWKBEDX7JsSXZNkQCaoSFf3ZBl-3diBvLbvgcWsCNvA5MxQ0ZH8OAZ-4SVDQbg6jFwUmb06YACw_3bU88KJ-qvOqW06TjPTOZqQ/media?maxWidthPx=480&key=AIzaSyAc-ZJG2uARUs32SfidagTCbx4NBiRLFNU
441,Boteco vamo que vamo,gastronomia,cocktail_bar,Torre,2,4.7,-8.0647906,-34.9171738,https://places.googleapis.com/v1/places/ChIJTzE_oIMZqwcRVnqdKOWi1_0/photos/AaVGc3m15xnLzxavqDWQx2gQOOd0rCqelgmXqKBK6HLvY8y9JF99GER5MeBhgcvNloHgfW_7_uhMLJ_s80zwvVPS3oCXc-UxR7DaZa_0vjzXybohpYHXEGjmc7iHYW2kp7eii6fBzZQIduDCJHI_HsaQNSj9CpGFaCK7YKOrq_PdOGwwXphpQMKDY-pbyH4v67TpHtQkQh7nE8Fl03SCCyhRpyUGa6AQbffVdrMDBICazHYh1a8_W-P_RmQgtSi-ohoPWxqTJBX7KttIoYTzKAuLkVM2I_LurAx4YuDXFK32D5ZhH7aHOW5p_ePmGo9KyUogo8IzzzLP_DjtanEbgJPwwgYX3T2RbqRoJ8YIAhidQgIpGt1VWuMAK75ruNBxnwm1S9anU4L2IlaRNSsmXtjPR2ib7Joj42GquIjBLO6sfNQySc1Qn4VRUBuzYbtAUCbI/media?maxWidthPx=480&key=AIzaSyAc-ZJG2uARUs32SfidagTCbx4NBiRLFNU
442,Restaurante Xodó Nordestino,gastronomia,restaurant,Torre,1,4.7,-8.071928,-34.928915,https://places.googleapis.com/v1/places/ChIJbYXPZrUeqwcRfk6ssiY93ic/photos/AaVGc3mSL-BrtPkQm25sFzEpsyrxwz_D34Gt9kPrNO4HUSOl7VzCecGjITSfsKEK6yF_UqDiBeOYRhb5YXdnDHCXkXLuYBoTY7EmHMoLdpnvh_eqpeq1iZvrdtD1timMR0h6OCQA89VucX6ryMa6zIAaRDOC_gtV-laz7dtLzbGpmJrYQlcYSmDpVhH0lAonaSiT8eWq9sh4AwhzKXOLVMF0vFAtU9Fv22WbvqpmYWwsZRXvjqYZbX4f70U3QheEDwhT76iopObUZhW1c0SqZ7UQLeqd-c9owdJZnLYZ8ZcW0ijOicWxKbFlqM7E8Vr13V8G9Z3wDmvPTh9mmFmDXedpP06s7UIGYbA5pYmrbuWaBnAYaeH04aJKmvo1JTUKDuusGBPQRGEeQNmoSk1c8-8T9BYZsLceNGAmGeJ2MEBNpyu2rrCkPn8wBsmtubUx-Q/media?maxWidthPx=480&key=AIzaSyAc-ZJG2uARUs32SfidagTCbx4NBiRLFNU
443,O quintal,gastronomia,bar,Torre,2,4.4,-8.0558801,-34.9239353,https://places.googleapis.com/v1/places/ChIJ0aHfyvEZqwcRXzD9ArWT9e0/photos/AaVGc3mXZQG1Ssk1lxYmqjmHJwbfwWRVIfvGUFvrrLn8SncvXVgvMnuoCdWLJJRkv8H5yvhK4r_jfEFoHgfwF4z7y8o7eyyk7CyBRHlFwOzm7QSagdznhOvzOEnAxoOiMItKb09pFNgqmRy8j33JLe7WtDCfF3sRfANj-l0eAG9H9xmaGtVyNkqr_OLHuq_HcxbYg4352a4tHu9SqFrLTeQ0sxIK3Rhe4RAymCbdq931dpRBuJ8QEL9-O5iOFQj-GCq7-GOVaMAq7djkZDxy4T0q0ZF7_0hIrbFIw6Me9Opup0SNY5MHro8TKXQr61xtdXIn7SWPAmDaE85Esyw9Wf_MlxyTBdEYBw_ZDTWX4UPOkLFTE3_9-dt72Esem_q5eKGS0Lh9xm4tby6BMG0wspj1p3UVWsqpnGCTLJFozUGBoipX7Q/media?maxWidthPx=480&key=AIzaSyAc-ZJG2uARUs32SfidagTCbx4NBiRLFNU
444,Boteco 365,gastronomia,restaurant,Torre,2,3.4,-8.058582099999999,-34.9039982,https://places.googleapis.com/v1/places/ChIJHb1e0NQZqwcRSYsIqAYCPdE/photos/AaVGc3m2QNk6YQXjt4BcPu8mdVnf8-Qdi4MGKUDLRCf_vZYBWBmRBmuXeG9M177lWtoTBaKyzDep9iCFtVNdwblLWnZ1FO5dZSwSkffCyg4MkhAG817G_mHMB_FwKbrpNT7JqDSlEKQhVw6syavy0ha7GXBxlPtcrsjsAX2x9W8tclGHYZqVvV15lLTJUCYYszenyUV5qq2f-nqd3mPKqf0nH8SocRrMNgP4cTcSRC0NyqUsRGDGVSYViYjtMtNKXKgnk7-R7J94DWE7-FW72VZAWo5LdV_lmAyiBf9yigCtCMkp9Uq9HWihWObO5y1o5x-QiGQqMOF1YUniYuBOke9QHal7jBtphMbHb9l-Fm5UlhXCJ0c7gK7jSc-_oYY6GMp6sYgHv0ji9ROFIuEGj3X7liG5givupUwDV9U1uLp_cOiQrDo/media?maxWidthPx=480&key=AIzaSyAc-ZJG2uARUs32SfidagTCbx4NBiRLFNU
445,Sanpai Sushi Lounge,gastronomia,sushi_restaurant,Torre,2,4.4,-8.0685694,-34.9282389,https://places.googleapis.com/v1/places/ChIJRewieTUZqwcRGHwsoI-i_xY/photos/AaVGc3mAGJZ631oGpOdSIIckMLWaiyheVqAtVzxUffkOzDbvhUNI47EDo1nh-ROy2iRFoBcoGJzQRLVeOwgBZe2g42LyN-E67AAlkEJ_NXnO9OP3wtg9DQXUGkHoTXk_2qnCvW1x7T88q4G-AC_OHDjepc0Js28EHPLAsJGY4lknAocwXg49BP4nL5dJEGBn7kldawjCtAkdAi9IwN4VsgM5L8mPSr7mDLAQxMtweZoev5MMfIIS5E86erQ6SToY847tke9rYuPhnhpnxgrdk9am1ylEdxCgO_FyHA-7TY07pmTenJy1Ux2jIHb_dRTdJ9IYrTzlWTK9IWJOkXzL_N5i1xjKg-M5mr_FqQoRUfCPqU6nKF_0Dxt045eX09Y__M406tMpAhRbs-rL3742jbLWhtsavUGei2-5Q2hPmOXnuaIoOwQ/media?maxWidthPx=480&key=AIzaSyAc-ZJG2uARUs32SfidagTCbx4NBiRLFNU
446,Ô Mineiro,gastronomia,restaurant,Torre,2,4.5,-8.062059,-34.905721199999995,https://places.googleapis.com/v1/places/ChIJPYBacdgYqwcR7AQ5UIBY6hg/photos/AaVGc3n18JkhRo80ZkQee0qH4A_3zBojbv4sxTh3IjgckX3ZH6ffhUF_q6xn8GN5E7tRq8XUADVR5UYAQAMMJN9V1cV-tf7PSoIJsT8H3esZbzSOKc94q1pllcfsDck1khbTloQHEjd393bnTGeqFkVqX0N5HvZjG4Ua45nahitIjgmF4qTyAJbtHYMr042xdvoZ9ywb7IVrNM6DupHtBv67xG6_DSS2RP8K3BZcw_REuq4EEqmMysXkPSqnJd3sqelMyGXlRu1sAatiXKaliGNOaK9SNElL8hdh2BjTmxXR6zs7ojns9jj1fYgTVCWEwemFioQw5_AEk8iCRdyrr7TWoia19RdRWTxjM9qzdSr3Uu9BiSocgNNs3wKrGsqf98hlxLxgAo6T1uvLsrB3_vpblWXVKxUQHsNMBHGgMf1J5qeCF7So/media?maxWidthPx=480&key=AIzaSyAc-ZJG2uARUs32SfidagTCbx4NBiRLFNU
447,Sushi Itiban,gastronomia,japanese_restaurant,Torre,3,4.3,-8.0521237,-34.9093048,https://places.googleapis.com/v1/places/ChIJRaEzDB4ZqwcRFRHH48ffOUs/photos/AaVGc3ngarPlPPg1li2IFabjQ5nyGSo6biidSs4lLafoJOUQqDkB0AyiSdk9kx0wNlCpqbSXKujSXx0byjZK6FdLbNx0wdKg2etidBRtFHHAt0w1y5b9cQjh2CulZRsk1Q5vnPXoqvukRWVhpIoX6fbmwp3cMdtHVzMKIxy_yc9ejnNJjWVAsfZTQDwUbC9gUytcxCXyg8Wp7x1qyzeY3IVQ65OKQA2J3NsmJCeCsgMVYdk65QikzxeD2cY_7W5Y6DMmHE3ow89ZKZKlnQ-LxWipwOoXk-LN6FUj_J9Rq5kYe8m8UsvV8LG27mzy6YGGeWLrsB-eYZmdOWFsGo1hsxT2_mvE13cI8qb7uBukFXuLOy4O99EV01oN-teGRdroiv2dxmS1UEPuWkzJl-sYm1YJrc-X67mJBbIDCUxjrS-GeBsX4jGA/media?maxWidthPx=480&key=AIzaSyAc-ZJG2uARUs32SfidagTCbx4NBiRLFNU
448,Matuto da Carne de Sol,gastronomia,restaurant,Torre,2,4.8,-8.0595476,-34.9295142,https://places.googleapis.com/v1/places/ChIJv2LRUWgZqwcRrzlmRWnNeSQ/photos/AaVGc3lvETrmQRrQe9B6lT1Oy8Y1OB-91S9WnJA7cVrcxC79pI4snbjp66K7GNdGjbm21qb9e_958ECJjAejUDPkq31lWw-SfKTQZVCywxGxkLbsxsj6WdFjlB-4DkOiF4KsL-2_w_Q0gpdZq_OnZTUMLJrxAQ3AH4wFYRfmH6z1TzABuAeGXoKiWtrsQSrZFqNmPWEHc6k5r_rPA85N7J_d_hCFtzCZTfAluUO1r9HFXiw-SInCp7bFGIsN1O3jqPoKbHAEkt4kgmj5W6P-1JWnCSBXu_eIONUIAK8Tre95OQG4dvi_vCsioj6xwd6ocnXze-7zaDmJB8u-dtL_tRcIAlu6IvwH68ivXcsD8Fnff252eoJBkoa-7_MKjvrBFhoESijAHK0zVXGKngxvXQnQryZxEBHS4_-NDvYW46BvrTk/media?maxWidthPx=480&key=AIzaSyAc-ZJG2uARUs32SfidagTCbx4NBiRLFNU
449,Crocks Frio Sorvetes e Café,gastronomia,ice_cream_shop,Torre,2,4.9,-8.0556746,-34.9058815,https://places.googleapis.com/v1/places/ChIJk9XMTWkZqwcR3-4eT5O11Yo/photos/AaVGc3mbWVCchqN0JJ2Qd1eNc-0p7sb6Xh1em0jzbI8ucmih4dLvrIDvri178fjqDkcpzpOiPbX3Ksv_SIbnnsswh_uFJKFqpBKVMAtsn4dHYmEWFVhkn7T_bhg4BaBhdFmPORWUleKV4Kipv74tln5qfK2Bnzp5bdTl_9P8VmbomcbUIUIlr1UP-x3pBkU4iaSpTsIRs22lb3pyaHfJCTXSgcRrJQh-efEiVCH_uNJvVTI7uhnGQFB1lk_5Zt6yWqmgncPlrL5aPhjTP_0eihkYcXGqhv9UVfJTAD7viKgnKHjpjQlm13zCs32csYjKg9RF9eVJolLog5RRe3mRB4SBwaVqPPabVPsjW3sXqOtS-S91thi9QN983L0c3kXwhlCpNJlCznhJc37TN5N9KfsGoZ1MIlg705FwTHPUxtKLgp7MQA/media?maxWidthPx=480&key=AIzaSyAc-ZJG2uARUs32SfidagTCbx4NBiRLFNU
450,Espetinho Legal Prime - Cordeiro,gastronomia,bar,Torre,2,4.5,-8.0613566,-34.929772299999996,https://places.googleapis.com/v1/places/ChIJn1WDCkgZqwcRZ3NcfPC1xfk/photos/AaVGc3ncoRXCF2fjSFlF8mnKVAnx16vhmpeM2eefSozDxifj-ZJehacV2t5IkNTCAxPFSPkfKVTAx8GwFYA1zJxrJyRbUg9xg61cUD8eWDSm2i8Eo6hjTjEujVKmlIbozJ74jxxM0j1YcO9UDySjSSAEXrxACUcu11ar0zl0KzewTjVmnYRk6cFlbqwsouSdcdYAECqaJUoT0zhIkjSV1ewsY4MUCTwo27deIdQiu7K1vU9uKce3lBqb3ssWci3I-m8tjp9sGuivX0DxSyVBel_ok2BvKSB49sByAyRQpG3jvFdINEfZ-4rSmjTe47XPiQZIYld85cCoyXiFT2mAvhDyxfskmrRFj_ZKL_P3FjkgpiU23N7WXXiLWzCBCE8c4SxMdJKjddrZ7y8g6jVSaIOaZDAWC9IED-c2QH26lUZ_JUWKH2iv/media?maxWidthPx=480&key=AIzaSyAc-ZJG2uARUs32SfidagTCbx4NBiRLFNU
451,FOFÃO BURGUER RECIFE,gastronomia,hamburger_restaurant,Torre,1,4.2,-8.060672499999999,-34.9048389,https://places.googleapis.com/v1/places/ChIJpwQdFyEZqwcR96j9G2oP8PI/photos/AaVGc3km4buE9Uceh-ENAy1dmvz7kBJiDiMvSmqZ8gd4OJqv3kswE1Mi6lA9TeGsjdowLYWMdlFkuh7hsE5ooKAZtXXXnvP37xMMxPmvFknMPv2BS2yyz0NOs-GFQAYYpf3oOgMoIy4avq8FhEa0rzkR47aY9hbj-NeQRFMtyOJfnVSIhCqCf5DCRPDpWfctoSkYmE4zRJ0qjrjFK55QXOXwSwWClQg-unxGHtzplvFG84AwcKIJ_5I-owYOLR4h1hIrWI1gsmIXDucOtkn5qeWWo0TnpofngJacST12OS9Hs6nrdPKPHHB5yyg6FHe4SLoo0M5LT7Q0zSUlaS6Y4VzKCj7i7gtqVOx2CvBJHANTaHel4uSTRTGtsDpIMV0o1GTUZ7KaNOxeOt1xP6bJzsfZwDbr2OVgct2QG_IH8LBBZ6JHK8tiXZ8ps2rM0_El4_tz/media?maxWidthPx=480&key=AIzaSyAc-ZJG2uARUs32SfidagTCbx4NBiRLFNU
452,"Dônico, Coxinhas de Batata Artesanais",gastronomia,snack_bar,Torre,2,4.5,-8.0620038,-34.9080806,https://places.googleapis.com/v1/places/ChIJVVR0OtgZqwcRkEMkdnVaSV8/photos/AaVGc3kzkPoPk9asHj-3hNFObA_ouaTSzG28-CT01yX7IY_q7agQQXsF7g6H96ZVNsl4Dx41BZQFIhMvG2ghJ9HTH-r4z2F-Dz6Sfc3aDgeMslPZEUiMjWYe8tSKGtFkcOm3sjvGfu4pFq0HA71O552jxYJkVbXOIdSnxwRdKwCk10LOf7jGuWu2y8zIBML1ycvCyyGY4BCQ7F6OsU3iKktX1Y877jlRfJUNGu55oiG17rj6TthkZlr5WHSjUiNPMW8u7hN_neQ7h1k1j-V0NmGntK_3aT7zyLHld5oV18aWIq7yH4DtStcf-MQl4mY0XaoVPwL-iVfdeN0NFcbDQ8mWFhbIR184ot_a7Nykkd_jN7GEXi-6yl7YH3ZuNJ0moX2H0x4eIBCl1U90CrFOhUKVpm5ozcc1F_Y4408vYQI2KRs8bss/media?maxWidthPx=480&key=AIzaSyAc-ZJG2uARUs32SfidagTCbx4NBiRLFNU
453,Clube Ferroviário de Afogados,lazer,night_club,Torre,2,4.4,-8.0763723,-34.913780599999996,https://places.googleapis.com/v1/places/ChIJFden7uwfqwcRZnDTKRfPQu8/photos/AaVGc3mmSRk0DkuCOYkVMi9rzKa8cnaJP5gIMShpmo_c3wS5FE2uZ_RDSMGWS33Aa5nilz5N_IsqAnyrfVxPGBLNaGlUY9VXJUUJDBjzhMAUI_S_1np-cnZxAfkKVRgT8VvKiWy2QDFoIjd0Q7VIf0JnHQHmgZVqbztmQczfA9hekreo4jYmHlcudeg4OcYmz8cQxSbZwGh0X2q4ePvwwqOLE_Ol_osUROIkv24gPaskxoSvcyoGI5YZ-UdB5DWVFZGvTHbaDtVvOI6zLFQPrncPim1MqUo9TJHjppC-MZuI2B0gRHa4dBIcQpImqrPookfAGlIW2Bg-Tcih_D-d9EN7nQmxQ5M0QRQ3f34otUA60NyWbQDPB0oBDoztVSuPynjjORjavQJ5_Oc4zY5Gh_26pyiqRfC1hoof-YI_6pRqkCGkbRfG/media?maxWidthPx=480&key=AIzaSyAc-ZJG2uARUs32SfidagTCbx4NBiRLFNU
454,Oficina Rock Café,lazer,coffee_shop,Torre,2,4.8,-8.0720382,-34.9083803,https://places.googleapis.com/v1/places/ChIJIVIYMlIZqwcR2yDiSvFLHuo/photos/AaVGc3kYgjAkVfTzzuWp9Z33p2jKM7wlYJfpWC7nqrEPF42bfK5F21dCXM5zfjtpdpOuTz27twtueL8Hhl63WG_3vP4zX9zQtLRnybXqkdGcYGPflNNoM0vUl9lRwfYIFDSPBInsF9ObrMS6KN_uBhcEIQKpfJE_OE5MXkMwuDe1GYS26dTeEKepZON0DcfvvBQ3avM0Uupp4NehOxpgK8spMY4ExZQ-bX_ohL5y-m-W0H7mCR_T2h73-d_ptDb9wqeRLS1fU2_-YienEP2OcbHyKBAvKxfkETu8HEBpRemJ08_wHUKTUwnY3fqPI0mOSsd_xSInhMzdDjPTfnc-U2iZxu-q4-Bw77XJh9o-nPNhab5GIpRTILsqFu4WJkXzSUrrckBaMc5wtuTfpNuUsZJSDGAFyFQ9b6hFA9qoEmYallvRi5I/media?maxWidthPx=480&key=AIzaSyAc-ZJG2uARUs32SfidagTCbx4NBiRLFNU
455,Forte do Arraial Novo do Bom Jesus,lazer,park,Torre,2,4.3,-8.057055499999999,-34.9311423,https://places.googleapis.com/v1/places/ChIJv1xV2-cZqwcRBl7CxyOdNZM/photos/AaVGc3kbkwZ8RaMdN3OSStV6eBZfO_FGm_o9aurfB4npYtTH3Dp6E2Sr1eXQWUEKF1V9Qe-KqdZqpkb5J7D9t6LwHe7_6zbaQYKNLGHFA6zBXgI8nA1xqJfg7DSmvxtZg2nbrA-J7FPDjxcnXycRIIFTlgNLbFxx0XJwPSAQnvVYMIQClhg6voEPIZDLTXOCp3i1emMRZzj7Y9pByltihLbYXFrAkvtZxbPY09NPduK10eFxEwvMePL5LFmlGNBRUl6m4GX1qLPYrPIAjBTtjNBPtIYQjpevOfZtHMNlcoaqw7wIEz2RIGyIagKx2kud24Jb-Z7i3zmQDqH8JUQGE2-OgwzY6lay0sEi16EqdjnwBM9aR_agXtpNHHsKWHV93eiRSVLwl4nL3MB6QnpPIX4iNrqymhqEkCjUZhbhIJ-sWrvUBVYM/media?maxWidthPx=480&key=AIzaSyAc-ZJG2uARUs32SfidagTCbx4NBiRLFNU
456,Galeria Beatriz Barbosa,lazer,shopping_mall,Torre,2,4.3,-8.0612325,-34.907667,
457,Galeria Asa Branca,lazer,shopping_mall,Torre,2,4.4,-8.0624554,-34.9090256,https://places.googleapis.com/v1/places/ChIJhyyclScZqwcRwjcMGUatCgE/photos/AaVGc3m-L3HDuprBiBalcxWYDSavWi-FtxXPQqWXNo6XZrI5o2TvecMnKAr-81M7pvcEwGq90pUh0ozYJPu8GHVOC2FBcrMzyV4Wn7ikVfTbgeRT_LqLeXAnBnbOIgHVgpLhzaqO3W45ishCuI8b65xG3H6O0LdJj-puP80Y3zWfNcAM2Fl_z8C0q_AQWtNqiRMoqPlrY81gdUkZgw-mGQhY-ZQUxXLGPhxlpoLD75TLX_aSzAveDATCjBO-fqPHw1EtfYCpJqyxN2NMgEAU30nKTnnsFT41MRlsk8BsIbqnLentBuXUSlJWVjev6PuX9g3au5FJSPj7S2eOCOJZDT2Ca2L_OzwM7ivbBM5FOYoaHPeUhTkgSBESmCuoXR4CaaYi92ZKAmuuKsNERmLZgnRZrSxTf_mVVWFGbayHIK1fESSXFBXHS79yWfl2jtrhz7_h/media?maxWidthPx=480&key=AIzaSyAc-ZJG2uARUs32SfidagTCbx4NBiRLFNU
458,The square Barriguda,lazer,park,Torre,2,3.9,-8.075126899999999,-34.9242001,https://places.googleapis.com/v1/places/ChIJX-Ie6MseqwcRfeSyAgoexTE/photos/AaVGc3l3UAtiZcUn1AtlKpllYJ782bcoLeDMpjn4VN4sU0KV06mDcj5fj0l0RReXwtQohDHBMjFYlhjYUIPDW1lW55VDejq2WfTEPHrHohbS6RwCFR-_fPz-Bi2Mtooc6kb7syg9wP_uU04z9Xt2slQA5ROY_SeHTYRls-l5vF9umQwBe7IVahxp1puhKU6yIRaLVkRhmVURj18RfZZyc8-gvdARTexsf6cZix4VpeW6JHAD5Bvj5WSzpxPnX8ZjzB1766yrCjPSnxO7zYqVB-6m_9DV2ujAQmJg9P-44fuZUyprQeWO55sfJlMxQKolOujdswqPor3-5ZPfbmI2rOzcEijYIwBcGmrscFEOl7lO5KoOzCiqdREBQZogzcgjp9Nw8IKXWc0nAxFr4OMM8YvrnRlBPbZxW8cXySZKUrkyMLMQDWad/media?maxWidthPx=480&key=AIzaSyAc-ZJG2uARUs32SfidagTCbx4NBiRLFNU
459,Praça luiz gonzaga,lazer,park,Torre,2,4.5,-8.065185399999999,-34.932127699999995,https://places.googleapis.com/v1/places/ChIJG3_RSUIZqwcRFTmFoyBldfc/photos/AaVGc3ncVmdObHZzpKHyFqH7J2sa19Ni4d-mzAjWmR6wJHEFLzYHBLP9gxGxQgJFVoEJSDlEVbp3p_lGltvALIHNdM3fxhXbns2tVuR3oqEce789zzctXCkfO-kKDGqaPxsYvGJVVjXbuLhxIPaADBuxc-nrP4e6_pI2_g-e75eDSw16kL64nQ2F7abihwcSL0LKRfoQURXeREPlN-ANLGLRmZBt7QLTR_A3GvtoFX_kT9jEHmoUHQUulmSpCQYFqAH5QnWEVmrZhl3WF88BxBOxSdE4axQC-x1rPk-iIBX57yvvnGdCezPrt20Tb6e5Vqkf8u04DXUKBa-Zim4IDD74DSU40cAuMhS5XGovJHD7ffXwkBo8FV3Ybdd7Zpe2uN1ZtM56kpECsvGixnG3SDE9OQfkXGTBOl-s7Xk4Oepg7VxXAQ0v/media?maxWidthPx=480&key=AIzaSyAc-ZJG2uARUs32SfidagTCbx4NBiRLFNU
460,Maria Borboleta Esmalteria MADALENA,lazer,store,Torre,2,4.8,-8.0548281,-34.9057969,https://places.googleapis.com/v1/places/ChIJZZsIJDMZqwcRAYQeNDfJjQ8/photos/AaVGc3l-xE7R_7lkequOob8d69P6B7yqn4wb0f7ee5Tz_BBiKNvizDWSSh_jOmazpogrvMYuRFDqucaVQi4hn0mQm9O-2qHA_u9UDgbh6pACG6vEC6i5-f8ZZlk_WHteB6bH7sB57Bumz5jPkwx0T_584w4IChL3CvTd6yU0Xv8l-pg1u1RcpK7zuJht6DyTzWI7ImPZUu3TYzRdNgTj1O5JLkkDkRoY54_BG6zJsLuGVh0Lj1YelSCmZ_dPjY1CuHg4GiISAnzBEZnrUB87B1p7FIorgmys5wcaby5VwS1mwBprntaebgOCPmt3P1XTEDLxtlcuTyERL5VvVIqvq3a0vKooP96QXfUIynm60GAkEBN0dD-Wkqhb-mHvU6S2iJBBDqHNcA0DAHsnp_uSoAHcHdcgkxVMSVJLZimA_6BqHOh3-Mpo/media?maxWidthPx=480&key=AIzaSyAc-ZJG2uARUs32SfidagTCbx4NBiRLFNU
461,GALERIA MALIBU CENTER Loja moça moleca,lazer,shopping_mall,Torre,2,4.4,-8.055943,-34.9211506,
462,Galeria Santa Edwiges,lazer,shopping_mall,Torre,2,3.5,-8.0620699,-34.912858299999996,https://places.googleapis.com/v1/places/ChIJbZbB6CUZqwcReRrd5hh5Okc/photos/AaVGc3mhL1uGsBB_BUFtblghTnH80v2BlDRh1Q6GXNEzxM7eUq829Iaidssiis7R0jD00U-YXBBfMC_UFereko7CcV89SCNIE7_LjXzijSAIOgI8s_FXoapaAH7TB8LU_FIL0ttVXNgelCnzi-zMfWw8rp3bbgooKhb58dCOW_vS2ZnLxKt13kWbhrOZB1OYc3AW7z6y718vg2cb8tph4R0oiU8HJWtWHdqLDwQQ3sawkSVM0fqX_1w_wliP8-n8K3nTheT_iqZUN6JGJLnl9H2O9INoIqbQg2D0cvkXUF8kpRDSMsNX0mMEqtOAUPDcShPrm6f2wm-jf-nlMMOdGPtESvYZPC9fFG3XQnIUVHu1OO6aTog-l8J9kt2jTW71FB6WcUpIA8ZvWGGgdddEVA_PiJqPHItEoKMKld1jXhMujN0/media?maxWidthPx=480&key=AIzaSyAc-ZJG2uARUs32SfidagTCbx4NBiRLFNU
463,Galeria Arco Center,lazer,shopping_mall,Torre,2,4.4,-8.0595619,-34.9295547,https://places.googleapis.com/v1/places/ChIJW61AmkcZqwcRbBLsM9q8RAA/photos/AaVGc3mmmvYERAvx6N7hr6TmCOrszqRWGh-twGSm7XEBc14geu2TM1YdY-hasaya-Oh7p9V09vyPXxNPxV20qJmHV5-n4d5Nr1kP3NefQPvBIgYxRPzmuZKEcOlvnPXZ4BioJHd2OIr6XMKqmjE1AEJ2dhFzUkIck1YXYy85WTzGc_nFsDqRFmkvXWeb_Cxn14amJR9TwPdpWkU7O8hND7JU5KxhtEDbaRZKWybPZ09FopFo-g7JAeqqW_WCsfemlhnKnBqdryjmct-_zkhmuT36r6DoqhSW5U2KayVQY6A1imRqyxS088oMbBriI09tptbtchScDvSPKgZzQVVvBdjyK7ChJgQM7MDdetKUGuh3ESpZkPF-VqxXxwhpCjT3G6QQilV54QNzda2HFM_GvZBxH64klppQGDThuTuY8TMlCNoeis0e/media?maxWidthPx=480&key=AIzaSyAc-ZJG2uARUs32SfidagTCbx4NBiRLFNU
464,Praça da lombada eletrônica,lazer,park,Torre,2,4.4,-8.0670785,-34.9276939,https://places.googleapis.com/v1/places/ChIJv-_SGQAZqwcRsDE0prF9yUM/photos/AaVGc3ny8Ww11xFPVXcGFSU2KR56FaHwcpGpReSO97zEO_m8Jge9W4e-owDvlaIQAgSLTgTsNJxbNqKyJcGkmCl6kN4YtCcqhCZoso-8_XnHQNXyznNNhMaxHc1AIaHH2jPKqcYouGcWh9dug65bBxJmj94gV40xkTuNUgOf1oeL6XrzCyJ-5gz3WF_kMWQIw1cr_INjQgMZAPPXxJVaumhtOOXg9HbWfHPxlMUthCbMr_s8Ztyt7E9Cl7CuajBDDOpvMDTjX6fwbCwr1aKYF1ayCeRm4l60QWM5fFuFNappAyMrwnD2EHvo8BsiLtS4QZ_qC9-WKqcemta_jwhcg3bVj2k8wiDOIZovk7GDY7cpgu4NJjHzrAx-osvyUemXe1XYnT80uY0vYhk9VOp1SmpLtuH-4bc0pOg6x8THwJAPCbO7S4NX/media?maxWidthPx=480&key=AIzaSyAc-ZJG2uARUs32SfidagTCbx4NBiRLFNU
465,Praça Sargento Max Wolff Filho,lazer,park,Torre,2,2.0,-8.071659499999999,-34.9113945,https://places.googleapis.com/v1/places/ChIJecs-WysZqwcRYhCiywRMio4/photos/AaVGc3m48gCM46W_8UbVosa-FzqTFqkuk2qfWVcFaAk_sRT3X4we7SSFOER75-nSvFjI5PsI5t8GcXieLChLnT85lTFjgXsZwAxYK7xan4DgrrBpSw8WVUKNUKrc3v4l8rdXnq9WSno-2bZYJy1a3dtQm2ns5f0_rZcSolNJbn_JDy3Rhsw5gwOt7Jr3fVsPBHbxR9hWp0gBWZtf5LovNR4j6-kPS-h86tj1rOpMsxWbk9rYJI_D2Hts39bBqyMuCrYu08UqyS-IVnHvWF7ChNZwuOiFWfjJWQwl85jlFpVmusm2KQ5YIytO3CVi0pDja37E9kbw9iHaGnwwgp48oWNaTwANqMw35qvIntbGTbjsAHEWzleIXzsyY0umtLGTb4nUqn4B2bjexLzlUrgUzkVtZP4fve45ItccS2Fas67A8cY/media?maxWidthPx=480&key=AIzaSyAc-ZJG2uARUs32SfidagTCbx4NBiRLFNU
466,Praça da CHESF,lazer,park,Torre,2,3.0,-8.062684299999999,-34.9310219,https://places.googleapis.com/v1/places/ChIJ____W0gZqwcRWahbFZryPd8/photos/AaVGc3mb8ZjOdVUWUTG6Tw112Pp9WtCPZn7tlD2J1gr2PtIq8gj04WXm5Ln-nof8x57O-bnoq2rUNurAP8MZuf1DSin0ESfvqS9JWDueRaFUirA9p4SnGzi7-GeP2BX3qqMNV09dedz9V0S1h26kuIAUQtmk6j52Chw4Gci7AsCxJRB_Lfmq1LogKZO7Evw5VsfuK-Ns5SkltHJKbkj8jVoWlm5k2PsMs05zxZKY2kxeTmWf6q5IQoU7ARFY5OfcLQkLc96ZiIaRYUW-4BOJJ6j_iVO7A4qVi3GF-Orb1k75kCoN16FE9kQSxsvHmR1XucSV5mHzsBUFIzht62FApIFjOCvsdpwSDBKLqhHo1w4MMBg0rJrUu08PLReEHXUOhI1iryDQGqC437w8pO8eJtai2PfWn-0lheduw9DQu_5K8DAwjcG6ZSWl3jbPA1jzag/media?maxWidthPx=480&key=AIzaSyAc-ZJG2uARUs32SfidagTCbx4NBiRLFNU
467,Galeria Maria Otília e Teresinha,lazer,shopping_mall,Torre,2,5.0,-8.0650367,-34.905704799999995,https://places.googleapis.com/v1/places/ChIJzW6IBLAZqwcRG4dTIUuBOPU/photos/AaVGc3mHB6KACPK8HX4s5tIMlMA5hp03dg9LtbqWKZUnR8YHbVRlCt0jgPNCufRxX0UNGuQwOnOGJTPygP86cThA1hak0Q7EHzweB_zK4vedfgQ4Lvc5BFgZGp1YEV31LFhVYZgg4PlcfCwNyDbYqTy605p9oDSjlmbSokHYz2swsXXbf5IyXYY-NtsbgQMBinnzcz5qrw4x5tBUKiEwp1hv9qCUWJebpUiheTHvp3VCF-t1BUBb-_NLFK-xXZrhxgp1Owv9bL0aYAB7lGkg7H0PSLPfnN3qhJfiLzp6KuH8R9j8e3AQFBOkEXkAnRzJTxq9sNA3iE8K3sLpgm5FCQcDEnQh50W67ayW7cQfD7jcUJdVkbjNojSKBn4H28Q0i1R66cUNCZWY92u-z3jWBP_gZndR2D6HryyYlfP_eYXMMJIlChs/media?maxWidthPx=480&key=AIzaSyAc-ZJG2uARUs32SfidagTCbx4NBiRLFNU
468,T&M GALERIAS,lazer,shopping_mall,Torre,2,5.0,-8.0533296,-34.9172687,https://places.googleapis.com/v1/places/ChIJB1t0DwAZqwcRYb5fZe9QFkc/photos/AaVGc3nSdA6TR_XbhgLI5MiKCVcdT-avxLtywxXUttoW7hXdIVp956Og5N_gyO97hKs0t9WEL2bZ9sjNULjEKbp2VTnH0wkb3Chf2708xDeYSoGgRyfCq7WGIuXsvhv2y4mJ09sUNVy7LsoCzfZbQJ7Dv5DuEWSELcT0ZQDd5Fny7JYdnrgbyaPQ9qFwDJZTF9uSJTHye8BZw24z0l6vD0b0e_HnsXPgnDE-gqKLPREb6_HI4BNmwi00l20pyORNQ_E4IQVprRJ1n9OnPRLyO1MdE_AIDw731EMK22XVisXLLZpU4GnPTACpO4cujsZ3v7CaMOny_vV2iT6tGTUrMFqw0mIXVl7wDCRirVQ72kXeowSDXrd6uzHr5HmjVQXF2ZVldqqbeUicdTMk1u-LT3PTfmJ_9Qxitw_iNUzUyCCVyeQd6h8D-T7scxwyf6bG-e2k/media?maxWidthPx=480&key=AIzaSyAc-ZJG2uARUs32SfidagTCbx4NBiRLFNU
469,Nação do Maracatu de Baque Virado Almirante do Forte,cultura,tourist_attraction,Torre,2,4.6,-8.0629846,-34.918376699999996,https://places.googleapis.com/v1/places/ChIJXzHBDzAZqwcRWdJlYTkuz7E/photos/AaVGc3kWDniwhtofKyMhXucFq3a3yypIxSDYHE2O2Xg0HqN_t0HCvGDEBFE8_LQRPyQpuZ-zvc3iISwqiZfIduPD9k2QyHm83QPbmNtQ3f4Q04TRukSiv5c9KAxD-S_aiOBmM2vhKW-gbN0ajR0PPlccBCyoDQzZCH1sx36MDgxTa_R3JlYqivmDZflselZzFY6Dpg1yBUwoJLgMaZEEhf9gcSonKGsO1QvhW9B8QiwUwXJqVL1q5yKFiI8MSwpOX7zsv4lUllNuWi0be7rAX4BbcRUcVrdTBY95LnLfxo7E3N7pceTLR2Bg8ikE21XPAzRDoYJO1t8_qvMhqg4Uxx6a9SKfQNY9baCViVBcS7QpPr_Ju8rSy5nviXMtEC7X-7itGI7-V2PUMb8eeJCpPXahbDV6rUSkhMgZs6imC9Cdn7ibKmrd/media?maxWidthPx=480&key=AIzaSyAc-ZJG2uARUs32SfidagTCbx4NBiRLFNU
470,Beco Padilha,cultura,tourist_attraction,Torre,2,4.7,-8.0657564,-34.917418399999995,
471,Meuri Quadros e Decorações,cultura,art_gallery,Torre,2,4.7,-8.0700948,-34.9254333,https://places.googleapis.com/v1/places/ChIJZ-5y7zEZqwcR7mPliHnBsME/photos/AaVGc3nHV-edXW9o-Iy3EcT08o8nU2CByOStWuMmW7DaLVoIWZTwI_Y_YZZ1AuqzHij-XpmsA_uKMpSRrcj9Dou0mZ_B5JEgb5y91-qJFIYnaQMYKnnPhHpySgRnX78TwT1SKGG8YM2lGYHz7FzVUNHDVZRFoF6moVXZZqueKBkgOVkYyvCqS662s5JvlK5jMs8ddJP2nPgUzObWZkb1eBtoj6b_iId7pUrWrKWSDp7VHaScx8qwG5FafWdAq0fFh1e3PW5J2qRoqnSGHUgKsc8wAfFhY4xkfMilbKOgt7fz-IJX8xBP_Bij_nIBHVyscZPLBiFtJRPUfMLgWm8ZR-apvn9AFSTSy3zAiKP77uXtI6OkjntJ9QKo16El_CEoOYPnxKTqw2w6bXVjSlCHjALFb1do5W2u4adXmy3g-e_NNG-N9ec/media?maxWidthPx=480&key=AIzaSyAc-ZJG2uARUs32SfidagTCbx4NBiRLFNU
472,Praça Euclides da Cunha / Internacional,cultura,tourist_attraction,Torre,2,5.0,-8.0580654,-34.9043752,https://places.googleapis.com/v1/places/ChIJAbm9AQAZqwcR67kLNaJH7TU/photos/AaVGc3nXdVBRP-rpmSodHTklParrtrK97mflRdq3sQnTCqBenj1fFA3yRh9OK3_rp2wU2Bj6v-rJCh48JDTqFJSTTkNBW2eEFlOLhW-71rrfHwhNTM4wFbkh7PQTxglfT8o1qX3pID-rKnjtE19yYq6qu8inKDANd3e1JCvmrQfyODZMQyWuwZ13muBSJi1TZ6KIdxgTME1A1QEOLEUdMYXpNsE1MIbLtnN_NSNU8LVkc8zQGADeFVnJ3ikoDHvqS6ECvr95cZbkJbQnRSEhxvHcEqNXeECBXQCaGbG1NgS4xXhqdT6ddYz7EP-2rzO3TrLlvv-5-yiChgq4Az4G0pBsFxPR1Fh6EA0mcFQ901ZtPBjTWXCV3nuIXf5Zt0IKQb0CIYrB22lONbp2EX0M66GE-VAAxfREdjihM4m6sHyTfTQY9rsR/media?maxWidthPx=480&key=AIzaSyAc-ZJG2uARUs32SfidagTCbx4NBiRLFNU
473,Art Estafados,cultura,art_gallery,Torre,2,5.0,-8.0555565,-34.9091174,https://places.googleapis.com/v1/places/ChIJ-UCBSyAZqwcRW28HQaW2B9k/photos/AaVGc3kbM9-rXkogulPCxVV7twAy5UaNUC0FCwuORnYFZrSJbedQnvXyvYCOTh_mkBdg22cCneR_Vq4ddl0jrrjTwl32nzK_4Eii7OXgIjaBGGktaPZviz6bFC0WF0XOcRWcvnzxTEBOnkKOlSCFBGEK_7tAQAIeL2MJSGX5KqUbAdo-S-lQqquCqZkxdCLpKp3FRx015mGnD_Ic6erzK0xd9ByyLLaknqT8dEdgUFNavrYDcCZZ3Jk-D8UBvfB6LQW8eZu7bUd_103NKOoIieBNe0ZyVrFIlHPw2D7YHuOYJoexKqqdcbLzsXoD9wNIRjmV2M9NhCZI9QkqX5uzVVOqhhF6a6JFJacLlorp-O7kjtMPeot4_fREbd3IjjyI6whGwQwp-MuXnDg1f-dRNH92cOyLpq1hgKylNxRB1LknJvo_LQ/media?maxWidthPx=480&key=AIzaSyAc-ZJG2uARUs32SfidagTCbx4NBiRLFNU
474,Ateliê Ficção Artística,cultura,sculpture,Torre,2,5.0,-8.0556438,-34.9137681,https://places.googleapis.com/v1/places/ChIJNx8YTSYZqwcRdN_Yx1x1-pw/photos/AaVGc3lJeO0ws7Tn2kch9zNz-6JXnVqKqu_vnMyKBc6_o-y0mOFGy9FhFdgUM8-ogGJi5YVrXEmD2y-cA2Oxve0mkl1g7c15JiQz8c200Fw2fo1Djb5ZlXH_gu9_f2w9A0INrTnDPPKu-yUGyqAasOqAmuFUDyafuoPYE9RWN1uh3fj4R_m2XU53LAxrAn3AsCYhaoGZbOrI-OiM5ZvfnVvaVvcb8z2i7TzlgiHYPZWP2sE4if0F5x2eC1cvQA379giBAqI8wbQcYRWYnFaIh-Wxc_HlYFmsGY1auQW6192fnHEz_ibJFmGaGDWZywiuJ_R2hdzcCudt7D61KcJXoW3de1qFKsuu4GQy8Zz6S6hOlKfWEmSMumuXQakQunt2PM0dpvtsXKzyd9A_9ilWNrffi6y6FNtzatMzf1LdZ1LIRiHLEIxK/media?maxWidthPx=480&key=AIzaSyAc-ZJG2uARUs32SfidagTCbx4NBiRLFNU
475,ESQUINA MUSTARDINHA,cultura,tourist_attraction,Torre,2,4.7,-8.0682364,-34.9161759,
476,Catharine Torres,cultura,art_gallery,Torre,2,5.0,-8.0556126,-34.9057033,https://places.googleapis.com/v1/places/ChIJM7_XY-YZqwcR_AwKKscpVpY/photos/AaVGc3kqUbbxN1zTZCmKTl6xnWy9ng5OyTx_UK45jIAvtajG4dVuxnLsOXiplc6aYkRSYtqISEjjLjBOqv85jDiabH83tb7SchoYRuIMKxePuYWQMLa1v5Lv1GHyNhfT5uZ8MLLYgPqX4po8F_HzYAEfp8AmsLvSVhiSN2nmyNAKc3k9PZPARIownwwfqUet5a3iGnf9QqQySAOomogAxueU3n49CfRO71VtlWP5yLixKGyqdsIa8Dy5PEQbOizvtj5tj2uN3OpPPpQzcjP0vXgnd3TafMIWrSCDCQ7nZf1mNMVyLjvHjsPCyJ5lT0QnCg1o12POiI2Xg92bi1mgM6sLIHAVW1TjYD2mgYBZfYEFBGuJjCAuf4B0YzvuFZA73IfXierK2hS7rqCaMEMrr3_z6cqAaO8hqmKfKBdWn7lYNcAqXItO/media?maxWidthPx=480&key=AIzaSyAc-ZJG2uARUs32SfidagTCbx4NBiRLFNU
477,Luciano Bar,gastronomia,bar,Imbiribeira,2,4.6,-8.1077589,-34.9216846,https://places.googleapis.com/v1/places/ChIJB-ntv_cfqwcRzUiuhXMToOE/photos/AaVGc3lh_oALVMtpTj0zXzO0089_KSmjG8UTYYfrpuNsNBENJVkCjfJTRp_S9xnzS_QB512iOrJ77l6bNWucOtxJyf0m3zZnblMwJARqe5E5dqdYQ8KxX3HQ8xA2EI3zhmUHW0nydj9iY_xMsDh_OLRuFq6yFW7umpGmeReym19eZ_DnXvWE1bO7vKsdmeWoP1vxQZZVLsQ80MxUOnImkUPGH6t6jSX7WWq_UN5uow90MTMhSifTyvOjX3Eq5kjXsTzs-bJUWi6fyNC62pnalOn6NXUYbxN6PPmzLmhRZ3vEJI9PBfFHDHpOAhlO1LqPsTmIDGIrXJVSNVlDf84os5Qk4oZYjO9yNv-K9AorX69pXigvOW6GPs3idAQWNVjy7-oyc1eUzA_uL5wQajEELMAjp3ljSsgqLtIqKsx_g86YjJYM4ku5HyVabag3hhibig/media?maxWidthPx=480&key=AIzaSyAc-ZJG2uARUs32SfidagTCbx4NBiRLFNU
478,Restaurante Portal do Picuí,gastronomia,restaurant,Imbiribeira,2,4.5,-8.1141908,-34.9193208,https://places.googleapis.com/v1/places/ChIJDYc1P1oeqwcR4ULXG0GFU_4/photos/AaVGc3mViFAL-b2BEou9lsSB97ruF-Am17JhOlb7sSUI2cknm1Ybpt_TVsyB0cfQ7cjnOzV4P12q-7yDmGdfAJ3UK-vmvr-HpAJyb1NDR5YQLeGLm1uupXDXOqrBdHKAbZXX4BehSm9Svj4SfCyANVGqHUCDUEVJAMXMFEp_o71neJftA-OvGUrh7Wmu_jfJ2MHDusYtpZR7DDn6nsw5wXLIIGZDH-neNR40eHCnCcb1bgm149kUAq9dVJlbFCV602jUAwxAVpia8geFRlpxU1DH0YRGW9tAivLC6dcBwsX09VU3HQjI6fMKqa64zdBRBRZy3nX8-J1v25sX4EtIwOK77IEj6U_IKOZLxs-e19SrlkoPxnv2GLHTzUFD2_ota5pz-AsAbulOBOO6cG_84c2_DOvX6tC0dGevHCIglYO3pSnX5C_U/media?maxWidthPx=480&key=AIzaSyAc-ZJG2uARUs32SfidagTCbx4NBiRLFNU
479,Budega Meu Lindo Ipsep,gastronomia,bar_and_grill,Imbiribeira,2,4.6,-8.109019199999999,-34.92481730000001,https://places.googleapis.com/v1/places/ChIJByy7BMIfqwcRjoTmr60sfYA/photos/AaVGc3nyY8AjsC0wCbbXjcs4zfUFa_cMiASbOhdEfmM3Gdc-n_Ol1KxfBIJA-pCqqIFZhwELrn-dTx6l_sm8cYtirJcvv3M3AIX55Jzv_Lvp5aE5hBKmQQfuZdpjLSdHKHLPBG_G3RuVvDNFwvFQgG4xTiUuPVdittH9vMnVYa1PcHTbwPShlwSgP-QDEFQvHAj-tIz6AA2czBJ_lIsZqfemvYBjHXATU1SZKJWePldnyohwqMwppkZoJwCovBAsXgytQpx7LdiUJGN1J4-l9n14lu8EAxsWfwAbYrqGgxu-aq1Z70LVI8-JPHIF7bp983ZlcPkFYhMixmv9q2no6lCGdrv6QZGa09Gnwwln9s9HPbpufwvAG9aVXNZzeD6AbALXjGxP5G2Le2qXDOSScgdK5MtVE6h2T1hbR91WaTQi1cEkvg/media?maxWidthPx=480&key=AIzaSyAc-ZJG2uARUs32SfidagTCbx4NBiRLFNU
480,Park Massa,gastronomia,pizza_restaurant,Imbiribeira,2,4.3,-8.1091946,-34.9098954,https://places.googleapis.com/v1/places/ChIJyerQTMEfqwcR5Pjc2wM_ZrI/photos/AaVGc3lpko-awt4cciLTGOJOL8fFsRb0XStA7zmXpFjhh-5mIpfWrTyJPre-kaMOLGvJW2MVY9AZkIfJWs2xeUItzdq8MLfQS6bP3ZFHXhV2k24CShbWn9ZOrvSa8ABlcnHwP5d8OTvgPfDwsvoAvfEVVEOQjA-_ppfLPBPuis9u_FJyk7rpAINxRSRZpAvyOpZCkXl-9eA4EKOgiRzvz7BHulnC3Azbru5l-VUGUvm8AoocGOuEO1kqmiFPSOKMJZKPGiEbYIFc1-uHrJ7B22nsvrcPtHFaHKi1ND_jDSXx7ARIMTHY4JZ6Ym6jVB4TxeH2U0XR2Yc36RDL-O0uqJQiKtwpzVqxWhzrS_B_GOtWaKqGdsGWQ0D_vzIr6Jmn5l6AhGKE38DATe43prKRmibh1A9D57wID-1A9c-IGK8sORYUdA/media?maxWidthPx=480&key=AIzaSyAc-ZJG2uARUs32SfidagTCbx4NBiRLFNU
481,Sal & Cia Bar e Restaurante,gastronomia,restaurant,Imbiribeira,2,4.5,-8.1106372,-34.9235478,https://places.googleapis.com/v1/places/ChIJ8xWCPwAfqwcR7Y3OeNClUV4/photos/AaVGc3k8XU5C-x102IMQoZc0orsyRQiXGHWvTulPBkN7HZtkvppsIeDCElPErUJ0bI9X5eymY8CgbvD9N4qO3-We2-LxmC-6IFQQv6wUA5gwpMLV7PZ9fvDc6TLFEMRu_KZMOhQvrH9uGyKPwxrsaTyFuVjbfcX_lFsIFHY559bu3yyE_HBEAPXPLjkxMl2x3U8UcR0kS34p5rkX-DxjKktUyepUbhlPHML7Ff4xEcb3LDbtaH7wE8BZJmHXt1hI78uNPnH8KK8q28odmj54N6Ms0OCeXsXpOMTRVL1BAitqNxx3O_Lo8lvxdZbQ8FG2tGEPWOAHlx9qux8Df4khd7YGXGbDXY0vvEOFcCKO7qXPkJ8cuJSXwcxI-qbUs_ooJjuOyyJ_sVauWEbFaBuI08VDksfl0wc5faOpBcL-QhasAZmB6X10/media?maxWidthPx=480&key=AIzaSyAc-ZJG2uARUs32SfidagTCbx4NBiRLFNU
482,A Casa Salu,gastronomia,restaurant,Imbiribeira,2,4.9,-8.1152468,-34.9054587,https://places.googleapis.com/v1/places/ChIJUWJrk-kfqwcRbBjG6P8OY_k/photos/AaVGc3k0EK8aIF_1VByb1bPEcE1mirBqkZ2h5Wuokhdls7Y9r2WEa1JiJwBxdHqOvyC1Jm0qPbvbBmdVV8jCCIVMknm8TMqDN06wQb7qEdoV07Yi6KQYCf8K0OrOL9YwHU5Df9txi-osArFt0Q9UFtatTuu9waj928334L_47H1r4_9Nfv3_77iuokcUqhICq8Rj2QgiiSTRCKYH8A_Hjj-Im2fArdubBPm67jJAk1mTkMdumCAGBDGdqg035tPCfCyfqepZsgJ-3XleR0soLPPL9uNm0jPa4UTu29SSXGht8FCll-ycfr5aZURRzi8Gsq9BAONA7d0TWa9tajfMiiEwRsFN03_5d3NpDk7leuDMsTGwVIunwG5lWOZ77erRpqx1_b0z669mOb24uHUE8pSUREyJ9SuR3XbQgW-4OwSok7U/media?maxWidthPx=480&key=AIzaSyAc-ZJG2uARUs32SfidagTCbx4NBiRLFNU
483,Casa Do Gaúcho,gastronomia,restaurant,Imbiribeira,2,4.6,-8.110195599999999,-34.9051729,https://places.googleapis.com/v1/places/ChIJhS6vOtsfqwcRv9gcPRJwmGo/photos/AaVGc3np7LnkNXMeubMF7v4VzHTgRyEgKglXausQcX1VwfIPUv_61emjBBsT3u4eoVtYUojmPf3bQvRfDFHlIbrOyrhphzaK27J9mOG8RNXmIIgaCpLEG-Ugt9WOg25MUgvX9XGp5zHwBi_fmLEHTTAKkA1JLghJyaTnxaDd2zNefMqOabl2LNvGlvSoAciXZyY-5ki6h_3_W14Fj9Dbv_gxbFm3NG8T62JTH-1YXn4hf2mYQ87m3s3o2AnMK4A0Mk9rDy25w8z5Cm_UR3wigQtMzijM-Zv9kXPXACw6IhCVu4-o888xYc_nWLmTMBK8t_2emPzEK3kcBdQwg2DG2CFCWcnvnR0W6DQ18HutyViK7KNhYmsLHJONX5DDs343a2dWAXdZHEOrMCaFk2P48ud2x_L_9Urdjkb3TxXZS_dJX5y6-A/media?maxWidthPx=480&key=AIzaSyAc-ZJG2uARUs32SfidagTCbx4NBiRLFNU
484,Conceito Burger,gastronomia,hamburger_restaurant,Imbiribeira,2,4.5,-8.1112512,-34.9184907,https://places.googleapis.com/v1/places/ChIJH9Q2pScfqwcRNoBJrmHzSAE/photos/AaVGc3l2FNcNlF70dWBCcTUMQ1oCw5ebsqdJE2IvTjNpmpmhcVNaa-adtZUoZzTRK_krZQP6my2xtBs-NigJfCXssnOzdHc0fZUg1F-9uTl8zQs7rGsW-TwvBCxWvzvnuY7CKx1Mq91KxsNzMPpR-kMPM8vSYZZ1sSz-3BYtpgLCkSqq1YV-lg8DFuTDeh21Zf_Lrr36BnHxIdW7RVgxL-i_J8TUIzD5rNH99x5euY1gdtU1MVcsvhwPyZBAX-epIrp8caGSB02NkrHyLtbbjYadNuL7c1Vay0QLZRPTIxDH-CKlVaq-cvOa2bfrAPAcwMHIVisZmejq_QM4-cUlbat8HSIGbN9d3Mqm544adXQmc4MeDK64nvwj9zmXeFYXgUYfljlYrUQb1_WxM_bDzGW0VsGB1bdzAgXk2wNaksKlkj8FufqXGrL4LXFfVLGEeMkq/media?maxWidthPx=480&key=AIzaSyAc-ZJG2uARUs32SfidagTCbx4NBiRLFNU
485,James Food,gastronomia,restaurant,Imbiribeira,2,4.5,-8.1015325,-34.913326399999995,https://places.googleapis.com/v1/places/ChIJ_bZ4pukfqwcRhI8wLKH1bTE/photos/AaVGc3kRw9ocEG6A3YsOt9VD0hYiSULKGo37V2xCfY5xLhHnI-6MuynleGbGSg24ARCk_BKYIKQTh42FHDmzi2Lh83_JSmJnnQY3VLJS7AZpuhfHUIS-ZuKC7GwUyd-NFzfIGetvgqoNxIJ1KX-oEotOJB3VqPqd7RzQSaXlBBzeEnDOW4w9xYT8hzq_q1rOoALbHnPRcEyuv6Rt7dyEf071NiNOf5D1MvAGTwWmJ9y5x0DqLuYyt0_8DYiN3RgEfWHXT-IeCmg20NcAJiaRLT5FXWdeuFfbBg8TP4B5tGlMu9ZppUvOitXWn-vDfBt9bO9ygk_5g_ejHYT5hgfablQPFiwWTCg3D6khJew2IVCz7BRJU-VV564GxGf-m_UJcexUJzVugn6kApd1W6xNwntqUG-pDORgO2G_QNLiMMQyyDtHc-TH/media?maxWidthPx=480&key=AIzaSyAc-ZJG2uARUs32SfidagTCbx4NBiRLFNU
486,Leo Chopp Ipsep,gastronomia,bar,Imbiribeira,2,4.2,-8.11232,-34.9215212,https://places.googleapis.com/v1/places/ChIJ18P5HwAfqwcRN8SZkwCqcCI/photos/AaVGc3ne2dM_Vp58RZ6r7NPMT1VEa-DFsKiZsMNutwae82W2AtQcHqiUwBjOCSLtCjGGX1auCBco8IFxVzUy9pm3PRsfvDFvZz1tKZeqdpzIxt4zIH5auIktswphO4EksDaQ9lk_h8OYv_Qme8xloLpV27n3F4CTtlmpdYjNS_jjQc-hiwG9sfSR-J5qExmwIXXAX38flFUv3q4Ess9DHGzPagxybqZBRdhNK-Brbl0VFAzs8zHgaUBIn_e8h2gXCAJrtqmQvrflFhwPLdYfNKB4VXtz5wxhVMNKEb8eGUy6rnFRPTkLeI6k_iygywvG2ah6MrBIh4yhq_QxUG29yBpGQKVxn3FHj-FVcQ-P0Rs89UnZg1BLOzS3J4jQWyZr0vdlX6tT08HM7Rlu8hNp_9Q8MvvygwjK2feegsvHbuIx2UaD1KAqfpypYB1VBW6OrFOu/media?maxWidthPx=480&key=AIzaSyAc-ZJG2uARUs32SfidagTCbx4NBiRLFNU
487,Hayako - Prime,gastronomia,sushi_restaurant,Imbiribeira,2,4.5,-8.0966646,-34.9134159,https://places.googleapis.com/v1/places/ChIJoc4OX-QeqwcRX8jf7qVm5wc/photos/AaVGc3mZtk7t9EkT_-mdQTHX7yUYdzlpxFF03-poXB75Ng9Ap5G5Xj7kWS1oJFHxXqYk5WV0kRZhG5M_otgivYo9O95zTaTxOYIa7BNfF8sk64KADqIDy-jr3lk-g1Pd7fOoeLlG4krrxJ6ElAWz_fXIqJnXaHbapMKB__IJ1ntOKbJ23qb5K9qBmTA_bu0cmTnCwlKDR08TXq3w1g-bynEQtQzThRo4qeDcjjRuCTR5HHp43N6ZRqgTuPovcjNtZM-uvVBECOSAy66QV5GvYddBf950KB-nMDtPAC8u9H60WmcFZ1sjfumTzzStASGDFCFfJHuNfYNCPHOp2TCK_8EjNXdzBGhAV6LvA-FnR1GaNfkHWEjT3PRnPDy_zgQcs1Mm2b0sxA0Z4Vbf4OMUokhz1Awdune_S8UBWJLzPqGIg2OGsDDJ/media?maxWidthPx=480&key=AIzaSyAc-ZJG2uARUs32SfidagTCbx4NBiRLFNU
488,Chambaril Feijoada do João,gastronomia,restaurant,Imbiribeira,2,4.2,-8.1091316,-34.9256068,https://places.googleapis.com/v1/places/ChIJpSRaC18eqwcRtwA_ylZS4Ao/photos/AaVGc3nVwsKOz6eT48KSCYHB_WFutAdp0vvGBxATVcA8XvzA0jFCQJExCJaQ_YELFc7scH1erFGLkljUTs-NMFy6-EMD_pQNUETKbPpy1Qp2A-rIw3r2qVHU_QEquwtuv5o2nt1EEieYSzgHXDxgNI0qEPbML0BQmtyoQLdL5lry32Fq3PdyGhcGEf3aAA2sQyQZj8RZD9O34Yme1evX9tdWcztOFx_kDmMocbAfwU2ALr9-jXWUAFM3XiVlvWZPBp7NxQNVV328vjhnChQb-Jjk6P0d4reH7mvWt01iU49Sv335o3Gd50oe5ooMftEkzGUUFkBQjlqNIfJYgKXl9_StbtiFsDzWqw16WMo6lkUj3ByX2hP0meSpF8oGh51oTvPjh_jKVTHEmRU4KDa__IJOQYfx3-_Xmh7N0JNcvE0_CGm7Ej2P/media?maxWidthPx=480&key=AIzaSyAc-ZJG2uARUs32SfidagTCbx4NBiRLFNU
489,JULIETTO - IMBIRIBEIRA,gastronomia,restaurant,Imbiribeira,2,4.5,-8.0982821,-34.9121308,https://places.googleapis.com/v1/places/ChIJe_jsguQeqwcRtx8v5ECzGAE/photos/AaVGc3mxARIrtxYD9pZN2gocR-KuXLSQ8xg4zl31NwzAerdBf0wq2PSd7i5gI3MdaL2xwVsWkKzurDhRCnQccayUZgr11bKSYD8-0Gpa-PHTzrL_Vl3i5WgvYjoI0mqkdXMxv9qGOQFifjzcqkTOzKvWMjwNVSqhUHmcoI3_juT0Gv51TBvusL0gEjGabVRMr6SotyJoznp-OZh_jMP7aMs9pvDBesfMxzYz-cKlceB4C5iY-jeMvjHUxCgbtGpYbl8GaYUwHS97qG8g7yegt-5ktLBRHxdGfzKfefEH7a8e2Dr8teacCR8wDEX4_WFcTq_lwkb9fTsc0Fz733j6NViFNBgBQ2OZ4NqzmiZ-rvo2AifL-0kBNJ8xrD2ISMyZ7AmuJ0aUvS9iWDbPkevTnz6llJx0RQy1j17tFkXoEoUJj69P2Q/media?maxWidthPx=480&key=AIzaSyAc-ZJG2uARUs32SfidagTCbx4NBiRLFNU
490,Posto Petrobras,gastronomia,gas_station,Imbiribeira,2,4.0,-8.0989665,-34.9104837,https://places.googleapis.com/v1/places/ChIJxa9iWuAeqwcRpj4YffBGVMc/photos/AaVGc3m4mu0mZoHzM7i1smgWb9wSPNhvoElozOvkzbnXp1oYV5_03BbCu51TVQdCWA6OZ5GCeLelgoEnHl0gSWFsYPBCEGiqYWH8NQi5EAFuE5QdBGSP_y9oyElCDVa6M3MrxRwEInespLLrb7u6me7cw0q_Z6dlhz2YzgoJ9yVwZmDveleCuCLj1sAHFu7t7XcnV4BIs3J7UpwupsIB5Bhf6MNspHPcJgIH1RBcLAemuiG7tNy5TPGfJwsU2gwc1VVDDt3j6MkaYIJCvE5RSTr8lOvc-9oVNVe-F1ndVRpBxjQ2TJOaHAE0ZkysL1hI_D6t_YXVROzcFx--inHiKKEgd9UP-Gn6OctCXEd9nB9IEOebkFvauatpN4RvmSZH5eX2VGo8Ga9E8nk_kap5b6YHIGqA8sbGza-1cTaMwTAPoGV9FKP5/media?maxWidthPx=480&key=AIzaSyAc-ZJG2uARUs32SfidagTCbx4NBiRLFNU
491,Mercadinho Vida Nova,gastronomia,buffet_restaurant,Imbiribeira,2,4.2,-8.1054019,-34.9070424,https://places.googleapis.com/v1/places/ChIJcclsMf4eqwcR6NRf4b-8SU8/photos/AaVGc3n5uju-aJQJNo5bkXVrIUGTEKxZL866dd-2U4_W_XWWNYmbz996uxX41doESnb55dg4jWpiySGlRey3kfGwNZPF004HW5SSHiqm7668ckzrc5GZWIwxXMBJIU6-hCtLwu57Zw6ziKY2weGJ5X-BYGHZx-qwRcpO7okMk99f6ZXba8m1eJgU0Lan7HJ-EXwVoH-H0yGRWTPVCTTJDS8iyJLF5srSz_DDrq5Fp11vhPZxjpjx4MQHANxeuwlwiQMeQCpLyqc0cd9H25WAuc3FTyYNyvqlERoZiLYJcP6Q5BqKcseKTUVLypNcCm0zjDM-lhZ5FxDmhnDcPkhZWqrbpDEh4OwVjhT6fD6WDIAqBCvB9n_5hLjW4O-pnGeP262BBZUjAqOD3ED0SQZEHr6xzoeve7xJslXpERw21WJUwVlwAg/media?maxWidthPx=480&key=AIzaSyAc-ZJG2uARUs32SfidagTCbx4NBiRLFNU
492,Seu Lenha,gastronomia,restaurant,Imbiribeira,2,4.4,-8.094795699999999,-34.913340399999996,https://places.googleapis.com/v1/places/ChIJSfkxSOQeqwcR8FKP3fCzHGI/photos/AaVGc3ngrivDehP5PIbbn_ToH_JyAoB4AIjtHFNXzGgLed_uhZlQlNvm553h1uSJChH_y-M2XEzYpbu9WH9On07ZBaaYCc8gi1sArUSAs6XQYhhIFgguRHXKxqkEt_1gKMJz5fvxq0ufd3bDtFubTeI9pUOZ-PA7ubbq0v8JxIPGO_15KYfnqGnfUidWregzOzRIFUCC7sEA8X5k8Ih5J0cRABLdc7mOmxJFJUCr9qSUoahOvYXUmkOKlkhbjdWHSTS1QPFDMGMHBouCTssWM4-p-A7tA3OJZyy-mOQgDVS32P77wilvw-q5lv56yjJhV4Eya_bABN0gB-GAb2YXgFeqR66qgjXYvwdxdnWbzQpwkWjm4qnwgTTmkCW5RBY573F96Oj-UTiixjhFuGL6BBrwsAo_opXkrCWUeHbHOtj_Y-cRhTbV/media?maxWidthPx=480&key=AIzaSyAc-ZJG2uARUs32SfidagTCbx4NBiRLFNU
493,Tio Tita Pastéis,gastronomia,restaurant,Imbiribeira,2,4.6,-8.096166,-34.91366,https://places.googleapis.com/v1/places/ChIJFfmjXjUfqwcRx2C1OCHPgFs/photos/AaVGc3kGumEE5cn5aXkrYa6hyFBED0zBkWln2JGncbD0UtlbO2heyD8l5wVdHGcI7YPU0NtKOXjC4CmB60A97NB-qI6yOpAoWxiBcftmlDDrub0q34xITE7K7cTUoBXx_lCJtVJRJt9qCHCVQ7Fm-Mkr3oh1TeQ-TFgYEOEZdSfN6w8MayNY-NLFw_5Q4yWpmPXgBZ1lsWwqbKNhHZeIYxjdN5Oohup9B-InLwFSbokFOSMeW-qG6h8KGL8jYJ2cP_c5d3-JLcoFqtIKeCb8kpHcQCsF4fDSg8ibkqSTf_dPIFrCzZJXTeLesRuCttzGhrgPYu9KSrHOH_lQfBkmm8bfxfnz_PdBscCboJNMFwO9mg7xyiOsmTzEH47zfdOqYCZwzZB7dl_4KO0vYIDEyRewCNzA-xisQxDOKc_Ck74-cf_eDr7P/media?maxWidthPx=480&key=AIzaSyAc-ZJG2uARUs32SfidagTCbx4NBiRLFNU
494,Sushimples Ipsep,gastronomia,japanese_restaurant,Imbiribeira,2,3.3,-8.1059492,-34.9196448,https://places.googleapis.com/v1/places/ChIJ_YZMmKwfqwcRKQo8em-xCGA/photos/AaVGc3lSjJKyUM0-bT3vNRQQuj6SsUPzvbxBRS7mET_8_cE8ibF-WZd9ZnRvCljfHL006ISeTGF_HLN9DflxlEWq9ZWUziFaj68LLWnysBxNW15HSV1-lN6HiByKo5BQTFnr3o9cBWzBviJlJdfdUum_HiM6_zcvA927ypV1rbkHDvkHnNfJ39K3wNRVyNd7Yvm_CjjV8fOmhE70-Idtn1LuDoud5laRy32q0iIZsmWktgdp9wkrRe38iJcJQ_ie3ysaShpPIXCumXq3aQi2-nxu3IVgtrntwKzka-FmXbh8ty3mc7wD4wfzmKjMwUY5BD61i--BFjlC277IM2Df6__j5NMD9NC9xu_YQ6VRu64xUJcsSD2XEWKCnLD2Au3_-4qbCW2QsPHPv6tgkS-Frk0RbbaBvShX5Iz1PVcGuJKMBeb4Fg/media?maxWidthPx=480&key=AIzaSyAc-ZJG2uARUs32SfidagTCbx4NBiRLFNU
495,Cia do Pastel,gastronomia,brazilian_restaurant,Imbiribeira,1,4.6,-8.1119604,-34.919276599999996,https://places.googleapis.com/v1/places/ChIJyfQ2uVkeqwcR46iC-3ZZdTE/photos/AaVGc3ntJxQk3tSHljR46aCmlfnCTCChzgd0JKdfo3SvElJzB-RrvQYVjSGCbsCax8hjF3UcwZec-bNQ07Pa_ljNteLBZpylo6JVMuYuqeVfh1kO8M05grF6YOUbmwdtS9zNlZr_qkICcMW3rb7b07G-rCwdEX-CaXsx5RsjdUPpB_pUpl0gTi4AWY96TqBNXpO3Vo2rWfNc6vd8hDFonUlQJtzFRY4zqznCMZPuBKY-GBUXgiluhR3nQh_n42G_1uvENzKZl_1qVg0ECuAZAaAyCS3qFsHezUmqJ31NOCG2pDpO-4raYhF5N2oGWeQo5VQ6zXTdiWj05r3N27nXstgcm3ZfphKkQBoe-2eN4IBmniF_-nEn4fEzUR5luUEvqMDucCtBBfmC9av0b121iwnt24gzUmOMpiu19ogfV-rR87dsdNc/media?maxWidthPx=480&key=AIzaSyAc-ZJG2uARUs32SfidagTCbx4NBiRLFNU
496,Uramaki Prime - Comida Japonesa,gastronomia,meal_delivery,Imbiribeira,2,4.5,-8.0962219,-34.9136388,https://places.googleapis.com/v1/places/ChIJkUYvweUeqwcRCqJSf8O9i5w/photos/AaVGc3nbvzaGGgLTYyfitbhYoe7xb8l8moQ_BuFBJYKp2TtUTTAYdw7J8dVUnWahUrT4btCURLqOKlVW9urdxMHAqmCOVGQshhwKt5owXsa_tD1ocXvXszUl0UgF9am2Wl2AEcReT4i4CYJ1JfB57AYZj45GIZxxmV_58yRBZx4Hwr1U1igFqWqDc8q0lDvRa3QBznCspSidsHsCnqEYkZVLxgJdqTCmc660YC6JU8mQ2uj_EIjJE4kUs6w9pjhNXGTgtnFksSJz4SP6cnQJoQ2e2yX1QIVW0sQKkgX0UII2TYhzWAZVs0cpXVYIBN7Y-Qg3e2iHyw60yqu0kdTnNnK5MwNwZrwb91SZn8YEj5dcPOqch47och8mgekRu3pAh5WGQjPUXrlKvgtmLkDSjHAn0ocSbN8kR03fV7z_wvwgi1m3fA/media?maxWidthPx=480&key=AIzaSyAc-ZJG2uARUs32SfidagTCbx4NBiRLFNU
497,Praça Da Sudene,lazer,park,Imbiribeira,2,4.4,-8.1168915,-34.9185449,https://places.googleapis.com/v1/places/ChIJTe00vFoeqwcRnA2MR3bFzew/photos/AaVGc3naOVgBgXr_3hDcj6H3vt8oFalI1pR_PEE_h9vX6whl_iK7UwzY_rbaTeGLT5mJU1XQOfwLoAHbKBAUyVjAWdnuHtB2vDZg9W_TA_gSocmyFJAoAv8hxuTcFp0WH_4LUYxrd6mF705Z3J0YTPO_0kP4vI8NILX_OXgrLpf7RCaia4VZZzS0hKz2lnar6xprH8Tvl97Iuyk2SoLGUHya349dskSIjXf9ss8aL6qhCjCfHe4ZcgLRmV9IkVLxSyMSsnzyGXxjVg2MPnLZ7FAmv_eLs5MzW3SFcFgaZQqyyqol064gMg05QUCxySm0XubjoY-Zbl7AkO2qew0LG2s2KgVv7DgEGRC4td6M_84GiV26fthRvgVHAOaNsod1AkjRFVerObHUufe5JfwAvnowzf_PJxs6JVegIt-VJTcwhGlZlUmg/media?maxWidthPx=480&key=AIzaSyAc-ZJG2uARUs32SfidagTCbx4NBiRLFNU
498,Robert Kennedy / Da Juventude,lazer,park,Imbiribeira,2,4.5,-8.1163633,-34.9185734,https://places.googleapis.com/v1/places/ChIJ7cKVoloeqwcRYiruGyzsm2U/photos/AaVGc3mCtBy90Egq6L-jVqqj0L1X2Pw0ebKxdJpqdQIVVctOCx-ormyV0xfosQtiNrJIMug6WN-4I7BfZskBy1FpXNzFeCkNaFGC04avSN6yvBxTzG-XuRb_DPC9CDSDv1DKKDXjPJ7HbRCnw76KTqLHcx4awpm4yP_pqgXElXDQ2lb8UXYKHZAys5grn1AquQipgLRbgn6Mc89vkvGdQGokFil2e1RkMX-W8DfccIA7hSChKP800YOE1QsjCoOlhtJL0bcvw-Kua3l41D3TkElBD3b8MxpLgTGBhOwyCnD41RfZBtylnpaky6QL28FZVkS6zeZT8k_saM-RjyVzr3VG-T8YsWOmEDJY5Ki3iTvOdT7qYPa0Ibi2YMJjS-TR5XmfcgnV567UH7wl108UfNwCse5Vk7j3eJ4PITJbK8zNs0TSVuyW/media?maxWidthPx=480&key=AIzaSyAc-ZJG2uARUs32SfidagTCbx4NBiRLFNU
499,Praça do Ipê,lazer,park,Imbiribeira,2,4.5,-8.1085072,-34.9223656,https://places.googleapis.com/v1/places/ChIJpdoZplgeqwcRkGA7hprloVw/photos/AaVGc3nr5bOaQO6MKKclILPmXqtBJxzOPHBJASTtT7JPgyIVxAa8Njxl1rTqVXUrRI6-plW0YaNN4-x7Qfm9NylhZ6E3tnr6EKwAdjhtePfqktBD1A3BUp62YOQZF-6ggcp3ZTVrsu5fiW53N8rldgjsId-SPDOoXppMFl6KQ03tMSFpBGCuui8nmb55vgjuj0uRJf_Dv-3ZA4m2QdmvVBiX6wFwwF9Qu3Dft5HSk6n92QZXvPPhL4RayNNqkl94-IL-eDiPct__TFtRsJ3_Ik1noQXU3NqGxxsisOyIOjQ-NFAp6M_9mYMcQe_X3qKsjukCIKFChlqVgLT75-fOEKuzeSn7GMOVruSbKR2WlXD7PpmNwN-WPKIO52QoCNd7Qi9DE1lLMSSlbc521nRExB2wnz4vMZauHx2PERdgb5U4Q28-kwMf4qG3O-q3XiwtbDri/media?maxWidthPx=480&key=AIzaSyAc-ZJG2uARUs32SfidagTCbx4NBiRLFNU
500,Praça da Sudene,lazer,plaza,Imbiribeira,2,4.1,-8.1139227,-34.9219067,https://places.googleapis.com/v1/places/ChIJH_Kt61seqwcRGXChms6y53o/photos/AaVGc3mJJx2aGluQSwEr1enjL4kPt_FEWd9xeP-7RQuxMslBbhKAgFt9QyuUwrBmjHWvvuWsGn74sqVq-mTT-rzQwJZk6o3nYjItJExV4AGxCxzUOmUB3BG1m-SpxANuNZQxew91H-t8dZdu1lgHV9spvXwfL5EUgPH8dSt0YwEQobU4_RvRce_thUlv0idg6h1uUVwSTcmRsFUfbNRPILZqG6cOz0PYfu0V00SmOWfIthvMtg3CVU_xROri5wJ-cNroDV_DRIB1O5cmAOAxAX8kVLZUap6_8jljQNva3s6I5XdBZq7LW-cTz2Bft--YL_-_nC73tFclfHmgDCa6mcux98-KhyoQ0XWJ1jVr4_IwBzUAq4fR38FM2-qehNPjA7FIrUskJlylUjZ5znKW9NfJSBigK-GWYrhKCaL5VMLF37dMVn95/media?maxWidthPx=480&key=AIzaSyAc-ZJG2uARUs32SfidagTCbx4NBiRLFNU
501,Parque Alagável do Tejipió,lazer,park,Imbiribeira,2,4.5,-8.1010222,-34.9240297,https://places.googleapis.com/v1/places/ChIJX_XqQwAfqwcRGsDndYl11NU/photos/AaVGc3nXUnZYwOi72fDBUtwQQ2RtoNFIXd0aUkR6_z8OIFWckiGV9RTRtHIZnRPT9W5iEQVdUzXKswXAaueUL7NS_HkXErRBHul5UNSMpgk90umPTlp03xVVvyJVUzX_o8DXnHcmFWBcdVowzPizFJx80M3xDHGws2ohFPRg16Z5ujpSAT7D4Uikq86mTR0rUJqo76OJRg56s9pYpBS1GdeCeTLQz-d1PtHohsPAcP5vMkThCAruaffrmj8BNNr7mhG8tZDwZDVngKIdZR6m_BSi1tE848EFYRGHck1pMq7EhDSeW0bUI6KuieqgDitAsdgrqTnrvQUwu9EGad1oP7W8G6zcSZfklW16Hq87r2IWgCagxiYMb_IXs_h7U4j2KDgHgZepYpDkTXlegFUa1AWw1wxvDgUw76cO-kNoFpoUXuPLwA/media?maxWidthPx=480&key=AIzaSyAc-ZJG2uARUs32SfidagTCbx4NBiRLFNU
502,CWK GARDEN MALL,lazer,shopping_mall,Imbiribeira,2,4.7,-8.104771999999999,-34.9105582,https://places.googleapis.com/v1/places/ChIJCyNUz9QfqwcRTtgVldQiQFw/photos/AaVGc3mLf7LRrYYx4syYyfWC75nMamnKmJfunbbL1yuQe8w0HFJK_5hKg2ce0ez-57N8Y9X0QbKeHFTYeVu03RkYU_PzBBcZLvy5I95m8DyrYXMuLZf2o_FvEvv784sB-NgJUoZmaniuZrzgotWuK-UXPpvDQZn54AHIJybgI8aV2T7FGS2ukvPKWX2KsGItFJhmPSAbn7L2592nCRhB65tNm0xYMq0-wWfoOZHe0d8wR_UG_RjkiT8CbXuINQel_lYBIl9jgW4C4ehA6u9gO1QFakcqjWCHhO0C1m4-7nPxcj6RIwrmirJRJWZMU0k2JxdB-OY_g48drNuUJJNgt2i821BnpEEJq7j2rR8t6fqDsYTGhEOBvg_-WeWwQR6Bil1FCurJLimfquJ7i4KgWTBGOJwX_Y8m7Kaqz69oZoogzF_ryQ/media?maxWidthPx=480&key=AIzaSyAc-ZJG2uARUs32SfidagTCbx4NBiRLFNU
503,Galeria Flor do Araçá Center,lazer,shopping_mall,Imbiribeira,2,4.6,-8.0922083,-34.916236399999995,https://places.googleapis.com/v1/places/ChIJh3p6tuceqwcRl1U8emE_oq0/photos/AaVGc3luiPm2jEOmDajeFH-HjNsvAC2nLIs2Z9YN9fxVX5UrV60VxO0qOmwN_3R7WdWROAKqTAjnmgARdz7zPMAtBFzK4sDRNk1jkmLY8Dz5f-CBCmQhGgrSa3JK0RmIkMWLzqBcpkbqGNj7x2pTiUw96SN2uwSy8Fi5ogEkjsHDHtIp-7K8fZ0zpjp8PjjcnLFF33NPu3t3xiid7nqpNlLAdGZ-58n2jN33FWGIlh-OGqyAtPRlLqgSWDFHlcurgBH-N7LTdGTMbSXC-1EAh1Zp5r8R_Gg0cwZz4T9sPIR50TsWPDLwUQ9up06wSBkPTrO0r4j8IV6pQzyokaHKRLAbBZDERZEoSu1uKshfftFYDh9PCCTzcCgrARcxMu4-I1OiUxly-4DRRuKFfvNNfhsZEFneyN8b8JKqjQeJR3lC1sEZEw-R/media?maxWidthPx=480&key=AIzaSyAc-ZJG2uARUs32SfidagTCbx4NBiRLFNU
504,Parcão Le Parc,lazer,dog_park,Imbiribeira,2,5.0,-8.1094285,-34.9043894,https://places.googleapis.com/v1/places/ChIJOzkhUG4fqwcR9v7tKYPmlzw/photos/AaVGc3n-UV3VAtRcXIsNXq-NLVS-hT0IDIdJ3HrqusO3J9QOy9eHXA2jH1lAkzwy3pP3toqBfs5beKFf9y62tYYNC53Ivbl9ABgdpiDiTsRbzE5ELbK7kBsMm2utkxY15CY53mSDqc6fERcteX4v_dbfXsNgNsdQkW-M5XpvbzPnM07JVu9CGTAcHOKLtM32qBYAEZmdmBlsKoKySAoqTvI0nV6gU7Rg7fpcrbwO_RKeq-5HKz0Ly3NdszX3JAWE5coq7T3jRvElvZ3NAOcxLsAi0iiB9fAJ049JsPPygioD-l2lSNxBhy7EeAvkljKYQWZwsJV6iokhgVLKL8MoBHMB8ZQ4-YK9nTzL3_Cb8q_p-ESQJmzVRQ_Y2OoqrGdMU6MsWCA0AjRTibEw5ONHk_qu3yn36niUznzByzmBt22tL5wIJu34UahZQFUtnptJNDog/media?maxWidthPx=480&key=AIzaSyAc-ZJG2uARUs32SfidagTCbx4NBiRLFNU
505,PRAÇA MARECHAL SOARES D'ANDRÉA,lazer,park,Imbiribeira,2,4.1,-8.113932799999999,-34.92185020000001,https://places.googleapis.com/v1/places/ChIJs2hQ6lseqwcRLlM7yfaNTE0/photos/AaVGc3kK1dnVspG2OBFUQSWkvz0O5BS_EgGdcK6-YZQ5p6wS7h_LmByse7UqnDytjTrH6X4rljnx75lfzgMKDfVYn8pevdA1a_qKqTByvZphdKpgYk2VW2hjmkJGhXBdaqpH22t9Pgr6FOFklruEXsbjvxtQkGcFpVYpLkxR2dyPjRszbWeUkXucGZe1JhHBycy1-1N2cnYnU-CgeEBR5b7Lag_c_PnblDn8nJhBq9caoE02VLh7cCw_TxdfmIJ47PMT4VDacfEyLANEfevaRpIzH7H6wIEthB_RxXSTQaKbo4Lcz-kEH6cfyNfL0MZMTWKcVULwwSUKDkC5RQZBhvsl1QqTJlcsYG5d0sBPKb25RyUfl-1VcyV1kUwWrZHkREX3DVnidI-owPC1CrjVP-nCRn-mzDirL2Tw4UBqsvFJ9YTmdA/media?maxWidthPx=480&key=AIzaSyAc-ZJG2uARUs32SfidagTCbx4NBiRLFNU
506,UCN Lagoa Do Araçá,lazer,park,Imbiribeira,2,4.8,-8.0947035,-34.9150145,https://places.googleapis.com/v1/places/ChIJ5WEJDAkfqwcR5hkOtir5MqA/photos/AaVGc3kGg5dT8iS3P5AAM2ixMHzAvaXI82_EFAzviRmxxNianf4nvgJQgzB_2XA2jUN67NpNFH2JFLCoJWvExfeRjjZdQTM0ovCk9F6I1qUrxvgQ40lwefpLhwqlUAnipjjQO4HFClxofaSvaQ0-viVQeqQVJCejvpYssEYPwnBcjMDAQIAar00TsKpREjgp2_VkghEeQM8fZ7aSxUGXn_CsV3-E_6LlbPnKXpN0J2QrHGFp9BPZWmsct1Q-hc_jWEO7GXzLED-AaUb9vlte6H5ZxMjk1JR9GHCI4WpupXPBtBWQHpTHP7rai59UsGq7yhW_ZPoHIwdhLmFRX41lsrl0zPBvL2OmHDrOlDClrS17E5fWsHpRB7Zce2yVZHeYB7vjfYQQTuHGn0KEQJIxxGAcZkdFRjriyUw0b9-sWuF16UuGFz3X/media?maxWidthPx=480&key=AIzaSyAc-ZJG2uARUs32SfidagTCbx4NBiRLFNU
507,Praça do Jacaré,lazer,park,Imbiribeira,2,1.0,-8.11825,-34.917819099999996,https://places.googleapis.com/v1/places/ChIJ8TwgEQAfqwcRU83gmQWnO9E/photos/AaVGc3lGmPi6O8QvDsyiL6495KHL_q4srnmKzEv-lb9_fGXCavbpSyl4htjrCiENEOGKc1PXCZqcHPYtOZ5xDugZ1cGb4dPSXkiW2w0jJk9bg97Wb74m2Mi7lfTlKE-vfvOoD1jGq3S7fHKjRXtGgyCdbVClbKWgYy08jzMj6ltiBgIqPfYx2fOE_10vcTApsb5aNhGTrIZIrAL1LzbD2UxdTmBkdXj6oYyOae_UyoEVT2QOgBTQAU2QWUhLVRTjM2zcaNaLGsZLX1wNjM3LpL6ktrd1v9YSSIUcFQT4pJEgpx74_PSp3WLkKsKRJihcAL8o2mkNryg62b7gQRr7uFV8NyJ4pWGKglOn3lyJ2y9xUPAPfJhHNzqj6TmPtrjhcasH-7kCArpWCkQuy1rxyQy_ime8uRvEqfxCgHFMzmYY8VrFUm9T/media?maxWidthPx=480&key=AIzaSyAc-ZJG2uARUs32SfidagTCbx4NBiRLFNU
508,Mini Shopping,lazer,shopping_mall,Imbiribeira,2,4.7,-8.1023123,-34.9150486,
509,Galeria Ramos (cuca) 422,lazer,shopping_mall,Imbiribeira,2,4.4,-8.1094403,-34.91580630000001,
510,Tatu Cabeleireiro,lazer,hair_salon,Imbiribeira,2,4.4,-8.110267499999999,-34.918866,https://places.googleapis.com/v1/places/ChIJCdboN1geqwcRo4HWmuQ0yQY/photos/AaVGc3l8kioWicQeEHdR3jORjL6CDX5gi7a3-YYNgQjYAjxmPjK9AbjxngHLDZk34xn79_fwI5pLZrpsvx70NYqzvWDkpV06btrBcJUEwOzxr6TD2eGzgSi8vydZtKDJcfvD-k6izkMCFZXq2ycTsCDLo0upuAVjt2iECM32pKPLXlcVLbJe0ujs2hJYmqgOnUUlTBcG8tQmD6rrTSV3erNlQoc7n8r7rfy93fdnwIT0EEppdGTuwtQKNCDkbrGeEOrq603MXcu_0tL2E-3L5DEZ9H3CPhNpZIFtt1ddWkscdx7ngD7UMAS2t8ehxapAHEvVSTOw3D32si41D3CO0US-QUbadLk8CTIT66WMvHSY_XNHCr6y_Rkl8cxHiS39Ua6FGJSnHxxoL0RLuWQosErBpkmjwozuDV0AuLYxOPo9oI3_-ER_/media?maxWidthPx=480&key=AIzaSyAc-ZJG2uARUs32SfidagTCbx4NBiRLFNU
511,#Extensãodecílios | #Designdesobrancelhas em Recife - Sabrina Oliveira Beauty | Studio de beleza,lazer,beauty_salon,Imbiribeira,2,4.8,-8.1133837,-34.919406599999995,https://places.googleapis.com/v1/places/ChIJjU7RUKgfqwcRRfKMu36gO_A/photos/AaVGc3miEGayukmlZvrgPxz4NwbLFIYqKRRGVLN2zxSbsazFvqYdEuOMiUhFcGPTaIFI0f7dDjGCzxGF-rbKVH78ta7MFiC_Gr6ZRhyjuoNaFYnkB2-JbJTtXy8cndhjHmsIESNgeioDU7C6yHL1V0OE872XhPy3av08B-pZXuWxHOeDQRqIXR2nFMN8bcnr-bqsSEZPP7gsBMoDGL1zJ-_JOY2z5UX4VwdfsT5ptNSME6Ae4xmJ3Kzi4mke7gHdQhEUenrpgRepBuPNXn1pK1BuU8URWmSevnSsgVS60tIbOmd2riCQpjHCu5fW3zrGdWIb5UgbbNs5JePUkbFY6SywEM1QhIZJ5G3Is5l35zbCKLtuwsycetTS9dy9ZcMwwjmYOyvlKMl5NCdT4pZVxoj0ACMWRG6XMrMBHethfJ3gYG7wHw/media?maxWidthPx=480&key=AIzaSyAc-ZJG2uARUs32SfidagTCbx4NBiRLFNU
512,UCN Parque Dos Manguezais,lazer,park,Imbiribeira,2,5.0,-8.1018208,-34.9043366,https://places.googleapis.com/v1/places/ChIJkcoFsI8fqwcRe9KlHHrJgL8/photos/AaVGc3nuKB1RQarHuTuan_AVQgfjT-PGxcqgEMSaHeLo9E08oE_YxgipAa3NMbs3Hy_6f5YmAwRSNLsC_hzLSQ1nPt9ImJsPGhuHO1gw-ogXMjEXkL8R29rXAon2_bjL2hDENmE7mLhK3PsXfjXyCSMVpln777usJ4mavAOXHgZn8FLq-maieYMkmm8ZSt2ncA4-b--mGwddtEaJnelyq2mMhYsiJsaKcNfm-mCjOoCGZEIJEevtbkSI7X4SoO3-aWOPo3BORNCU5uELlmueLWLPareDtjC71ctNX8iDQ8_82yLcM5G0LZa7ZmJpHRtjqGPG3fvPcLj7YxexZ73FViJUTjbqjrEfMviHvcKsW05hmi1rt3gqmNnAFMnF16lbjMkEOCNwO0kYw_BskKxXJV4m5q-xtFyeP14LqqZlwhaYTF69C67a/media?maxWidthPx=480&key=AIzaSyAc-ZJG2uARUs32SfidagTCbx4NBiRLFNU
513,Praça Amaro Pimentel,lazer,park,Imbiribeira,2,4.4,-8.115571899999999,-34.917594,https://places.googleapis.com/v1/places/ChIJi7onklsfqwcRxGhsF3c-nnc/photos/AaVGc3mudydoVT5m7HZp1QA6BE1T-L4JsYFAbVUEv6wUeMrcQI0ADv4d9AMha3K-lFfXRy88MfvbbgxaafAVtSdL04buq5IeZwTefmjU-DjTtdyAFjihlBu-oPEs0gj98b2-gxPxEmeB3VUPo1gWzNl-Wjyi__jIaxY663PLQLhhqhkhijkWHC6WF5Nlmon1kzjhW9ioVQa2na0TtIhR8a8vK_zEyu_aM3SfbvbTaceIzczlnIfgToAWNTd4xnOA-w2i21no2_NlsTfdeYzxM1JKYAQ70e-noJosGh8llHAYW1GNAnRljtLbqsmR3REnCCMkR6okM8lquLvUGPuGUGIzGh4scpzAAr6SHkuqldMNMISPmHQbqZZGUxQCykqw0ljh2skZ-aIHZeIqOp8y28jdxgwfg-Jjggfooeh7aNZgXzwmdA/media?maxWidthPx=480&key=AIzaSyAc-ZJG2uARUs32SfidagTCbx4NBiRLFNU
514,Praça Mauriceia,lazer,park,Imbiribeira,2,4.4,-8.1078522,-34.9163747,https://places.googleapis.com/v1/places/ChIJVVVVFPgeqwcRS7rXWn0lfiM/photos/AaVGc3maBvmcjyLRPEpowu3z6xd8OW8kbkZsy0kTvCUSbGG5uWEHdmV1vcFSpri17rDlSTMbo-iLEOMbZNzUF2kMg6665juuHicXAjV39Z5t5Xohzf52A0NKgJMYl6zRKeVw7qHQR-BxEL15rrzUQeSzStG4pRrQnbTpiDK1PzIrnHvTITS8UEx1r9N3GEQJDm8-Kt5IwoFaLmCewzYp5m-is-8df82AZMXJWqFV3JgtT2XNEnJXLHVM4yTW9cjiHJGIP7laHDJkdbOzsAJF3WN8Q51EdQH96gU0774tydtLqmpoKhP-90CnL_cd0KO5haeFtjTsYcAzrTpv_U3jlNIRiz_-7ixls15mvPxolRgyChgpE2HcE_XssWD7xwmyQpmmeFyPadkCVZwu0UNOxSIzNKUY6QCunujRj4J190xyHfzWXC2PdrfLue1owUsKWRl6/media?maxWidthPx=480&key=AIzaSyAc-ZJG2uARUs32SfidagTCbx4NBiRLFNU
515,UCN Sítio Grande,lazer,park,Imbiribeira,2,5.0,-8.1000914,-34.9213498,
516,Museu do Retrato Innó,cultura,art_gallery,Imbiribeira,2,4.3,-8.094481499999999,-34.9106922,https://places.googleapis.com/v1/places/ChIJZ1cnQOEeqwcR-XcWx5Qq4SQ/photos/AaVGc3mARXBZWDKhDY0dCDZnBsmwPwYyx_dz9LQh7yvUglkQiEqllEmMysXP0PARS6HNOFMHf7D4u4M6BI5Osktz9f4IpC2N__mou8kNl_yKKcsBTS8M3X20zWVaxKgFRG8mSmFQ1s8EbVwM9Doa2hcjzIP7CxuFDw6l52pujFehDBgl_woBm0vb_CQgYa8LzOt-XRF36J4A4M3wm5WKVUqdJcHdTP3RvBETUeCDHk2uPRupa5A0M9rZxvqgC_wucXcrFF1fm9uEgdbtG-yyBX1LygiSEwwQgbr5pauGXmZJECMIJvM8lPlkVdBDUKqPBo-84LqUGTjNoeBcmCFeR3yQaXawbwYVRehkVMHDPNYHPTfMjxd7-GJuHOFLItcfveVd7_Ro8LIiFUKcyjf6QD7ZWqhdDF-PivtqaeLyIRoIpXbXoJYl/media?maxWidthPx=480&key=AIzaSyAc-ZJG2uARUs32SfidagTCbx4NBiRLFNU
517,Arvore da Baga,cultura,tourist_attraction,Imbiribeira,2,4.7,-8.0989091,-34.9167136,
518,Art&Molduras Sam’s club,cultura,art_gallery,Imbiribeira,2,4.7,-8.1143637,-34.914,https://places.googleapis.com/v1/places/ChIJRUUpewAfqwcRdtGYSA-jLy4/photos/AaVGc3k82WfvyITgIX3Rf0sAnzjCtfZjFTl9uKNsOwdI4QYMEmocCb7k2xx7IV8gEGuWh2t-SAZzNMJY1AvtCmOk850cy0LGqMWhpg2aWxm56h0XF80zQj52Jdan_9DbR9eEprtjoSLAVpZaIN0M2O-JU7neRnBbcV8kuiFHEliIfXBU5YcNuaZ_MGf_ufs1Mmie2N2mXi-miA2PUPCUQdMtNBWVjvJ2k9zlrrqUizIKlUlI9pskTM1VAsVPBi6PN-pev1d8Jn7ABowTypiYIRQYum1z1-EaNJGNyosY4XxHL9f4ZZmZCmXBGg9vx5kJxvABREuoHpfOoCcgsbjF4xLgjnhZX16hciLPyLw7xDXtFCOFpknk_eCeV7k9UXQeh5B0nc5vKyKFeNPMmju_CeNSvYAd2o6a3oU3Sw8bzE0d93nebxyWkvvFc7qCUu73DQ/media?maxWidthPx=480&key=AIzaSyAc-ZJG2uARUs32SfidagTCbx4NBiRLFNU
519,Padaria Jaqueira,gastronomia,bakery,Espinheiro,2,4.4,-8.035548499999999,-34.902311499999996,https://places.googleapis.com/v1/places/ChIJqb-S7FUYqwcRjAFLYyWcXDY/photos/AaVGc3lEzMnoXxo85KIRFvlJW9RQ96qac8PJDopNT7Z2EqscHkRRLXzrvnxTkq27D963eWZEtYoQAeFnLjhxLztq5W7xSt4D4Ypah_lBnpMVTYE0YMxut-j_RLihkfxPMfJsS9VdiTP-ly_cy9aJBJDfijd-rxVBPIiWN5EeRDvrvgOmrIr4bkSZnWDX0Pik38ADNnZB_SEVCTCXO8RBBg2_jkWpW318AI9WJIORGiAPmvnw2yGKB3AGkfiho45BfVUexbBNmiEshqopN7Er6aPiPI5Vqq9yaawHt9bdYvO2DQLxDtpk3lBEqFxDovubhZ6xk5L8FbKviUIrDZHawxMykj8MFgPitu117lBywXQo5_RkTR8zDpTXkZeqFsNaad6_Upp9hW3tM4yNe_XstcQnnJ-Hw4RTas3FTj8o-tAEj04/media?maxWidthPx=480&key=AIzaSyAc-ZJG2uARUs32SfidagTCbx4NBiRLFNU
520,Hub Food - Delivery,gastronomia,restaurant,Espinheiro,2,4.5,-8.035635599999999,-34.8980283,https://places.googleapis.com/v1/places/ChIJUWEJKb0ZqwcRaV-8MgBN9gw/photos/AaVGc3k2MMsiilyzHNrHcLkryy7_GpyiyS3xxRWR3m9YHeg6Yme_6zvjt7Yn1JlRj43t_EyCPJ33D_ZaR7-u6YpfmNy7UHKLIwMPETJyqQ8iHQp6EJ2nWFHNf8fPMsr5QegSFX6dqVc-RxfPaI2Kve9i9tPZBzLgzGWVE8UW0EhbEEbpMXJvKwUJecqDV9mioTRojnJp8qUbeUSLR10styvT51bZeapEv6qWU74MKrMN9z67JWFrDt3cbFqtSsR7aijRo_GyNpPRN3HEdWHGhl2biA4aiYPphDn3k8adEUZQ3SckEUu6KB2xVB1jdTyWDiN5PzENlwW5rxsH9dr5khe0UxPM1-kAe9U0w4BPUcOUkjXzKk5uWzsNisn7DOAHRh6lA0IsHE1hgycNolX2556rCY2w3ZrES9Lia5_r_1VRC8k/media?maxWidthPx=480&key=AIzaSyAc-ZJG2uARUs32SfidagTCbx4NBiRLFNU
521,Barzinho Music Bar - Bar de Metal 🤘,gastronomia,bar,Espinheiro,2,4.5,-8.023835499999999,-34.8983086,https://places.googleapis.com/v1/places/ChIJ93pq304YqwcR9IKNFZzEr_8/photos/AaVGc3nPHKvL2FAe2y4Uc1q4R2FddkzzLiUfdsZfxIb2V0v_90u5R6Z-HbnvhPWtfXsWCK_9U-KgbpNxcXB8fiBlU0xDYdcfy6Y8v4MQQKlGy8geX9y5td4My3FpiGjk8Whr5foaEN9V4VP-_BP0_WDCHGHQKXAtIpZCud3C2wg30zp3yPUYcefmVShtWWAdipIVDyGFIyvY-SdGyyQZ2eat9MV8FVtx_YV4ahwJMNe6KEsxO8sZoX1CCuMXgloLGHH2QvVMUlRkWFO1DUUC6Nh0XnaPvZBXGewfk81KDWugIE229ZB6zwsZSiS_mIdFN0-6fnYL503--3vGrtX8elLhO3mLlCkB5hh3yLOluIEMvTVtZlSQf_Uf0z1KYimlpyXCl4772FUhKUkH5LASZieTi4zpe-k6fZi1bX7RZga8z9dBgg/media?maxWidthPx=480&key=AIzaSyAc-ZJG2uARUs32SfidagTCbx4NBiRLFNU
522,Famiglia Lucco,gastronomia,italian_restaurant,Espinheiro,2,4.6,-8.0322733,-34.9137573,https://places.googleapis.com/v1/places/ChIJ3xdzE6kZqwcRiWgAOaNVI5U/photos/AaVGc3n_bbnWv_pKuF_tF4rOyeBTI-rUYoMy6NXnTDZFlZc1s8rLM6l5t8ouAiFb2psIvvsR48nb4opuBthrM7I4NwhtryJbTWb4ITxpdpfL2OFi_8R1I3j-rYKTx7FT9hnmYXq8DlqfS5rUNS5ID8X6pUwOB2c8zI4JYV499T3NNRQG5AzFB4KuOFu0HX3N0Zv7mjXnWcUeJ7nIbIp9Aw_SmiXd3Jyxb2FVWd8Dk5nF2XzW_zYuwh0etPkmNuIBsarl-W0gDbnRAZTtDncL0Lrhg4KnAsUNtiasxiSnBYkhUXSh52AsknB7jd2vUMtJLYMvpbToHVMbrM2n3s7LEfXSC-dh75JHrobqSRf6dYbO8pYWgVst1PwCb3X7rpotA5EPbPYLOYyfz9WXOMFOvogevoMbvV3S0jE6m9TXgwAQePLk8xU/media?maxWidthPx=480&key=AIzaSyAc-ZJG2uARUs32SfidagTCbx4NBiRLFNU
523,Praça Dr. Lula Cabral de Melo,lazer,park,Espinheiro,2,4.1,-8.0331678,-34.910256499999996,https://places.googleapis.com/v1/places/ChIJla1as6sZqwcRmdqwDlORVe4/photos/AaVGc3ll1kT1-g6ECaPdn7C4rAqbVbASEbp4agnKrWtinytIj4YF3kghSDsnpLS0B3A9Cbm8XikIa658rmEk4jeEEDSv4S6Lf_0TpbkQpahr-HQuFjZpvvkCt9faoPdupwwsHAnGka7RodYcS13WIgCv1u_WWg2ROEWyWA9F6Znri-KOpr-2iRfY5RO4F8GUnObMMpZ4vc7h22ZQh1teY_uGZcmBgeaT--ZIY5TEaR29FlkPx4SM4sTZRLauXYHLMd5ifiyY6c0icXQqNuVICNZQOAJCMDvdBsnivKmdA9nwzAbP5F79YCmoFyryr6abjDvBUtpp6TYtBCCwN0ihzfH1xuNIM7q4zR7xv208M_oCXMKD4DQzQ1WA6pr3iP7ycIBMOE5cYt65Ajt9YPo_tPsnBEI3sWnsWjwnIRSo8MPKmDMFdis/media?maxWidthPx=480&key=AIzaSyAc-ZJG2uARUs32SfidagTCbx4NBiRLFNU
524,METALMANIA,lazer,cocktail_bar,Espinheiro,2,4.9,-8.0238256,-34.8936877,
525,Bode do Nô Afogados - Restaurante,gastronomia,restaurant,Parnamirim,2,4.4,-8.0810803,-34.9193268,https://places.googleapis.com/v1/places/ChIJ5WZ3YsUeqwcRV5V5z_r1W5k/photos/AaVGc3kzI21Ac1fxVoaCQ3dog6pilVtMqepNq7zuCG7f_XmcRu5Oqjc5cRJ4ooQoi6HgYLEdqdyBEChUMZmo3FCaClUgzxuCSJZeqgaiVs-8f_MiVv6P5NYQvYLkd9ZCdiViConWbscV_tUvlYN26Hzm48qhWdX3HC90Q6q_7Vl8gXxgpGOLLl6yNKb0z6Wjx3TAK1FIvvMbUIGYsHAhFc88DpHrMDwjJCQs7raFi11-hXWB3ocQz6IeKsyCODlUxFnm2ymyBhj6H6eM0eJSnR7_qpHeIsXQUrreS34I5xTFOiPzCTsjWrjQQs3VoE0KuQB76VwJp2qVzr_H0pZWUm3lA3pbn149Yjt1jHn9zec-NwWbIBhE3WEQJ0B3NgVDu0R1mRFh5cTZZO07RRoFfxE4r4ZNtgUnqY-HkXVi3NOYSgyjWtQq/media?maxWidthPx=480&key=AIzaSyAc-ZJG2uARUs32SfidagTCbx4NBiRLFNU
526,"Galetus Av. Recife Restaurante e Bar | Rodízius Steak House | Churrascaria, Pizzaria e Rodizio em Recife",gastronomia,barbecue_restaurant,Parnamirim,2,4.2,-8.1005697,-34.928379,https://places.googleapis.com/v1/places/ChIJRc84uPQeqwcR7BlBvqCpaNk/photos/AaVGc3neEl42q0Q3_XEQq-2-5V2YN_7qC9P_i0shuRaMnB7uNhs2Eck3aDMQ5NR8-N32rjN9MUo-ZRxdbmSsFRof86iMj_LMmvZA99C-BN0sQH08DQQUzbWqRCFxlaKUVXTkbWFXjBuX-P4iBzQwl3S7nsW9BC4HjzU8PykWxxr8pnQ3YGxQwqynfiqnQl3_VPot4VGuxA6PN1T6SGsUWVF-qkWZc3yk6M2tOZzY9BLGbKlX1mBuCA7-3CtjdIwMMHpmZRIEv-waYnFHI9C_Qp3hcP6reyWzcjyNQ082-geuVjhd_TpRMc5ZCA0Uso_5TryG-ZGuAdUnVyfzBAzQiuu_I5SszOXL5VdMSjxq7wUP-XdoAwQVWeZZhchsSgtuZWeuSg1JPltSAZylZ8Y2-j3D291pQMncg3_hd2haBSkaDs59fg/media?maxWidthPx=480&key=AIzaSyAc-ZJG2uARUs32SfidagTCbx4NBiRLFNU
527,Seu Zé burger,gastronomia,hamburger_restaurant,Parnamirim,2,4.7,-8.0954088,-34.9297476,https://places.googleapis.com/v1/places/ChIJzdPDKYAfqwcR_D2aq1Me2Io/photos/AaVGc3mv4qLXadyELG-ub2H4AVWKDnR5ZRBibJYnEtIfuL2LA4WbKmfrSqhXLsS_2GO1gDAyOsEgbEKWMbxx2gWnPpicPr5RVMM7CuN9v50kwRib_sk5YtgNmJXLID4uKlX8WzLNTV2o1CWIn9loFg9PviAm126AiX4onr2Bqwvw8hQ78RpSvZK__gOa_6lq87ug9Aps6EMsXvxYrZzNK7HFp4ax2hfCuvJRqjbkpLlIojezFphqEOGuXEQtRP3zRM6MiAKZJziKVqfICuDVrDUNOqNJHUiaHUpLKSsBqZt1C3XUMYCXtgCGC1QJKZYXBK3uBkB2Q-EhU9audNtGr-sbBQTI2pDnm3oB_50jW5htEDpqXZA9fGgzB8mr9OrYTKRsaj9s8lg5uVMjVsOtyKTmaZrMp4vqjckqNKhIFPNprOHGIvI/media?maxWidthPx=480&key=AIzaSyAc-ZJG2uARUs32SfidagTCbx4NBiRLFNU
528,Espetinho Paulista,gastronomia,cocktail_bar,Parnamirim,2,4.5,-8.0947222,-34.9299868,https://places.googleapis.com/v1/places/ChIJQX9dPEIfqwcRoWFVCctCX44/photos/AaVGc3kvbxRfJOJP-sFpwPqUlmbIoic_p6m3o3syG2WM_O7nf6jj69Y45cpmPZMSAr1KFle6SDDBGSksTS-1Om6D7AT65zQltd2SuWJgbMESqq3iJe_ewO1F3MfBiFtnSF5X-GJBmi6-qC1VkMPACKZf42MSBVPb5kbA3dGH9gyF-1cSznUqx4MnCnkQRPOltPizKXu_BwcD6-wicRfQgVBQ3n6VM8pbgyloADLclQSvVfbM_mMR3pbthFW_TuFgep3LDVEP2MeMI5_3CWa2spN3i8YgaK8-deO6tvUHICY00mJ43843Y8Mjj9FcwnwLrEGAdceQYY4razqGPkV1i7jnMF_aNf-_jReuUjBjaYyIZFYW3gSu4b5dO4rv34TrAFwAMzMjZTX6bP7LtovDZCc_gsY80NUqVAOaLQsDVcgL893vPw/media?maxWidthPx=480&key=AIzaSyAc-ZJG2uARUs32SfidagTCbx4NBiRLFNU
529,Esquina do Malte,gastronomia,bar,Parnamirim,2,4.6,-8.095761999999999,-34.9294598,https://places.googleapis.com/v1/places/ChIJj8LGJZMeqwcRbjy3wo_kqWQ/photos/AaVGc3lQueaLgFxz5KFWuGvA2C6u_EIZvFarX3ssKCT7zbklXobs9w4KKd3yxkJXJN2-zG5tvZ1rGyRt1GfBeyttttVrhZRUpPUVNcziBPTzMN_a5bS1oWWe7k47J6Tfyv7tIeCT18TdzLWi0j7C3pL7u1h898s7G8S96zfvTytVR1aHqcqKXX2jXk-nt368xoQu0u6KG6pO2G_EFVLtGQXyRH881U1puKPJQu3eQ-E2YRxgUVYZpwQLc4VOzBMdUa9ecQXV61BuHaDpg97V4fhetuUkMvpmNpufmoeocMhqCr_bN3oF76whqD3HPG4M2D-Dq9GzBk4ikgkzvDVK4OZRwlNOtccsxwtsZ2l7LtkrPLeFjqbnbnh9sBn3NvxZCQIm-9zXUADFPh5kdgZIqxaN7hga4tdSNsbt4i4dtSiZKRENciJ8/media?maxWidthPx=480&key=AIzaSyAc-ZJG2uARUs32SfidagTCbx4NBiRLFNU
530,Supermarket Arco-Mix Areias,gastronomia,supermarket,Parnamirim,2,4.3,-8.090471299999999,-34.9343387,https://places.googleapis.com/v1/places/ChIJEXiycJYeqwcRrnhhlept4eI/photos/AaVGc3l3amgsrKIeuDfCyRZNbPokzHtc7pTRBH6m4o1oRUeta56segl7dkKPVU2AxP5FDnS-innV5X0obUH_lX1aSoMN4FCA8qORuX8nYbdn-7vQAVI0vmOfRMCrKVfXsi2AxePTuoO-7FzLbhNqbNr2mEaCdQpRSy3RWBs2pGdt3wO2bFzFsn1RbjgJdYJ0bVjVIptRSg_CIgZ1GTxoDEqUb-YhN2bmF4Qh9MePbk_PqdM1l5RN9rOCwx4IXk9r4_oufg-AeuMA_zf7arnwLLRftDz80Sk-UuHSQMyOFXRyLLx1fGC0yOCSRTBQghVKI0KvXXzcrbaAXf3SIsD_nqwmNbkXxV4Cj1uUXf2dYiBxMTMQzqVsZkfQCneHN-BQBavlnLADzVFksCuEb0tpKZhAIU3B0_DyTWGzShcFsrP2CwVkaw/media?maxWidthPx=480&key=AIzaSyAc-ZJG2uARUs32SfidagTCbx4NBiRLFNU
531,Picanha do Rancho,gastronomia,barbecue_restaurant,Parnamirim,2,4.3,-8.0817897,-34.9330024,https://places.googleapis.com/v1/places/ChIJ8QtjZJYeqwcRozUB3t8lAHw/photos/AaVGc3kDWesHi0mieJ4AhqW8OXzDoS80k8kXz3h1RCftTgcvjRXxAAcegu0sbbtZHpOS44yvCEmIwzP2D2QXCEeUb8jseEHthksYSFes5mKHqfTiZ5AeSHvwkX8cg7XWWmeq1E3kxmViltMmITjpAo8HDUi4kGSw33VpLcFZtOT-j7c_VrPeg_Nb-ieBRTptMqO07hUfBQJdMUsZ8Azpyjm6AdFAI_iQ1V2OYDA-AFfBkqGH0DRc9lgHk-apcEWXhx1Mgi1GfTHFusxBBvYmkztXGRr2Fmz5KiTof95uoFfwn8WhCVhaDdE8vm0EL2VDV9rMBCy1oyvJRCWpKjiNvFnIVAvQ9EBSUHJAtEd3ynYfo-hwBvMHRThrCD1Mc5D_lBnCo0Yx9ENmCfOAcULLioTRNDmvo6Zp1GLhLairiVwlO6yv2f-pUPqPfNLDGZE7TA/media?maxWidthPx=480&key=AIzaSyAc-ZJG2uARUs32SfidagTCbx4NBiRLFNU
532,Churrascaria Pajuçara - Areias,gastronomia,restaurant,Parnamirim,2,4.4,-8.0945395,-34.9291844,https://places.googleapis.com/v1/places/ChIJE00dT5MeqwcRap1RJu_Z8Ls/photos/AaVGc3lasU5o8ehvtmVUMGd0eXa7ifXynuHpLDCDzGgDqRkNp7l39puiYr5j4pfQMM_vrzX_1yEcu27esNwe0UAhEmHMbgIc89M1uYlmLQP8SJ9TD9KS1ePSjaY5-9V6BhPfmTKPnn_gobc7rgCgf0P3boVBa3ViHJv6AwqFdPlaaTm9jBRNwrTA2xoxqVRlGcOYSd96UKEofCtp9JiSqXop5gOEgNxb-d_cdwienUXDEwxKXMTPMyKVEFd1nGeF-RzSMk2Ud6FJOkCbhW4rxwx-nT_rFiVR-ZAFngmra1fVciePfr4dcfY4USGAZNPGQtxkI2AaALosjVhkL0iHMj9MNLsCj9RMQgklp7TLue0K_qBUuaDLFB9eQtxkSSvbS75iRzI1gP8UIGeKfcAvFNv3csWhGOdgrlF_B7b20Ghb5PkTvKXy8tCAb3zDbbGA7uK7/media?maxWidthPx=480&key=AIzaSyAc-ZJG2uARUs32SfidagTCbx4NBiRLFNU
533,Bode Brothers,gastronomia,bar,Parnamirim,2,4.4,-8.0971528,-34.9250325,https://places.googleapis.com/v1/places/ChIJiav6uu0eqwcR1KYOuT7MSs0/photos/AaVGc3kYx-Z-kpfyMucIbiIMWVfxOIroQdbNKWMU2T9gXjzT1xjF5m_qyFUm0sQW23O1GosCzgVJ4kZen97aVJgzP7Q-nAClNIlqHO6qy8Cs1u_88YhsKbEgQ4-83f-BgvgRbaAx36Fcg2BEXgEWWpYVVTvuYQ5n_GJ3_4OCwbkr-a4aj5RjfCHeMui-x4EnCqxfp2dh2saNKvUSSNjir5IxoThWv41kIEj3Rq4b5r8N_rzkisxQ8Wwoq-9CHdXY_uf8NIjMEWWxQfEKCPt5svEiFOTzq8VAk62Vnh62xZbEhNh6fq8w6sxOaFwFCAHELtc2FgaTwQhh2fi4Ixb4AWeocWIIA_t43-YXqyZWIkpjwQDBZo4z2QmURETN8quJtWcYjyfpmwInY_naIQsUJ_64M6lrjUj12g0CTzWd3gHRg381KYSN/media?maxWidthPx=480&key=AIzaSyAc-ZJG2uARUs32SfidagTCbx4NBiRLFNU
534,Rock Pizza - Pizzaria & Restaurante,gastronomia,pizza_restaurant,Parnamirim,1,4.4,-8.0749406,-34.9186921,https://places.googleapis.com/v1/places/ChIJUQgU10ofqwcRD8_4J0SbHLg/photos/AaVGc3l-QqC-T9Aj4-1gOPW21jW0KLh0-szTVHiVZ7ZqSJ_8ubpxVP_aEqLzvKzOZnt0sU9ANEInfbUJ1ykD-Gx40FtxskbnkarYO03PxqW27tdgOaQisoTTbPJ1CpHLu45xFFJ6LOVq_qKEiE1clc_PoPrEMeioqhoD4JCCp0Iexogz0Zsu9XGwpvgH0I0Gw4P3TiokwPlMTwI6zSp3PBSV7viyXCdUDVNuYaykPBsV1g5uiDKOi48NpjwcQe4_d8xm0QnXz0Ou8e-nLheFJPbsLkYlhIqlmRQStPtrK32pjn3AkZfhoAN-mYRPlLLCcbplX0oxPEgYLTvCOAkJuX9oCQHJOIGq_ql1E-h8f90BNHx20TTIFFls6FSQG9UkA4sKfBKuXmqLKPf640QwNwgsrXpWIHnDYk9AxdxRoDQ3owSjQQt2/media?maxWidthPx=480&key=AIzaSyAc-ZJG2uARUs32SfidagTCbx4NBiRLFNU
535,Pan Miramar,gastronomia,bakery,Parnamirim,2,4.5,-8.0879929,-34.908691499999996,https://places.googleapis.com/v1/places/ChIJWUpdG98eqwcR3yiOvoJqzCY/photos/AaVGc3nvorREIFFuhw5VQNu4JNFmw1oRBz1qhsAxn8noPnEd9p6ezv7WbmURmzE8qi3tZEior_cxykZ-zquqtFZt9gilg7mtKl_OmyVxHBcA32sxs6LtJ1JJYN2P2ek_jK1v6BRt0wUyREu50CMNWySo_gWGjmoDYgvaB7FpP1tNSx0PWQIgP2G59E1lTv2r4i9z9S2LOqPlTQKfC0LfMMgmwebkkiHJLjSCs8ZIVEQzbTGDQ_DkzI8c2NWZ90meNJ545Hl7X_rqcQUN8XArjoXByqk9YSMG3DkG9Z6xi5Fg_SwJroqtyJnJvr6FKE9CgTcPB9tRs__gQBQCtj332rr-knH8xysYw94R56TQKQS6LZ55Qb7Pnf_2MmUp9ZIdJglBSoWIZixYLjtuAcODjb8CMTFbRmALAz46zosRbg0Gif1EXyMY/media?maxWidthPx=480&key=AIzaSyAc-ZJG2uARUs32SfidagTCbx4NBiRLFNU
536,No Kasquin Sorveteria Artesanal,gastronomia,ice_cream_shop,Parnamirim,2,4.5,-8.0895139,-34.9106214,https://places.googleapis.com/v1/places/ChIJ_QRFBYAfqwcRlNre7ELZgX0/photos/AaVGc3nBn-YfhYMIkrc4czZGsMlnH4JNE9L_lHaSOgDFpXCfqxNXoQ7-Ht7HaL7zsO3NtZF_zLUIH4u7im9UucDHXZQmrFj_PVwHInCHrxW8zVhWLcoMQ36iplEXRZB3jI-qnPOUGazYlywxktjLyAEaDL2Pze8CASGSUCL4cEvcms8TSQwRyaG-laNDaaCXMz8JTBEmxE6pNH-mGZO65AESvhrQ6BrROW70mI7_wSeMYUNdowE3RGtMAYmIdk75Kbx4NlfREL7fqP2PglgO9NeowvY1lVpFr7-Ej6-dkGIB2dV8R3PRFuYFK8Lpv_zzj7Zdve6K2pm4cH6E2cc0LN5L7VdE0Ka9rb_8uS2I8t21WuPAUmJvlsriM4AdpBKFoy7lR_mtzBbiDPfhKnJUZH_wLVI6DnVWAYl8iSxxHhoJHH_Z4uO1APHtSFZlGpc-wAIj/media?maxWidthPx=480&key=AIzaSyAc-ZJG2uARUs32SfidagTCbx4NBiRLFNU
537,Insano's Hamburgueria Areias,gastronomia,hamburger_restaurant,Parnamirim,2,4.3,-8.0919802,-34.9266698,https://places.googleapis.com/v1/places/ChIJhyM8SaEfqwcRtT1ziWnedQA/photos/AaVGc3lqB9Lj3YPKUkKEPxQmFZFEjmR0C7g8g3ur6WQkIv7Q-CJDg_8Cgkm7jn_ohPEaG6VaqExiqYLSHtwhbS25NzyNgni5JqEUPBgtC-oLdVO-tf8AxvjpEEkix-5_sA8v8N01qfCn5145NVb0S5PASmZ5ZmGDjpNaL3spwcVBfVd-PQAoeG1N9pnS37tNrhr07_ColJCqlYzLqRoRRVMGr1pDncUF1gllTYhi0LdQwsuY3e_HPAfqWHtynEFmCGA8lw0F3JChu_dgl26CPjxJ6PLX6dmCfZ7jjrI8u8PjeUmWMRikgvACJREfUgdvNMVfvkh05R9vYe1L30a6VJ3DgN-MuP-iYOOndnXLDPSAU8ZBgcB_AAdmHJIFdSXqm28yNAj5e0iuHQteNflGfvv_zO0XuwNjkGWA7S5TEaHva9CH2sGN/media?maxWidthPx=480&key=AIzaSyAc-ZJG2uARUs32SfidagTCbx4NBiRLFNU
538,China In Box - Restaurante de Comida Chinesa,gastronomia,chinese_restaurant,Parnamirim,2,4.3,-8.0805729,-34.916936799999995,https://places.googleapis.com/v1/places/ChIJIeuTBdAeqwcR78h4NaBI13k/photos/AaVGc3kURwwfZyFceOW4FHTYioAPtnXoT0uFwBONXqc0oG0yg7WWIzJ3VOExeI6774k0MUqMtnJsTHz7fs4Ts-ivgMOXhRqrWYjCrc61G1Qk0PzOXvbxj6ASgpRSY490bxYJPV3mIj3fFFyRqJBhldHaW-APTXtOrgQvXKLKdpJ7yETIV5E26zPlJxJbnASkPvnRA1zMcLLWBEh1H3jcOMuL44YbkQi33gSYXt5wWw-H6jPnOonxpJ5DJiJdcOH8x3_Vc5qCY3Xr6Ex3zZ3L5T2qP1LzIMI8dji2K6bBTPnCiDHmqQEKX1JOzCH1HOk9geTrsuCQDQA_c5SJdrYFfSZJLoX_k6ETscsE6Opk3WriVl1-RbSf3IoOixkqamqRQIpzdsab6mULn4-pX8dOTjlxYWjqQyzgMWUDKkumpriCMWNNRQ/media?maxWidthPx=480&key=AIzaSyAc-ZJG2uARUs32SfidagTCbx4NBiRLFNU
539,Posto Petrobras,gastronomia,gas_station,Parnamirim,2,4.3,-8.0905574,-34.9293283,https://places.googleapis.com/v1/places/ChIJ314EOpUeqwcR0j2Q1RzUzIA/photos/AaVGc3mkkpYqs0qCai3ZKAu6fnM-4qhyFFbBaaxa--Z5aKYJXhGOdrMm2CYkyUBaLwiqRUaa8AAJuiguhysHsnU1zcWhj73Na2G9B2xbAqsqCFVk1l5jBHCXZfUhaZpnf5-bJaj7LNgLJ6pUAU546sL28J2ER7n5PswgonWrArA8PfiZ2RXe0osDY5mSVXgrNmI-B31GWA8yDE53E9jfkjMHKqNvADgfDZ8vkQiWLwlaWuM5Ii_yMMs8NxEGouI6e7Nk93Wd3efG_WzufsA5lNcNrEMyI6vt5QjYvrTbCRfHTqJwgNvMJtib9tvvFJyvYDmey5_VEcucyib5fFHXAAQVbBcv-ESOLoQw9o4ytBarWZG__9JnmQU8BIQOLtnfpSGPusmkbSj078MI50tVe1WrRkfs45tZD33R7jzv3IMwjcBefbNH/media?maxWidthPx=480&key=AIzaSyAc-ZJG2uARUs32SfidagTCbx4NBiRLFNU
540,Mangue´s Bar,gastronomia,bar,Parnamirim,1,4.3,-8.0844424,-34.9207172,https://places.googleapis.com/v1/places/ChIJHU43qXVimQARCoDHnMdgGaE/photos/AaVGc3kinvZWfVPidwKIqtpODt2pGM4CyC-1oxQ3UUp1eZesVlBqEk-xjEPFl_dHgWLhv_tPhiurAttOcTdINYiVtYelZ8EqciVh5CEvhgFDv1XJliF78_gfEWYmEYKyfDU-oxY0Lf2yPuIJv25V-Y_ll9xHtWJ7lWXFlAx4yyLq2KRuVotRnZpJvcS2jPZtOvz9GZRTPA_cl552omjxxEUiUbt7S2qm1vhloMz3AjZLOkzKK3Sq2T5x9raP9QE8FFgtHj8XkgNU4sGG69WaJProPpy3TC-w9QzJDAh0xpjd-XnpwfybrrN1Sef9X_sQGy6VpzR94C3NKeAkgUGJiLQOSzTM3lP6b6NWnvMoaEuaTc8nPcAF4XhpK69jhv3vCJzCIct6FXYRQm99t8MYiR93j5w9tq9GXSjVORdCkCDpXKhDWFc/media?maxWidthPx=480&key=AIzaSyAc-ZJG2uARUs32SfidagTCbx4NBiRLFNU
541,Shopping Areias,lazer,shopping_mall,Parnamirim,2,4.3,-8.0913754,-34.935524799999996,https://places.googleapis.com/v1/places/ChIJOd8pkpYeqwcR15KelKnsNtk/photos/AaVGc3ljDL41h0a_kzjg5DASGLbZWotrr7TGsWq4TtSYCb9j_u1b5UbaRXlyig4Sh5KjQTcWYc3EorZo_dgL1hngf1CrXEqUKNoql01yAHGIhLtnN6n0J-mbBCokg0jnu95yJwYzUVdiL_1MnSHSso5yetPxNEv_Cyp6n6rM5GylBtjUeKqoUzgUqkLbYltxV36nk8_i7K-yBdUJc8Ycm1qhcaCPAc_pwITo_LPRJn4CikiBc57u9pPNU0dA0HpDjn6pT_f5LMUS1zDNCClkeU06iqf7uuyHDe3ltcZtZaKoTlexRNL-pQJKPyS4aUes6gU87tzdoKO48qNKeOYwrGMWXeKTsF_PKMrUxW1Ep0keTQS9N0yPxe2zRA4hqDqHhEp4zc90Ol9zhmglx5mJJWZF2Xp-5vGvGvALCf6T7tOcjV4/media?maxWidthPx=480&key=AIzaSyAc-ZJG2uARUs32SfidagTCbx4NBiRLFNU
542,Praça do Mangue,lazer,park,Parnamirim,2,4.3,-8.0851997,-34.916595,https://places.googleapis.com/v1/places/ChIJO_2T4wYfqwcRLzKl6y-Fl6E/photos/AaVGc3lUlZKOu2cKplKwDPoc2-71yUGltl7ssteOB5sZtUxRpeRsY-x0q4Rz4XotgPpA90oyVwPoxazU4aS3gOWFIUPuEhe0HGQ8IASkqCxQRZQ4cB8wDDsoezohJEeqdGTTt6MX0T42Z2DLxPZnH011kiZiQ4KKCMHgjMCroCrAw2eoOWmymLt-Kp6_bFo7EyukOT8p3dSAjnbQ5sG6mg0o9Y2eWkPll8wVOBduSQ6kelPZ9BvOjKaoIVXcDDU1DY7SUT9PrCppjL7t5RSjlhTu6Bb1ZFh8G4rGm9qjV_Mahv9vAa7w9nMTYIho66MUPSthgyij_yry0caNAertwlBaTr6YTg0xKkj-tUpAdp-UE18wrp56UiEU6y-7QZKtV7AfF-wD-fiIeE5azK1Ihlce8vM2b8de8zuGX4UObfCayH3I9Era/media?maxWidthPx=480&key=AIzaSyAc-ZJG2uARUs32SfidagTCbx4NBiRLFNU
543,Jiquiá Park,lazer,park,Parnamirim,2,4.2,-8.0789282,-34.9272311,https://places.googleapis.com/v1/places/ChIJBfH1bMgeqwcRyWmSg2nUgF0/photos/AaVGc3mcgXis4ikLcJcYbqXTGRo0-ZPX7eFO5lD1boqLaq-lMIgzL6aBbSkml37VQU-NefZcUe_SA_r2D9nkp7NJkdFZ_hnsgXt9lZNiI_R_luPpm13hdHnyMuYfjlJLgw23rtBHybrv0K2R5-a0-AgKD-FczVl9UeOZj3tbcyeXa5h7suOt2tGaiQLvw4mKyPQG6Vrlw3HIYjmHXcDZGdXzsBqZv_H7aPHBr_IxXJPCvFYRVPlTUtQycQxkzxQMvrqC9XWRS50-fnN6XO9ICJLtPg3_uVW5pRmhpSpwkbJckukJAGjVsZwuz7ljmBCaj3En8kQTkm51TtST5uZLNA5oVOTXICqe9xaQ4ApIneYLHjd6P43sUflyCHa_bTg-d3U1qzwPRxO5kLa5i4Uq04kLu4Tn4rg1Uqn9N3QMsie456A/media?maxWidthPx=480&key=AIzaSyAc-ZJG2uARUs32SfidagTCbx4NBiRLFNU
544,Praça Manfredo Nigro,lazer,park,Parnamirim,2,4.2,-8.0944947,-34.9333035,
545,Praça Eduardo Cardoso,lazer,park,Parnamirim,2,4.3,-8.096500899999999,-34.9312031,https://places.googleapis.com/v1/places/ChIJhWae95IeqwcRQA7qeBoDN7U/photos/AaVGc3k4mxBjXETUMVOE21qGVEHzDyfnun6eMuJHA9i_RFPSAOVx9-hHWMJx5ZY73GVnQma1jB8Et_XQvPAsP9UcLwJmid0v26sH75qsqWaGBKPkqjJuI0Li3FNqA5esO0EEbCFaoERSH9Hi0RJoqrxc36feZpIjlYl7wOvJDqfmLRc-vYkRJhb3nLEtHRPszO2Vwmv6ucE61dqVhXMgDG89NbL0upVIXlxX_HkJyi-00fv0mLz3GGX1FLFXvI19bug5_w56WrFzFA5dnfUEAAeKBr2MZ7d41LwG0oVu7PHrSVL6dIqphDlQXX5Mc8YZezh2wyD_AKViiKZhxFp7DKOq_pptT21vOt1EgS-XkiuTWTWUE79pS7Mskv4JrLGeRVQcxrJoJ2wGl1OwqWfZJfITmVySJx6o1Odmf9nFaEuFm2YKv6I/media?maxWidthPx=480&key=AIzaSyAc-ZJG2uARUs32SfidagTCbx4NBiRLFNU
546,Galeria Margarida,lazer,shopping_mall,Parnamirim,2,4.1,-8.0858851,-34.929886499999995,https://places.googleapis.com/v1/places/ChIJ5YCYbL8eqwcRpJuyY-nAfWU/photos/AaVGc3lZMf5pWfLOX6Z2JJRv7ukPaQ7QsMGQwN70SM-s5Pi5jqAgOPb3VxwM7wm_sXZ-wC7rvdCVBVlPg1aUlczn5EH7rsUuIwsKj1zoA7bU5w3g1EW-TvC3T4Ob_RZVkxpWdLVXeXnSaBhqLV7CMwZ6e8UY4yUiL2FYjK9sAdCMJNnKbVRx3TRHm5kjuhAHh0Sdddg4F2Bmgqjb93Lfk9E8TFHjlpxgoQUVtLi0bqlKWIuTVBrVGwhYrVQI_Y8z6M7hpSyFoJjWhlli1XGZg08GfQEzRIMeVRcX-I8KICqyieqJfCbyIc638hHHTibtkw35oU-vfvRjGOa_HfACkPNLIKw-8GQy1x-nH_gDTrk0854DG93Av2tiMX1m6eFLrnF_EpDwN9AcZc__DG4dLBx7WnstyTFAkll41FmS6LW-AUs/media?maxWidthPx=480&key=AIzaSyAc-ZJG2uARUs32SfidagTCbx4NBiRLFNU
547,Praça da Estância,lazer,park,Parnamirim,2,5.0,-8.089305699999999,-34.9265906,
548,Praça do Tourão,lazer,park,Parnamirim,2,4.4,-8.0928235,-34.925415,
549,Praça José Cecílio de Lira,lazer,city_park,Parnamirim,2,4.6,-8.0941843,-34.9333366,https://places.googleapis.com/v1/places/ChIJ82q4uWcfqwcRmUTClW1gvQY/photos/AaVGc3kTf2LBcW53duzefE_pGBFQ1aengAK9kxFcknFRwn0-6AZlmIbJ-Pk-bCxLZuDx98d6kBd--9OVFQS8GDE0GeaApJRUouD0nzV2-fVCQc9_4j9tidD9yW3voAgwc-KK8ZrFNK51RPGFXQhsJYF-5G-9Dmdii678pj5mt8t704kOwEQohkyzGomWkT44j2YIJKnMSQ0WeYiazO4W94EOAjLHgBo2WzLPasIc9tO9VHWN9lJwf3L1XGzcWa8teCSthlyfcUtao77RTd1SGg4J0nLleUR3HJCO4n9mXjDIoSnnRM7kM3Z5FkJMwKvMXbFXoRC1IzugX-iv2_sC5wLdLG1DgQM3s1LeZgSh8xcdL-GH43k29cT-3eIGwSR6CANTK7Fud9EjNbUjJYkfyZer_5n3sgZ2CoiA7bOwObzFwnq_dQ/media?maxWidthPx=480&key=AIzaSyAc-ZJG2uARUs32SfidagTCbx4NBiRLFNU
550,Praça do Terminal,lazer,park,Parnamirim,2,4.4,-8.094506400000002,-34.9240916,
551,Festival de pipas noturno segunda feira,lazer,park,Parnamirim,2,5.0,-8.0764397,-34.924894099999996,
552,PRAÇA JULIETE MOURA,lazer,park,Parnamirim,2,4.4,-8.086184099999999,-34.932511,
553,Tempo Com Deus,lazer,wildlife_refuge,Parnamirim,2,4.4,-8.0892084,-34.9295142,https://places.googleapis.com/v1/places/ChIJq6r6WJUeqwcRShsvxiQ6zW0/photos/AaVGc3mUtlY9FWcqVqft0VM1QRsc4IeqwADhSGp0IEE_1PVuAOVcp1-Likfrf7mf2rolIk0mAALj5rwGNd2RGTjz0qtMLO2U1DXtDItwRhXRZfahURqBvZu6vTqnB4xM3ku81B9Oxe-wh8SIYh6RtAsSfs95bQhN_FhVMeAPeu2Ie_H0TB1uh6m1nxIKxBw_vMvYyFAF7DI3rXccyvQVz9rEGfXRIe14FOwMTsl5uUNbq1fISh7WfiVTzjXA3-jHSsQ4UgpEZSKddqqp2RefyD52wXE6YXxw2mpO4N2en9A4E5hrHb9T1HCPqlm4yX_7Jaq2Fq7l5hbwb6ti0wy2FrtWMKKfDSfqvv30c3vlZsSPSMNwSDaCCDJT88bHLcHXGwn8vjXUcplq9X-2kmn4parHpFOXSZfKwHwIRS7I6KCt9_ZHtRc/media?maxWidthPx=480&key=AIzaSyAc-ZJG2uARUs32SfidagTCbx4NBiRLFNU
554,UCN Jiquiá,lazer,park,Parnamirim,2,5.0,-8.0940463,-34.9201512,
555,Praça do Kapinhas,lazer,park,Parnamirim,2,5.0,-8.084412,-34.9243543,https://places.googleapis.com/v1/places/ChIJ2yYLGQAfqwcRGfbKH-iQLiw/photos/AaVGc3mqY-8L4ujrDM6ePVFYm_E5o7BNxEth4kR1eIWzdbnHzeOcUYupNqtgw9qfiVTRSDSXHPg3LKFfIJhIBCD4XPk-L7fI1Tw1b_eR-MF38o2VIzhBOQ42rG0ceC-0kP87LYAFCkTY0ZTvno5sfkuMwRzki9xqMUM8QHXGiFOpTvApXBpsCa8oq6sl5ItTNISBBI94kNZxQ1W4A34xuK51mMswkzROBhIP-iPOuPZmAWfJPwScBTT21aZHg9m88HhaFzfCIm2-zzTtDRniFZUclWhigt0oWX8OBJLXCzYpZ-3n_55M1rQoV2tnQjLjSIPaAeI_v3yyeh4WNzty69UpwDgImyKfcHXeAculb-6hJToajftKOFUzylYKs_DlrY2tK0vgeWNxNcdG8i1v42E4BcPk-qfY_opbYXop8oBx8Sfm87U/media?maxWidthPx=480&key=AIzaSyAc-ZJG2uARUs32SfidagTCbx4NBiRLFNU
556,Gemima Sotero,lazer,lounge_bar,Parnamirim,2,5.0,-8.0824788,-34.9134758,
557,Torre de Atracação do Graf Zeppelin,cultura,museum,Parnamirim,2,4.6,-8.0784175,-34.926340499999995,https://places.googleapis.com/v1/places/ChIJz2HxUMgeqwcRZTSnwKJ5d4Q/photos/AaVGc3l_GKHscbPKZ0v_qXyBcOgJah8IhJVUTQMcmWf9hL9tdjCh79EH9_SQY-zCug0xsbOVpIVeW4F9faGXUS4j5lWaCNTsh1xwXBoCkxprqxIkphfcAyqUO1rv3HRpSmzEjtfrPdGHrBRh_NOtiqveQ7k3Cno70cnBoJOU2ZCGkXuad4luil8sWjEYpyEzfjKlJJtZWE1czokBCS1JwIxHrSh8n-spwg12lD1UdgwAZtct4Bq6I3JgsllzYa-PwOFMw_sP4O4JpS1HkCChCHxJf1UwwpI_mnLqfQkYVFVGUTw9eXF466owcnv0pabbsahtRg3CbIImXOXj0V4x64cwad-BWBw9sCLf6IV8wyFMxLLU9FC_ygOJLjjBOc6Q5lwPU-PyGi3cPociGMrLCeKQSWU9LHUBCdKLJc5IPg/media?maxWidthPx=480&key=AIzaSyAc-ZJG2uARUs32SfidagTCbx4NBiRLFNU
558,Ateliê JoazSilva,cultura,art_studio,Parnamirim,2,5.0,-8.0845368,-34.9282089,https://places.googleapis.com/v1/places/ChIJ169yd4AfqwcRfgGXspP04as/photos/AaVGc3m9uB_yrnG14ORhGdsflM9QGXwaX83PVLKWxpkl1EQOQTcA_XtMp7EBclbRdOCdkUHP1Ej705M0Zr63_WWZ8JUWZsOkfqC2bwVEDFGK91b_1pVEPn2wXrBNGVigZN-vpaV7yEA7FzsJVwGghzclmNyDUBwMS1OXejev96uSdQoHwJldmOdNHWMFf596UKI5roUb5q1TJgK8D7FRB8sxEcOe9CY_62HfA8sAB3cQUMsiWNmhOQkcGZExX0Vx5smD-LYsgF2rOaW59WV87hWKfSr_XzpxQ9YloleK5d2vDIOXyLsxhrTAU9Qt0ffDaZXzsi4e-IT99Nxu1fyV7e0yplMSu4_PRN-KafA3Shq_vpvL9d2mbZ_fXUU1P5bjy227mw-0G3bhTJobffp9gw3lfSGOcprUg1B2DnxPQ_LRsOBXtNgS3gMYAqkTMbKhCMjv/media?maxWidthPx=480&key=AIzaSyAc-ZJG2uARUs32SfidagTCbx4NBiRLFNU
559,Karavanas,cultura,tourist_attraction,Parnamirim,2,4.7,-8.089323199999999,-34.925258,
